course_id,course_name,department,description,learning_objectives,competencies,related_jobs,related_interests,grade_level,semester,difficulty,prerequisites,credit,is_available,catalog_source,source_course_id,academic_years,offered_semesters,offering_departments,offering_department_codes,grade_levels,course_area,class_method,course_type,ncs_type,cross_department_status,online_status,recommendation_basis,prerequisite_status,completion_data_status,registration_check_required,master_match_method,linked_master_course_id
A305,3D콘텐츠제작,AI기반XR시뮬레이션콘텐츠,AA,,,,,1,1,원본 미제공,,3,True,actual_course_offerings_2026,A305,2026,1|2,AI기반XR시뮬레이션콘텐츠,30901009,1,전공,대면,일반교과,자율과목,allowed,offline,교과목명·개설학과·교과구분·NCS·학년·학점·수업방식,원본 미제공,synthetic 학생 이수정보와 미연결,True,code,A305
A307,AI기반메타스페이스콘텐츠제작,AI기반XR시뮬레이션콘텐츠,AA,,,,,2,1,원본 미제공,,3,True,actual_course_offerings_2026,A307,2026,1|2,AI기반XR시뮬레이션콘텐츠,30900971,2,전공,대면,일반교과,자율과목,allowed,offline,교과목명·개설학과·교과구분·NCS·학년·학점·수업방식,원본 미제공,synthetic 학생 이수정보와 미연결,True,code,A307
A318,R&DLAB,AI기반XR시뮬레이션콘텐츠,AA,,,,,2,2,원본 미제공,,3,True,actual_course_offerings_2026,A318,2026,2,AI기반XR시뮬레이션콘텐츠,30900971,2,전공,대면,일반교과,자율과목,allowed,offline,교과목명·개설학과·교과구분·NCS·학년·학점·수업방식,원본 미제공,synthetic 학생 이수정보와 미연결,True,code,A318
A317,XR시뮬레이션기반가상LAB,AI기반XR시뮬레이션콘텐츠,AA,,,,,2,1,원본 미제공,,3,True,actual_course_offerings_2026,A317,2026,1|2,AI기반XR시뮬레이션콘텐츠,30900971,2,전공,대면,일반교과,자율과목,allowed,offline,교과목명·개설학과·교과구분·NCS·학년·학점·수업방식,원본 미제공,synthetic 학생 이수정보와 미연결,True,code,A317
A306,실감(AR/VR)영상콘텐츠제작,AI기반XR시뮬레이션콘텐츠,AA,,,,,1,1,원본 미제공,,3,True,actual_course_offerings_2026,A306,2026,1,AI기반XR시뮬레이션콘텐츠,30901009,1,전공,대면,일반교과,자율과목,allowed,offline,교과목명·개설학과·교과구분·NCS·학년·학점·수업방식,원본 미제공,synthetic 학생 이수정보와 미연결,True,code,A306
A316,실감형콘텐츠융합프로젝트,AI기반XR시뮬레이션콘텐츠,AA,,,,,2,2,원본 미제공,,3,True,actual_course_offerings_2026,A316,2026,2,AI기반XR시뮬레이션콘텐츠,30900971,2,전공,대면,일반교과,자율과목,allowed,offline,교과목명·개설학과·교과구분·NCS·학년·학점·수업방식,원본 미제공,synthetic 학생 이수정보와 미연결,True,code,A316
A304,연구및기술개발방법론과연구윤리,AI기반XR시뮬레이션콘텐츠,AA,,,,,1,1,원본 미제공,,3,True,actual_course_offerings_2026,A304,2026,1|2,AI기반XR시뮬레이션콘텐츠,30901009,1,전공,원격,제작콘텐츠,자율과목,allowed,offline,교과목명·개설학과·교과구분·NCS·학년·학점·수업방식,원본 미제공,synthetic 학생 이수정보와 미연결,True,code,A304
A308,인터렉티브콘텐츠제작,AI기반XR시뮬레이션콘텐츠,AA,,,,,1,1,원본 미제공,,3,True,actual_course_offerings_2026,A308,2026,1,AI기반XR시뮬레이션콘텐츠,30901009,1,전공,대면,일반교과,자율과목,allowed,offline,교과목명·개설학과·교과구분·NCS·학년·학점·수업방식,원본 미제공,synthetic 학생 이수정보와 미연결,True,code,A308
G395,AI와환자안전,간호학과,개설학과 간호학과 · 영역 전공 · 교과목 구분 일반교과 · 수업방식 대면 · NCS 구분 자율과목,,,,,4,2,원본 미제공,,2,True,actual_course_offerings_2026,G395,2026,2,간호학과,30100100,4,전공,대면,일반교과,자율과목,allowed,offline,교과목명·개설학과·교과구분·NCS·학년·학점·수업방식,원본 미제공,synthetic 학생 이수정보와 미연결,True,code,G395
C475,간호과정과비판적사고,간호학과,개설학과 간호학과 · 영역 전공 · 교과목 구분 제작콘텐츠 · 수업방식 원격 · NCS 구분 자율과목,,,,,2,1,원본 미제공,,2,True,actual_course_offerings_2026,C475,2026,1,간호학과,30100100,2,전공,원격,제작콘텐츠,자율과목,allowed,offline,교과목명·개설학과·교과구분·NCS·학년·학점·수업방식,원본 미제공,synthetic 학생 이수정보와 미연결,True,none,
2061,간호관리학(1),간호학과,개설학과 간호학과 · 영역 전공 · 교과목 구분 일반교과 · 수업방식 대면 · NCS 구분 자율과목,,,,,3,2,원본 미제공,,1,True,actual_course_offerings_2026,2061,2026,2,간호학과,30100100,3,전공,대면,일반교과,자율과목,allowed,offline,교과목명·개설학과·교과구분·NCS·학년·학점·수업방식,원본 미제공,synthetic 학생 이수정보와 미연결,True,none,
3252,간호관리학(2),간호학과,개설학과 간호학과 · 영역 전공 · 교과목 구분 일반교과 · 수업방식 대면 · NCS 구분 자율과목,,,,,4,1,원본 미제공,,2,True,actual_course_offerings_2026,3252,2026,1,간호학과,30100100,4,전공,대면,일반교과,자율과목,allowed,offline,교과목명·개설학과·교과구분·NCS·학년·학점·수업방식,원본 미제공,synthetic 학생 이수정보와 미연결,True,none,
B350,간호관리학실습,간호학과,개설학과 간호학과 · 영역 전공 · 교과목 구분 현장실습 · 수업방식 대면 · NCS 구분 자율과목,,,,,4,2,원본 미제공,,2,True,actual_course_offerings_2026,B350,2026,2,간호학과,30100100,4,전공,대면,현장실습,자율과목,allowed,offline,교과목명·개설학과·교과구분·NCS·학년·학점·수업방식,원본 미제공,synthetic 학생 이수정보와 미연결,True,none,
G823,간호연구1,간호학과,개설학과 간호학과 · 영역 전공 · 교과목 구분 일반교과 · 수업방식 대면 · NCS 구분 자율과목,,,,,3,2,원본 미제공,,2,True,actual_course_offerings_2026,G823,2026,2,간호학과,30100100,3,전공,대면,일반교과,자율과목,allowed,offline,교과목명·개설학과·교과구분·NCS·학년·학점·수업방식,원본 미제공,synthetic 학생 이수정보와 미연결,True,code,G823
G824,간호연구2,간호학과,개설학과 간호학과 · 영역 전공 · 교과목 구분 일반교과 · 수업방식 대면 · NCS 구분 자율과목,,,,,4,1,원본 미제공,,2,True,actual_course_offerings_2026,G824,2026,1,간호학과,30100100,4,전공,대면,일반교과,자율과목,allowed,offline,교과목명·개설학과·교과구분·NCS·학년·학점·수업방식,원본 미제공,synthetic 학생 이수정보와 미연결,True,code,G824
E635,간호윤리,간호학과,개설학과 간호학과 · 영역 전공 · 교과목 구분 일반교과 · 수업방식 대면 · NCS 구분 자율과목,,,,,2,2,원본 미제공,,2,True,actual_course_offerings_2026,E635,2026,2,간호학과,30100100,2,전공,대면,일반교과,자율과목,allowed,offline,교과목명·개설학과·교과구분·NCS·학년·학점·수업방식,원본 미제공,synthetic 학생 이수정보와 미연결,True,code,E635
A029,간호특론,간호학과,개설학과 간호학과 · 영역 전공 · 교과목 구분 일반교과 · 수업방식 원격 · NCS 구분 자율과목,,,,,4,2,원본 미제공,,1,True,actual_course_offerings_2026,A029,2026,2,간호학과,30100100,4,전공,원격,일반교과,자율과목,allowed,offline,교과목명·개설학과·교과구분·NCS·학년·학점·수업방식,원본 미제공,synthetic 학생 이수정보와 미연결,True,none,
2090,간호학개론,간호학과,개설학과 간호학과 · 영역 전공 · 교과목 구분 일반교과 · 수업방식 대면 · NCS 구분 자율과목,,,,,1,1,원본 미제공,,2,True,actual_course_offerings_2026,2090,2026,1,간호학과,30100100,1,전공,대면,일반교과,자율과목,allowed,offline,교과목명·개설학과·교과구분·NCS·학년·학점·수업방식,원본 미제공,synthetic 학생 이수정보와 미연결,True,name,F375
H041,간호현장탐색,간호학과,개설학과 간호학과 · 영역 전공 · 교과목 구분 일반교과 · 수업방식 대면 · NCS 구분 자율과목,,,,,4,1,원본 미제공,,1,True,actual_course_offerings_2026,H041,2026,1,간호학과,30100100,4,전공,대면,일반교과,자율과목,allowed,offline,교과목명·개설학과·교과구분·NCS·학년·학점·수업방식,원본 미제공,synthetic 학생 이수정보와 미연결,True,code,H041
C467,감염관리와미생물학,간호학과,개설학과 간호학과 · 영역 전공 · 교과목 구분 제작콘텐츠 · 수업방식 대면 · NCS 구분 자율과목,,,,,1,2,원본 미제공,,2,True,actual_course_offerings_2026,C467,2026,2,간호학과,30100100,1,전공,대면,제작콘텐츠,자율과목,allowed,offline,교과목명·개설학과·교과구분·NCS·학년·학점·수업방식,원본 미제공,synthetic 학생 이수정보와 미연결,True,none,
F652,건강과영양,간호학과,개설학과 간호학과 · 영역 전공 · 교과목 구분 일반교과 · 수업방식 원격 · NCS 구분 자율과목,,,,,2,2,원본 미제공,,2,True,actual_course_offerings_2026,F652,2026,2,간호학과,30100100,2,전공,원격,일반교과,자율과목,allowed,offline,교과목명·개설학과·교과구분·NCS·학년·학점·수업방식,원본 미제공,synthetic 학생 이수정보와 미연결,True,code,F652
B485,교직실무,간호학과,개설학과 간호학과 · 영역 교직 · 교과목 구분 일반교과 · 수업방식 대면 · NCS 구분 자율과목,,,,,4,1,원본 미제공,,2,True,actual_course_offerings_2026,B485,2026,1,간호학과,30100100,4,교직,대면,일반교과,자율과목,allowed,offline,교과목명·개설학과·교과구분·NCS·학년·학점·수업방식,원본 미제공,synthetic 학생 이수정보와 미연결,True,name,G515
H042,국제보건,간호학과,개설학과 간호학과 · 영역 전공 · 교과목 구분 일반교과 · 수업방식 대면 · NCS 구분 자율과목,,,,,4,1,원본 미제공,,1,True,actual_course_offerings_2026,H042,2026,1,간호학과,30100100,4,전공,대면,일반교과,자율과목,allowed,offline,교과목명·개설학과·교과구분·NCS·학년·학점·수업방식,원본 미제공,synthetic 학생 이수정보와 미연결,True,code,H042
F648,글로벌건강과이슈,간호학과,개설학과 간호학과 · 영역 전공 · 교과목 구분 제작콘텐츠 · 수업방식 원격 · NCS 구분 자율과목,,,,,1,2,원본 미제공,,2,True,actual_course_offerings_2026,F648,2026,2,간호학과,30100100,1,전공,원격,제작콘텐츠,자율과목,allowed,offline,교과목명·개설학과·교과구분·NCS·학년·학점·수업방식,원본 미제공,synthetic 학생 이수정보와 미연결,True,code,F648
E875,기본간호학(1),간호학과,개설학과 간호학과 · 영역 전공 · 교과목 구분 일반교과 · 수업방식 대면 · NCS 구분 자율과목,,,,,2,1,원본 미제공,,2,True,actual_course_offerings_2026,E875,2026,1,간호학과,30100100,2,전공,대면,일반교과,자율과목,allowed,offline,교과목명·개설학과·교과구분·NCS·학년·학점·수업방식,원본 미제공,synthetic 학생 이수정보와 미연결,True,code,E875
C474,기본간호학(2),간호학과,전적대학 성적인정 교과목,,,,,2,2,원본 미제공,,2,True,actual_course_offerings_2026,C474,2026,2,간호학과,30100100,2,전공,대면,일반교과,자율과목,allowed,offline,교과목명·개설학과·교과구분·NCS·학년·학점·수업방식,원본 미제공,synthetic 학생 이수정보와 미연결,True,name,7999
B487,기본간호학실습(1),간호학과,개설학과 간호학과 · 영역 전공 · 교과목 구분 일반교과 · 수업방식 대면 · NCS 구분 자율과목,,,,,2,1,원본 미제공,,1,True,actual_course_offerings_2026,B487,2026,1,간호학과,30100100,2,전공,대면,일반교과,자율과목,allowed,offline,교과목명·개설학과·교과구분·NCS·학년·학점·수업방식,원본 미제공,synthetic 학생 이수정보와 미연결,True,none,
C193,기본간호학실습(2),간호학과,개설학과 간호학과 · 영역 전공 · 교과목 구분 일반교과 · 수업방식 대면 · NCS 구분 자율과목,,,,,2,2,원본 미제공,,1,True,actual_course_offerings_2026,C193,2026,2,간호학과,30100100,2,전공,대면,일반교과,자율과목,allowed,offline,교과목명·개설학과·교과구분·NCS·학년·학점·수업방식,원본 미제공,synthetic 학생 이수정보와 미연결,True,none,
G834,기초간호과학과건강사정및실습1,간호학과,개설학과 간호학과 · 영역 전공 · 교과목 구분 일반교과 · 수업방식 혼합 · NCS 구분 자율과목,,,,,1,2,원본 미제공,,2,True,actual_course_offerings_2026,G834,2026,2,간호학과,30100100,1,전공,혼합,일반교과,자율과목,allowed,offline,교과목명·개설학과·교과구분·NCS·학년·학점·수업방식,원본 미제공,synthetic 학생 이수정보와 미연결,True,code,G834
G835,기초간호과학과건강사정및실습2,간호학과,개설학과 간호학과 · 영역 전공 · 교과목 구분 일반교과 · 수업방식 혼합 · NCS 구분 자율과목,,,,,2,1,원본 미제공,,3,True,actual_course_offerings_2026,G835,2026,1,간호학과,30100100,2,전공,혼합,일반교과,자율과목,allowed,offline,교과목명·개설학과·교과구분·NCS·학년·학점·수업방식,원본 미제공,synthetic 학생 이수정보와 미연결,True,code,G835
C326,노인간호학,간호학과,개설학과 간호학과 · 영역 전공 · 교과목 구분 일반교과 · 수업방식 대면 · NCS 구분 자율과목,,,,,2,2,원본 미제공,,2,True,actual_course_offerings_2026,C326,2026,2,간호학과,30100100,2,전공,대면,일반교과,자율과목,allowed,offline,교과목명·개설학과·교과구분·NCS·학년·학점·수업방식,원본 미제공,synthetic 학생 이수정보와 미연결,True,none,
B493,노인간호학실습,간호학과,개설학과 간호학과 · 영역 전공 · 교과목 구분 현장실습 · 수업방식 대면 · NCS 구분 자율과목,,,,,3,1,원본 미제공,,2,True,actual_course_offerings_2026,B493,2026,1,간호학과,30100100,3,전공,대면,현장실습,자율과목,allowed,offline,교과목명·개설학과·교과구분·NCS·학년·학점·수업방식,원본 미제공,synthetic 학생 이수정보와 미연결,True,none,
C308,병리학,간호학과,개설학과 간호학과 · 영역 전공 · 교과목 구분 일반교과 · 수업방식 대면 · NCS 구분 자율과목,,,,,2,1,원본 미제공,,2,True,actual_course_offerings_2026,C308,2026,1,간호학과,30100100,2,전공,대면,일반교과,자율과목,allowed,offline,교과목명·개설학과·교과구분·NCS·학년·학점·수업방식,원본 미제공,synthetic 학생 이수정보와 미연결,True,none,
F817,보건교육학,간호학과,개설학과 간호학과 · 영역 전공 · 교과목 구분 일반교과 · 수업방식 대면 · NCS 구분 자율과목,,,,,3,1,원본 미제공,,2,True,actual_course_offerings_2026,F817,2026,1,간호학과,30100100,3,전공,대면,일반교과,자율과목,allowed,offline,교과목명·개설학과·교과구분·NCS·학년·학점·수업방식,원본 미제공,synthetic 학생 이수정보와 미연결,True,code,F817
T010,사회봉사활동,간호학과,개설학과 간호학과 · 영역 교양 · 교과목 구분 사회봉사 · 수업방식 대면 · NCS 구분 자율과목,,,,,4,2,원본 미제공,,1,True,actual_course_offerings_2026,T010,2026,2,간호학과,30100100,4,교양,대면,사회봉사,자율과목,allowed,offline,교과목명·개설학과·교과구분·NCS·학년·학점·수업방식,원본 미제공,synthetic 학생 이수정보와 미연결,True,name,F922
U981,성인간호학(1),간호학과,개설학과 간호학과 · 영역 전공 · 교과목 구분 일반교과 · 수업방식 대면 · NCS 구분 자율과목,,,,,2,2,원본 미제공,,3,True,actual_course_offerings_2026,U981,2026,2,간호학과,30100100,2,전공,대면,일반교과,자율과목,allowed,offline,교과목명·개설학과·교과구분·NCS·학년·학점·수업방식,원본 미제공,synthetic 학생 이수정보와 미연결,True,none,
U982,성인간호학(2),간호학과,개설학과 간호학과 · 영역 전공 · 교과목 구분 일반교과 · 수업방식 대면 · NCS 구분 자율과목,,,,,3,1,원본 미제공,,3,True,actual_course_offerings_2026,U982,2026,1,간호학과,30100100,3,전공,대면,일반교과,자율과목,allowed,offline,교과목명·개설학과·교과구분·NCS·학년·학점·수업방식,원본 미제공,synthetic 학생 이수정보와 미연결,True,none,
2473,성인간호학(3),간호학과,개설학과 간호학과 · 영역 전공 · 교과목 구분 일반교과 · 수업방식 대면 · NCS 구분 자율과목,,,,,3,2,원본 미제공,,2,True,actual_course_offerings_2026,2473,2026,2,간호학과,30100100,3,전공,대면,일반교과,자율과목,allowed,offline,교과목명·개설학과·교과구분·NCS·학년·학점·수업방식,원본 미제공,synthetic 학생 이수정보와 미연결,True,none,
2474,성인간호학(4),간호학과,개설학과 간호학과 · 영역 전공 · 교과목 구분 일반교과 · 수업방식 대면 · NCS 구분 자율과목,,,,,4,1,원본 미제공,,2,True,actual_course_offerings_2026,2474,2026,1,간호학과,30100100,4,전공,대면,일반교과,자율과목,allowed,offline,교과목명·개설학과·교과구분·NCS·학년·학점·수업방식,원본 미제공,synthetic 학생 이수정보와 미연결,True,none,
2481,성인간호학실습(1),간호학과,개설학과 간호학과 · 영역 전공 · 교과목 구분 현장실습 · 수업방식 대면 · NCS 구분 자율과목,,,,,3,1,원본 미제공,,2,True,actual_course_offerings_2026,2481,2026,1,간호학과,30100100,3,전공,대면,현장실습,자율과목,allowed,offline,교과목명·개설학과·교과구분·NCS·학년·학점·수업방식,원본 미제공,synthetic 학생 이수정보와 미연결,True,none,
2482,성인간호학실습(2),간호학과,개설학과 간호학과 · 영역 전공 · 교과목 구분 현장실습 · 수업방식 대면 · NCS 구분 자율과목,,,,,3,2,원본 미제공,,2,True,actual_course_offerings_2026,2482,2026,2,간호학과,30100100,3,전공,대면,현장실습,자율과목,allowed,offline,교과목명·개설학과·교과구분·NCS·학년·학점·수업방식,원본 미제공,synthetic 학생 이수정보와 미연결,True,none,
U063,성인간호학실습(3),간호학과,개설학과 간호학과 · 영역 전공 · 교과목 구분 현장실습 · 수업방식 대면 · NCS 구분 자율과목,,,,,4,1,원본 미제공,,2,True,actual_course_offerings_2026,U063,2026,1,간호학과,30100100,4,전공,대면,현장실습,자율과목,allowed,offline,교과목명·개설학과·교과구분·NCS·학년·학점·수업방식,원본 미제공,synthetic 학생 이수정보와 미연결,True,none,
C461,성장과발달,간호학과,개설학과 간호학과 · 영역 전공 · 교과목 구분 일반교과 · 수업방식 대면 · NCS 구분 자율과목,,,,,1,1,원본 미제공,,2,True,actual_course_offerings_2026,C461,2026,1,간호학과,30100100,1,전공,대면,일반교과,자율과목,allowed,offline,교과목명·개설학과·교과구분·NCS·학년·학점·수업방식,원본 미제공,synthetic 학생 이수정보와 미연결,True,none,
G825,시뮬레이션선택실습,간호학과,개설학과 간호학과 · 영역 전공 · 교과목 구분 일반교과 · 수업방식 대면 · NCS 구분 자율과목,,,,,4,1,원본 미제공,,1,True,actual_course_offerings_2026,G825,2026,1,간호학과,30100100,4,전공,대면,일반교과,자율과목,allowed,offline,교과목명·개설학과·교과구분·NCS·학년·학점·수업방식,원본 미제공,synthetic 학생 이수정보와 미연결,True,code,G825
F659,시뮬레이션종합실습,간호학과,개설학과 간호학과 · 영역 전공 · 교과목 구분 일반교과 · 수업방식 대면 · NCS 구분 자율과목,,,,,4,2,원본 미제공,,1,True,actual_course_offerings_2026,F659,2026,2,간호학과,30100100,4,전공,대면,일반교과,자율과목,allowed,offline,교과목명·개설학과·교과구분·NCS·학년·학점·수업방식,원본 미제공,synthetic 학생 이수정보와 미연결,True,code,F659
2531,아동간호학(1),간호학과,개설학과 간호학과 · 영역 전공 · 교과목 구분 일반교과 · 수업방식 대면 · NCS 구분 자율과목,,,,,2,2,원본 미제공,,1,True,actual_course_offerings_2026,2531,2026,2,간호학과,30100100,2,전공,대면,일반교과,자율과목,allowed,offline,교과목명·개설학과·교과구분·NCS·학년·학점·수업방식,원본 미제공,synthetic 학생 이수정보와 미연결,True,none,
B503,아동간호학(2),간호학과,개설학과 간호학과 · 영역 전공 · 교과목 구분 일반교과 · 수업방식 대면 · NCS 구분 자율과목,,,,,3,1,원본 미제공,,2,True,actual_course_offerings_2026,B503,2026,1,간호학과,30100100,3,전공,대면,일반교과,자율과목,allowed,offline,교과목명·개설학과·교과구분·NCS·학년·학점·수업방식,원본 미제공,synthetic 학생 이수정보와 미연결,True,none,
2533,아동간호학(3),간호학과,개설학과 간호학과 · 영역 전공 · 교과목 구분 일반교과 · 수업방식 대면 · NCS 구분 자율과목,,,,,3,2,원본 미제공,,1,True,actual_course_offerings_2026,2533,2026,2,간호학과,30100100,3,전공,대면,일반교과,자율과목,allowed,offline,교과목명·개설학과·교과구분·NCS·학년·학점·수업방식,원본 미제공,synthetic 학생 이수정보와 미연결,True,none,
G853,여성건강간호학1,간호학과,개설학과 간호학과 · 영역 전공 · 교과목 구분 일반교과 · 수업방식 대면 · NCS 구분 자율과목,,,,,2,2,원본 미제공,,1,True,actual_course_offerings_2026,G853,2026,2,간호학과,30100100,2,전공,대면,일반교과,자율과목,allowed,offline,교과목명·개설학과·교과구분·NCS·학년·학점·수업방식,원본 미제공,synthetic 학생 이수정보와 미연결,True,code,G853
G854,여성건강간호학2,간호학과,개설학과 간호학과 · 영역 전공 · 교과목 구분 일반교과 · 수업방식 대면 · NCS 구분 자율과목,,,,,3,1,원본 미제공,,2,True,actual_course_offerings_2026,G854,2026,1,간호학과,30100100,3,전공,대면,일반교과,자율과목,allowed,offline,교과목명·개설학과·교과구분·NCS·학년·학점·수업방식,원본 미제공,synthetic 학생 이수정보와 미연결,True,code,G854
G852,여성건강간호학3,간호학과,개설학과 간호학과 · 영역 전공 · 교과목 구분 일반교과 · 수업방식 대면 · NCS 구분 자율과목,,,,,3,2,원본 미제공,,1,True,actual_course_offerings_2026,G852,2026,2,간호학과,30100100,3,전공,대면,일반교과,자율과목,allowed,offline,교과목명·개설학과·교과구분·NCS·학년·학점·수업방식,원본 미제공,synthetic 학생 이수정보와 미연결,True,code,G852
E731,여성과아동의건강증진,간호학과,개설학과 간호학과 · 영역 전공 · 교과목 구분 일반교과 · 수업방식 대면 · NCS 구분 자율과목,,,,,4,2,원본 미제공,,2,True,actual_course_offerings_2026,E731,2026,2,간호학과,30100100,4,전공,대면,일반교과,자율과목,allowed,offline,교과목명·개설학과·교과구분·NCS·학년·학점·수업방식,원본 미제공,synthetic 학생 이수정보와 미연결,True,code,E731
G826,응급및재난간호,간호학과,개설학과 간호학과 · 영역 전공 · 교과목 구분 일반교과 · 수업방식 대면 · NCS 구분 자율과목,,,,,4,2,원본 미제공,,2,True,actual_course_offerings_2026,G826,2026,2,간호학과,30100100,4,전공,대면,일반교과,자율과목,allowed,offline,교과목명·개설학과·교과구분·NCS·학년·학점·수업방식,원본 미제공,synthetic 학생 이수정보와 미연결,True,code,G826
2740,의료법규,간호학과,개설학과 간호학과 · 영역 전공 · 교과목 구분 일반교과 · 수업방식 대면 · NCS 구분 자율과목,,,,,4,2,원본 미제공,,2,True,actual_course_offerings_2026,2740,2026,2,간호학과,30100100,4,전공,대면,일반교과,자율과목,allowed,offline,교과목명·개설학과·교과구분·NCS·학년·학점·수업방식,원본 미제공,synthetic 학생 이수정보와 미연결,True,none,
C463,의사소통론,간호학과,개설학과 간호학과 · 영역 전공 · 교과목 구분 제작콘텐츠 · 수업방식 대면 · NCS 구분 자율과목,,,,,1,2,원본 미제공,,2,True,actual_course_offerings_2026,C463,2026,2,간호학과,30100100,1,전공,대면,제작콘텐츠,자율과목,allowed,offline,교과목명·개설학과·교과구분·NCS·학년·학점·수업방식,원본 미제공,synthetic 학생 이수정보와 미연결,True,none,
F647,인간심리의이해,간호학과,개설학과 간호학과 · 영역 전공 · 교과목 구분 일반교과 · 수업방식 대면 · NCS 구분 자율과목,,,,,1,1,원본 미제공,,2,True,actual_course_offerings_2026,F647,2026,1,간호학과,30100100,1,전공,대면,일반교과,자율과목,allowed,offline,교과목명·개설학과·교과구분·NCS·학년·학점·수업방식,원본 미제공,synthetic 학생 이수정보와 미연결,True,code,F647
F655,임상선택실습1(아동),간호학과,개설학과 간호학과 · 영역 전공 · 교과목 구분 현장실습 · 수업방식 대면 · NCS 구분 자율과목,,,,,3,1,원본 미제공,,2,True,actual_course_offerings_2026,F655,2026,1,간호학과,30100100,3,전공,대면,현장실습,자율과목,allowed,offline,교과목명·개설학과·교과구분·NCS·학년·학점·수업방식,원본 미제공,synthetic 학생 이수정보와 미연결,True,code,F655
G851,임상선택실습1(여성),간호학과,개설학과 간호학과 · 영역 전공 · 교과목 구분 현장실습 · 수업방식 대면 · NCS 구분 자율과목,,,,,3,1,원본 미제공,,2,True,actual_course_offerings_2026,G851,2026,1,간호학과,30100100,3,전공,대면,현장실습,자율과목,allowed,offline,교과목명·개설학과·교과구분·NCS·학년·학점·수업방식,원본 미제공,synthetic 학생 이수정보와 미연결,True,code,G851
F656,임상선택실습2(아동),간호학과,개설학과 간호학과 · 영역 전공 · 교과목 구분 현장실습 · 수업방식 대면 · NCS 구분 자율과목,,,,,3,2,원본 미제공,,2,True,actual_course_offerings_2026,F656,2026,2,간호학과,30100100,3,전공,대면,현장실습,자율과목,allowed,offline,교과목명·개설학과·교과구분·NCS·학년·학점·수업방식,원본 미제공,synthetic 학생 이수정보와 미연결,True,code,F656
G855,임상선택실습2(여성),간호학과,개설학과 간호학과 · 영역 전공 · 교과목 구분 현장실습 · 수업방식 대면 · NCS 구분 자율과목,,,,,3,2,원본 미제공,,2,True,actual_course_offerings_2026,G855,2026,2,간호학과,30100100,3,전공,대면,현장실습,자율과목,allowed,offline,교과목명·개설학과·교과구분·NCS·학년·학점·수업방식,원본 미제공,synthetic 학생 이수정보와 미연결,True,code,G855
C306,임상약리학,간호학과,개설학과 간호학과 · 영역 전공 · 교과목 구분 일반교과 · 수업방식 대면 · NCS 구분 자율과목,,,,,2,1,원본 미제공,,2,True,actual_course_offerings_2026,C306,2026,1,간호학과,30100100,2,전공,대면,일반교과,자율과목,allowed,offline,교과목명·개설학과·교과구분·NCS·학년·학점·수업방식,원본 미제공,synthetic 학생 이수정보와 미연결,True,none,
G850,임상종합실습,간호학과,개설학과 간호학과 · 영역 전공 · 교과목 구분 현장실습 · 수업방식 대면 · NCS 구분 자율과목,,,,,4,2,원본 미제공,,2,True,actual_course_offerings_2026,G850,2026,2,간호학과,30100100,4,전공,대면,현장실습,자율과목,allowed,offline,교과목명·개설학과·교과구분·NCS·학년·학점·수업방식,원본 미제공,synthetic 학생 이수정보와 미연결,True,code,G850
G827,재가간호,간호학과,개설학과 간호학과 · 영역 전공 · 교과목 구분 일반교과 · 수업방식 대면 · NCS 구분 자율과목,,,,,4,2,원본 미제공,,2,True,actual_course_offerings_2026,G827,2026,2,간호학과,30100100,4,전공,대면,일반교과,자율과목,allowed,offline,교과목명·개설학과·교과구분·NCS·학년·학점·수업방식,원본 미제공,synthetic 학생 이수정보와 미연결,True,code,G827
C482,정신간호학(1),간호학과,개설학과 간호학과 · 영역 전공 · 교과목 구분 일반교과 · 수업방식 대면 · NCS 구분 자율과목,,,,,3,2,원본 미제공,,3,True,actual_course_offerings_2026,C482,2026,2,간호학과,30100100,3,전공,대면,일반교과,자율과목,allowed,offline,교과목명·개설학과·교과구분·NCS·학년·학점·수업방식,원본 미제공,synthetic 학생 이수정보와 미연결,True,none,
2892,정신간호학(2),간호학과,개설학과 간호학과 · 영역 전공 · 교과목 구분 일반교과 · 수업방식 대면 · NCS 구분 자율과목,,,,,4,1,원본 미제공,,2,True,actual_course_offerings_2026,2892,2026,1,간호학과,30100100,4,전공,대면,일반교과,자율과목,allowed,offline,교과목명·개설학과·교과구분·NCS·학년·학점·수업방식,원본 미제공,synthetic 학생 이수정보와 미연결,True,none,
2900,정신간호학실습,간호학과,개설학과 간호학과 · 영역 전공 · 교과목 구분 현장실습 · 수업방식 대면 · NCS 구분 자율과목,,,,,4,1,원본 미제공,,2,True,actual_course_offerings_2026,2900,2026,1,간호학과,30100100,4,전공,대면,현장실습,자율과목,allowed,offline,교과목명·개설학과·교과구분·NCS·학년·학점·수업방식,원본 미제공,synthetic 학생 이수정보와 미연결,True,none,
C471,지역사회간호학(1),간호학과,개설학과 간호학과 · 영역 전공 · 교과목 구분 일반교과 · 수업방식 대면 · NCS 구분 자율과목,,,,,3,2,원본 미제공,,3,True,actual_course_offerings_2026,C471,2026,2,간호학과,30100100,3,전공,대면,일반교과,자율과목,allowed,offline,교과목명·개설학과·교과구분·NCS·학년·학점·수업방식,원본 미제공,synthetic 학생 이수정보와 미연결,True,none,
3002,지역사회간호학(2),간호학과,개설학과 간호학과 · 영역 전공 · 교과목 구분 일반교과 · 수업방식 대면 · NCS 구분 자율과목,,,,,4,1,원본 미제공,,2,True,actual_course_offerings_2026,3002,2026,1,간호학과,30100100,4,전공,대면,일반교과,자율과목,allowed,offline,교과목명·개설학과·교과구분·NCS·학년·학점·수업방식,원본 미제공,synthetic 학생 이수정보와 미연결,True,none,
3010,지역사회간호학실습,간호학과,개설학과 간호학과 · 영역 전공 · 교과목 구분 현장실습 · 수업방식 대면 · NCS 구분 자율과목,,,,,4,1,원본 미제공,,2,True,actual_course_offerings_2026,3010,2026,1,간호학과,30100100,4,전공,대면,현장실습,자율과목,allowed,offline,교과목명·개설학과·교과구분·NCS·학년·학점·수업방식,원본 미제공,synthetic 학생 이수정보와 미연결,True,none,
F660,호스피스,간호학과,개설학과 간호학과 · 영역 전공 · 교과목 구분 일반교과 · 수업방식 대면 · NCS 구분 자율과목,,,,,4,2,원본 미제공,,2,True,actual_course_offerings_2026,F660,2026,2,간호학과,30100100,4,전공,대면,일반교과,자율과목,allowed,offline,교과목명·개설학과·교과구분·NCS·학년·학점·수업방식,원본 미제공,synthetic 학생 이수정보와 미연결,True,code,F660
C654,강구조응용실무,건설환경공학과,개설학과 건설환경공학과 · 영역 전공 · 교과목 구분 일반교과 · 수업방식 대면 · NCS 구분 자율과목,,,,,2,2,원본 미제공,,3,True,actual_course_offerings_2026,C654,2026,2,건설환경공학과,30900947,2,전공,대면,일반교과,자율과목,allowed,offline,교과목명·개설학과·교과구분·NCS·학년·학점·수업방식,원본 미제공,synthetic 학생 이수정보와 미연결,True,none,
C655,건설시공안전공학,건설환경공학과,개설학과 건설환경공학과 · 영역 전공 · 교과목 구분 일반교과 · 수업방식 원격 · NCS 구분 자율과목,,,,,2,2,원본 미제공,,3,True,actual_course_offerings_2026,C655,2026,2,건설환경공학과,30900947,2,전공,원격,일반교과,자율과목,allowed,offline,교과목명·개설학과·교과구분·NCS·학년·학점·수업방식,원본 미제공,synthetic 학생 이수정보와 미연결,True,none,
C650,교량시스템공학실무,건설환경공학과,개설학과 건설환경공학과 · 영역 전공 · 교과목 구분 일반교과 · 수업방식 대면 · NCS 구분 자율과목,,,,,2,1,원본 미제공,,3,True,actual_course_offerings_2026,C650,2026,1,건설환경공학과,30900947,2,전공,대면,일반교과,자율과목,allowed,offline,교과목명·개설학과·교과구분·NCS·학년·학점·수업방식,원본 미제공,synthetic 학생 이수정보와 미연결,True,none,
H090,도로설계실무,건설환경공학과,개설학과 건설환경공학과 · 영역 전공 · 교과목 구분 일반교과 · 수업방식 원격 · NCS 구분 자율과목,,,,,2,1,원본 미제공,,3,True,actual_course_offerings_2026,H090,2026,1,건설환경공학과,30900947,2,전공,원격,일반교과,자율과목,allowed,offline,교과목명·개설학과·교과구분·NCS·학년·학점·수업방식,원본 미제공,synthetic 학생 이수정보와 미연결,True,none,
H091,드론사진측량실무,건설환경공학과,개설학과 건설환경공학과 · 영역 전공 · 교과목 구분 일반교과 · 수업방식 원격 · NCS 구분 자율과목,,,,,2,1,원본 미제공,,2,True,actual_course_offerings_2026,H091,2026,1,건설환경공학과,30900947,2,전공,원격,일반교과,자율과목,allowed,offline,교과목명·개설학과·교과구분·NCS·학년·학점·수업방식,원본 미제공,synthetic 학생 이수정보와 미연결,True,none,
C648,전산도면실무,건설환경공학과,개설학과 건설환경공학과 · 영역 전공 · 교과목 구분 일반교과 · 수업방식 대면 · NCS 구분 자율과목,,,,,2,1,원본 미제공,,2,True,actual_course_offerings_2026,C648,2026,1,건설환경공학과,30900947,2,전공,대면,일반교과,자율과목,allowed,offline,교과목명·개설학과·교과구분·NCS·학년·학점·수업방식,원본 미제공,synthetic 학생 이수정보와 미연결,True,none,
H092,전산해석실무,건설환경공학과,개설학과 건설환경공학과 · 영역 전공 · 교과목 구분 일반교과 · 수업방식 대면 · NCS 구분 자율과목,,,,,2,2,원본 미제공,,3,True,actual_course_offerings_2026,H092,2026,2,건설환경공학과,30900947,2,전공,대면,일반교과,자율과목,allowed,offline,교과목명·개설학과·교과구분·NCS·학년·학점·수업방식,원본 미제공,synthetic 학생 이수정보와 미연결,True,none,
C637,지반공학실무,건설환경공학과,개설학과 건설환경공학과 · 영역 전공 · 교과목 구분 일반교과 · 수업방식 원격 · NCS 구분 자율과목,,,,,2,1,원본 미제공,,3,True,actual_course_offerings_2026,C637,2026,1,건설환경공학과,30900947,2,전공,원격,일반교과,자율과목,allowed,offline,교과목명·개설학과·교과구분·NCS·학년·학점·수업방식,원본 미제공,synthetic 학생 이수정보와 미연결,True,none,
C651,하천공학,건설환경공학과,개설학과 건설환경공학과 · 영역 전공 · 교과목 구분 일반교과 · 수업방식 원격 · NCS 구분 자율과목,,,,,2,2,원본 미제공,,3,True,actual_course_offerings_2026,C651,2026,2,건설환경공학과,30900947,2,전공,원격,일반교과,자율과목,allowed,offline,교과목명·개설학과·교과구분·NCS·학년·학점·수업방식,원본 미제공,synthetic 학생 이수정보와 미연결,True,none,
C647,환경및방재공학,건설환경공학과,개설학과 건설환경공학과 · 영역 전공 · 교과목 구분 일반교과 · 수업방식 원격 · NCS 구분 자율과목,,,,,2,1,원본 미제공,,3,True,actual_course_offerings_2026,C647,2026,1,건설환경공학과,30900947,2,전공,원격,일반교과,자율과목,allowed,offline,교과목명·개설학과·교과구분·NCS·학년·학점·수업방식,원본 미제공,synthetic 학생 이수정보와 미연결,True,none,
G968,BIM과파라메트릭디자인,건축디자인학과,개설학과 건축디자인학과 · 영역 전공 · 교과목 구분 일반교과 · 수업방식 대면 · NCS 구분 자율과목,,,,,1,1,원본 미제공,,3,True,actual_course_offerings_2026,G968,2026,1,건축디자인학과,30901023,1,전공,대면,일반교과,자율과목,allowed,offline,교과목명·개설학과·교과구분·NCS·학년·학점·수업방식,원본 미제공,synthetic 학생 이수정보와 미연결,True,none,
G985,건축공법심화실무,건축디자인학과,개설학과 건축디자인학과 · 영역 전공 · 교과목 구분 일반교과 · 수업방식 대면 · NCS 구분 KBUCS,,,,,1,2,원본 미제공,,3,True,actual_course_offerings_2026,G985,2026,2,건축디자인학과,30901023,1,전공,대면,일반교과,KBUCS,allowed,offline,교과목명·개설학과·교과구분·NCS·학년·학점·수업방식,원본 미제공,synthetic 학생 이수정보와 미연결,True,none,
A281,건축설계심화스튜디오,건축디자인학과,aa,,,,,1,1,원본 미제공,,6,True,actual_course_offerings_2026,A281,2026,1,건축디자인학과,30901023,1,전공,대면,일반교과,자율과목,allowed,offline,교과목명·개설학과·교과구분·NCS·학년·학점·수업방식,원본 미제공,synthetic 학생 이수정보와 미연결,True,code,A281
G980,건축시공심화실무,건축디자인학과,개설학과 건축디자인학과 · 영역 전공 · 교과목 구분 일반교과 · 수업방식 대면 · NCS 구분 NCS+KBUCS,,,,,1,1,원본 미제공,,3,True,actual_course_offerings_2026,G980,2026,1,건축디자인학과,30901023,1,전공,대면,일반교과,NCS+KBUCS,allowed,offline,교과목명·개설학과·교과구분·NCS·학년·학점·수업방식,원본 미제공,synthetic 학생 이수정보와 미연결,True,none,
G967,건축실무실습,건축디자인학과,개설학과 건축디자인학과 · 영역 전공 · 교과목 구분 일반교과 · 수업방식 대면 · NCS 구분 KBUCS,,,,,1,2,원본 미제공,,3,True,actual_course_offerings_2026,G967,2026,2,건축디자인학과,30901023,1,전공,대면,일반교과,KBUCS,allowed,offline,교과목명·개설학과·교과구분·NCS·학년·학점·수업방식,원본 미제공,synthetic 학생 이수정보와 미연결,True,none,
G987,구조심화실무,건축디자인학과,개설학과 건축디자인학과 · 영역 전공 · 교과목 구분 일반교과 · 수업방식 대면 · NCS 구분 NCS+KBUCS,,,,,1,1,원본 미제공,,3,True,actual_course_offerings_2026,G987,2026,1,건축디자인학과,30901023,1,전공,대면,일반교과,NCS+KBUCS,allowed,offline,교과목명·개설학과·교과구분·NCS·학년·학점·수업방식,원본 미제공,synthetic 학생 이수정보와 미연결,True,none,
D844,친환경실무프로젝트,건축디자인학과,개설학과 건축디자인학과 · 영역 전공 · 교과목 구분 일반교과 · 수업방식 대면 · NCS 구분 KBUCS,,,,,1,2,원본 미제공,,3,True,actual_course_offerings_2026,D844,2026,2,건축디자인학과,30901023,1,전공,대면,일반교과,KBUCS,allowed,offline,교과목명·개설학과·교과구분·NCS·학년·학점·수업방식,원본 미제공,synthetic 학생 이수정보와 미연결,True,none,
A287,캡스톤디자인심화스튜디오,건축디자인학과,aa,,,,,1,2,원본 미제공,,6,True,actual_course_offerings_2026,A287,2026,2,건축디자인학과,30901023,1,전공,대면,캡스톤,자율과목,allowed,offline,교과목명·개설학과·교과구분·NCS·학년·학점·수업방식,원본 미제공,synthetic 학생 이수정보와 미연결,True,code,A287
M352,M건축배치계획,공간디자인과,개설학과 공간디자인과 · 영역 전공 · 교과목 구분 일반교과 · 수업방식 대면 · NCS 구분 NCS,,,,,3,1,원본 미제공,,2,True,actual_course_offerings_2026,M352,2026,1,공간디자인과,30501800,3,전공,대면,일반교과,NCS,allowed,offline,교과목명·개설학과·교과구분·NCS·학년·학점·수업방식,원본 미제공,synthetic 학생 이수정보와 미연결,True,code,M352
M353,M건축법규,공간디자인과,개설학과 공간디자인과 · 영역 전공 · 교과목 구분 일반교과 · 수업방식 원격 · NCS 구분 KBUCS,,,,,2,2,원본 미제공,,2,True,actual_course_offerings_2026,M353,2026,2,공간디자인과,30501800,2,전공,원격,일반교과,KBUCS,allowed,offline,교과목명·개설학과·교과구분·NCS·학년·학점·수업방식,원본 미제공,synthetic 학생 이수정보와 미연결,True,code,M353
M354,M건축설계기획,공간디자인과,개설학과 공간디자인과 · 영역 전공 · 교과목 구분 일반교과 · 수업방식 대면 · NCS 구분 NCS,,,,,1,2,원본 미제공,,3,True,actual_course_offerings_2026,M354,2026,2,공간디자인과,30901022,1,전공,대면,일반교과,NCS,allowed,offline,교과목명·개설학과·교과구분·NCS·학년·학점·수업방식,원본 미제공,synthetic 학생 이수정보와 미연결,True,code,M354
G820,M건축설계도서작성,공간디자인과,개설학과 공간디자인과 · 영역 전공 · 교과목 구분 일반교과 · 수업방식 대면 · NCS 구분 NCS,,,,,2,1,원본 미제공,,3,True,actual_course_offerings_2026,G820,2026,1,공간디자인과,30501800,2,전공,대면,일반교과,NCS,allowed,offline,교과목명·개설학과·교과구분·NCS·학년·학점·수업방식,원본 미제공,synthetic 학생 이수정보와 미연결,True,code,G820
M349,M건축시공프로세스,공간디자인과,개설학과 공간디자인과 · 영역 전공 · 교과목 구분 일반교과 · 수업방식 원격 · NCS 구분 KBUCS,,,,,2,2,원본 미제공,,3,True,actual_course_offerings_2026,M349,2026,2,공간디자인과,30501800,2,전공,원격,일반교과,KBUCS,allowed,offline,교과목명·개설학과·교과구분·NCS·학년·학점·수업방식,원본 미제공,synthetic 학생 이수정보와 미연결,True,code,M349
M357,"M건축평,입,단면계획",공간디자인과,개설학과 공간디자인과 · 영역 전공 · 교과목 구분 일반교과 · 수업방식 대면 · NCS 구분 NCS,,,,,1,2,원본 미제공,,3,True,actual_course_offerings_2026,M357,2026,2,공간디자인과,30901022,1,전공,대면,일반교과,NCS,allowed,offline,교과목명·개설학과·교과구분·NCS·학년·학점·수업방식,원본 미제공,synthetic 학생 이수정보와 미연결,True,code,M357
M358,M건축프레젠테이션,공간디자인과,개설학과 공간디자인과 · 영역 전공 · 교과목 구분 일반교과 · 수업방식 대면 · NCS 구분 NCS,,,,,3,1,원본 미제공,,2,True,actual_course_offerings_2026,M358,2026,1,공간디자인과,30501800,3,전공,대면,일반교과,NCS,allowed,offline,교과목명·개설학과·교과구분·NCS·학년·학점·수업방식,원본 미제공,synthetic 학생 이수정보와 미연결,True,code,M358
M359,M경관공공디자인스튜디오,공간디자인과,개설학과 공간디자인과 · 영역 전공 · 교과목 구분 일반교과 · 수업방식 대면 · NCS 구분 KBUCS,,,,,1,1,원본 미제공,,3,True,actual_course_offerings_2026,M359,2026,1,공간디자인과,30901022,1,전공,대면,일반교과,KBUCS,allowed,offline,교과목명·개설학과·교과구분·NCS·학년·학점·수업방식,원본 미제공,synthetic 학생 이수정보와 미연결,True,code,M359
M350,M공간디자인기초,공간디자인과,개설학과 공간디자인과 · 영역 전공 · 교과목 구분 일반교과 · 수업방식 대면 · NCS 구분 KBUCS,,,,,1,1,원본 미제공,,3,True,actual_course_offerings_2026,M350,2026,1,공간디자인과,30901022,1,전공,대면,일반교과,KBUCS,allowed,offline,교과목명·개설학과·교과구분·NCS·학년·학점·수업방식,원본 미제공,synthetic 학생 이수정보와 미연결,True,code,M350
M094,M디지털디자인,공간디자인과,개설학과 공간디자인과 · 영역 전공 · 교과목 구분 일반교과 · 수업방식 대면 · NCS 구분 KBUCS,,,,,1,1,원본 미제공,,3,True,actual_course_offerings_2026,M094,2026,1,공간디자인과,30901022,1,전공,대면,일반교과,KBUCS,allowed,offline,교과목명·개설학과·교과구분·NCS·학년·학점·수업방식,원본 미제공,synthetic 학생 이수정보와 미연결,True,code,M094
M360,M문화건축설계스튜디오,공간디자인과,개설학과 공간디자인과 · 영역 전공 · 교과목 구분 일반교과 · 수업방식 대면 · NCS 구분 KBUCS,,,,,3,1,원본 미제공,,4,True,actual_course_offerings_2026,M360,2026,1,공간디자인과,30501800,3,전공,대면,일반교과,KBUCS,allowed,offline,교과목명·개설학과·교과구분·NCS·학년·학점·수업방식,원본 미제공,synthetic 학생 이수정보와 미연결,True,code,M360
M387,M상업건축설계스튜디오,공간디자인과,개설학과 공간디자인과 · 영역 전공 · 교과목 구분 일반교과 · 수업방식 대면 · NCS 구분 KBUCS,,,,,2,2,원본 미제공,,4,True,actual_course_offerings_2026,M387,2026,2,공간디자인과,30501800,2,전공,대면,일반교과,KBUCS,allowed,offline,교과목명·개설학과·교과구분·NCS·학년·학점·수업방식,원본 미제공,synthetic 학생 이수정보와 미연결,True,code,M387
G818,M실내건축설계도서작성,공간디자인과,개설학과 공간디자인과 · 영역 전공 · 교과목 구분 일반교과 · 수업방식 대면 · NCS 구분 NCS,,,,,1,2,원본 미제공,,3,True,actual_course_offerings_2026,G818,2026,2,공간디자인과,30901022,1,전공,대면,일반교과,NCS,allowed,offline,교과목명·개설학과·교과구분·NCS·학년·학점·수업방식,원본 미제공,synthetic 학생 이수정보와 미연결,True,code,G818
A413,M실내건축설계시각화작업,공간디자인과,AA,,,,,2,1,원본 미제공,,3,True,actual_course_offerings_2026,A413,2026,1,공간디자인과,30501800,2,전공,대면,일반교과,NCS,allowed,offline,교과목명·개설학과·교과구분·NCS·학년·학점·수업방식,원본 미제공,synthetic 학생 이수정보와 미연결,True,code,A413
M365,M실내건축종합디자인,공간디자인과,개설학과 공간디자인과 · 영역 전공 · 교과목 구분 일반교과 · 수업방식 대면 · NCS 구분 NCS,,,,,3,2,원본 미제공,,3,True,actual_course_offerings_2026,M365,2026,2,공간디자인과,30501800,3,전공,대면,일반교과,NCS,allowed,offline,교과목명·개설학과·교과구분·NCS·학년·학점·수업방식,원본 미제공,synthetic 학생 이수정보와 미연결,True,code,M365
M366,M실내디자인가구계획,공간디자인과,개설학과 공간디자인과 · 영역 전공 · 교과목 구분 일반교과 · 수업방식 대면 · NCS 구분 NCS,,,,,2,1,원본 미제공,,4,True,actual_course_offerings_2026,M366,2026,1,공간디자인과,30501800,2,전공,대면,일반교과,NCS,allowed,offline,교과목명·개설학과·교과구분·NCS·학년·학점·수업방식,원본 미제공,synthetic 학생 이수정보와 미연결,True,code,M366
G821,M실내디자인기본계획,공간디자인과,개설학과 공간디자인과 · 영역 전공 · 교과목 구분 일반교과 · 수업방식 대면 · NCS 구분 NCS,,,,,3,1,원본 미제공,,4,True,actual_course_offerings_2026,G821,2026,1,공간디자인과,30501800,3,전공,대면,일반교과,NCS,allowed,offline,교과목명·개설학과·교과구분·NCS·학년·학점·수업방식,원본 미제공,synthetic 학생 이수정보와 미연결,True,code,G821
M367,M실내디자인마감계획,공간디자인과,개설학과 공간디자인과 · 영역 전공 · 교과목 구분 일반교과 · 수업방식 대면 · NCS 구분 NCS,,,,,3,1,원본 미제공,,4,True,actual_course_offerings_2026,M367,2026,1,공간디자인과,30501800,3,전공,대면,일반교과,NCS,allowed,offline,교과목명·개설학과·교과구분·NCS·학년·학점·수업방식,원본 미제공,synthetic 학생 이수정보와 미연결,True,code,M367
M377,M실내디자인색채계획,공간디자인과,개설학과 공간디자인과 · 영역 전공 · 교과목 구분 일반교과 · 수업방식 대면 · NCS 구분 NCS,,,,,1,2,원본 미제공,,4,True,actual_course_offerings_2026,M377,2026,2,공간디자인과,30901022,1,전공,대면,일반교과,NCS,allowed,offline,교과목명·개설학과·교과구분·NCS·학년·학점·수업방식,원본 미제공,synthetic 학생 이수정보와 미연결,True,code,M377
M368,M실내디자인설비계획,공간디자인과,개설학과 공간디자인과 · 영역 전공 · 교과목 구분 일반교과 · 수업방식 대면 · NCS 구분 NCS,,,,,2,2,원본 미제공,,4,True,actual_course_offerings_2026,M368,2026,2,공간디자인과,30501800,2,전공,대면,일반교과,NCS,allowed,offline,교과목명·개설학과·교과구분·NCS·학년·학점·수업방식,원본 미제공,synthetic 학생 이수정보와 미연결,True,code,M368
A414,M실내디자인자료조사분석,공간디자인과,AA,,,,,2,2,원본 미제공,,2,True,actual_course_offerings_2026,A414,2026,2,공간디자인과,30501800,2,전공,대면,일반교과,NCS,allowed,offline,교과목명·개설학과·교과구분·NCS·학년·학점·수업방식,원본 미제공,synthetic 학생 이수정보와 미연결,True,code,A414
M369,M실내디자인조명계획,공간디자인과,개설학과 공간디자인과 · 영역 전공 · 교과목 구분 일반교과 · 수업방식 대면 · NCS 구분 NCS,,,,,2,2,원본 미제공,,4,True,actual_course_offerings_2026,M369,2026,2,공간디자인과,30501800,2,전공,대면,일반교과,NCS,allowed,offline,교과목명·개설학과·교과구분·NCS·학년·학점·수업방식,원본 미제공,synthetic 학생 이수정보와 미연결,True,code,M369
M371,M조형디자인,공간디자인과,개설학과 공간디자인과 · 영역 전공 · 교과목 구분 일반교과 · 수업방식 대면 · NCS 구분 KBUCS,,,,,1,1,원본 미제공,,2,True,actual_course_offerings_2026,M371,2026,1,공간디자인과,30901022,1,전공,대면,일반교과,KBUCS,allowed,offline,교과목명·개설학과·교과구분·NCS·학년·학점·수업방식,원본 미제공,synthetic 학생 이수정보와 미연결,True,code,M371
M372,M주거건축설계스튜디오,공간디자인과,개설학과 공간디자인과 · 영역 전공 · 교과목 구분 일반교과 · 수업방식 대면 · NCS 구분 KBUCS,,,,,2,1,원본 미제공,,4,True,actual_course_offerings_2026,M372,2026,1,공간디자인과,30501800,2,전공,대면,일반교과,KBUCS,allowed,offline,교과목명·개설학과·교과구분·NCS·학년·학점·수업방식,원본 미제공,synthetic 학생 이수정보와 미연결,True,code,M372
M373,M친환경건축계획각론,공간디자인과,개설학과 공간디자인과 · 영역 전공 · 교과목 구분 일반교과 · 수업방식 대면 · NCS 구분 KBUCS,,,,,2,2,원본 미제공,,2,True,actual_course_offerings_2026,M373,2026,2,공간디자인과,30501800,2,전공,대면,일반교과,KBUCS,allowed,offline,교과목명·개설학과·교과구분·NCS·학년·학점·수업방식,원본 미제공,synthetic 학생 이수정보와 미연결,True,code,M373
M374,M친환경건축설비,공간디자인과,개설학과 공간디자인과 · 영역 전공 · 교과목 구분 일반교과 · 수업방식 원격 · NCS 구분 KBUCS,,,,,3,1,원본 미제공,,2,True,actual_course_offerings_2026,M374,2026,1,공간디자인과,30501800,3,전공,원격,일반교과,KBUCS,allowed,offline,교과목명·개설학과·교과구분·NCS·학년·학점·수업방식,원본 미제공,synthetic 학생 이수정보와 미연결,True,code,M374
M346,M친환경건축시공관리,공간디자인과,개설학과 공간디자인과 · 영역 전공 · 교과목 구분 일반교과 · 수업방식 원격 · NCS 구분 KBUCS,,,,,3,2,원본 미제공,,3,True,actual_course_offerings_2026,M346,2026,2,공간디자인과,30501800,3,전공,원격,일반교과,KBUCS,allowed,offline,교과목명·개설학과·교과구분·NCS·학년·학점·수업방식,원본 미제공,synthetic 학생 이수정보와 미연결,True,code,M346
M347,M친환경디자인,공간디자인과,개설학과 공간디자인과 · 영역 전공 · 교과목 구분 일반교과 · 수업방식 대면 · NCS 구분 KBUCS,,,,,1,1,원본 미제공,,3,True,actual_course_offerings_2026,M347,2026,1,공간디자인과,30901022,1,전공,대면,일반교과,KBUCS,allowed,offline,교과목명·개설학과·교과구분·NCS·학년·학점·수업방식,원본 미제공,synthetic 학생 이수정보와 미연결,True,code,M347
M376,M친환경주거계획,공간디자인과,개설학과 공간디자인과 · 영역 전공 · 교과목 구분 일반교과 · 수업방식 대면 · NCS 구분 KBUCS,,,,,2,1,원본 미제공,,2,True,actual_course_offerings_2026,M376,2026,1,공간디자인과,30501800,2,전공,대면,일반교과,KBUCS,allowed,offline,교과목명·개설학과·교과구분·NCS·학년·학점·수업방식,원본 미제공,synthetic 학생 이수정보와 미연결,True,code,M376
F244,캡스톤디자인,공간디자인과,개설학과 공간디자인과 · 영역 전공 · 교과목 구분 캡스톤 · 수업방식 대면 · NCS 구분 KBUCS,,,,,3,2,원본 미제공,,4,True,actual_course_offerings_2026,F244,2026,2,공간디자인과,30501800,3,전공,대면,캡스톤,KBUCS,allowed,offline,교과목명·개설학과·교과구분·NCS·학년·학점·수업방식,원본 미제공,synthetic 학생 이수정보와 미연결,True,code,F244
G998,가창훈련,공연예술과,개설학과 공연예술과 · 영역 전공 · 교과목 구분 일반교과 · 수업방식 대면 · NCS 구분 KBUCS,,,,,1,2,원본 미제공,,2,True,actual_course_offerings_2026,G998,2026,2,공연예술과,30901025,1,전공,대면,일반교과,KBUCS,allowed,offline,교과목명·개설학과·교과구분·NCS·학년·학점·수업방식,원본 미제공,synthetic 학생 이수정보와 미연결,True,code,G998
F601,공연실습,공연예술과,개설학과 공연예술과 · 영역 전공 · 교과목 구분 일반교과 · 수업방식 대면 · NCS 구분 KBUCS,,,,,1,2,원본 미제공,,3,True,actual_course_offerings_2026,F601,2026,2,공연예술과,30901025,1,전공,대면,일반교과,KBUCS,allowed,offline,교과목명·개설학과·교과구분·NCS·학년·학점·수업방식,원본 미제공,synthetic 학생 이수정보와 미연결,True,code,F601
D803,공연의이해와실습,공연예술과,개설학과 공연예술과 · 영역 전공 · 교과목 구분 일반교과 · 수업방식 대면 · NCS 구분 KBUCS,,,,,1,1,원본 미제공,,3,True,actual_course_offerings_2026,D803,2026,1,공연예술과,30901025,1,전공,대면,일반교과,KBUCS,allowed,offline,교과목명·개설학과·교과구분·NCS·학년·학점·수업방식,원본 미제공,synthetic 학생 이수정보와 미연결,True,name,F606
H051,무대분장,공연예술과,2024학년도 공연예술과 교육과정 개편에 따른 '무대분장' 교과목 신청,,,,,1,1,원본 미제공,,3,True,actual_course_offerings_2026,H051,2026,1,공연예술과,30901025,1,전공,대면,일반교과,KBUCS,allowed,offline,교과목명·개설학과·교과구분·NCS·학년·학점·수업방식,원본 미제공,synthetic 학생 이수정보와 미연결,True,code,H051
D250,무대음향,공연예술과,개설학과 공연예술과 · 영역 전공 · 교과목 구분 일반교과 · 수업방식 대면 · NCS 구분 KBUCS,,,,,1,2,원본 미제공,,2,True,actual_course_offerings_2026,D250,2026,2,공연예술과,30901025,1,전공,대면,일반교과,KBUCS,allowed,offline,교과목명·개설학과·교과구분·NCS·학년·학점·수업방식,원본 미제공,synthetic 학생 이수정보와 미연결,True,none,
F604,뮤지컬댄스,공연예술과,개설학과 공연예술과 · 영역 전공 · 교과목 구분 일반교과 · 수업방식 대면 · NCS 구분 KBUCS,,,,,1,2,원본 미제공,,2,True,actual_course_offerings_2026,F604,2026,2,공연예술과,30901025,1,전공,대면,일반교과,KBUCS,allowed,offline,교과목명·개설학과·교과구분·NCS·학년·학점·수업방식,원본 미제공,synthetic 학생 이수정보와 미연결,True,code,F604
G762,배우의움직임,공연예술과,산업체와 학생 수요조사를 통해 신체적 연기의 중요성을 인식하고 교과목을 신설함,,,,,1,1,원본 미제공,,3,True,actual_course_offerings_2026,G762,2026,1,공연예술과,30901025,1,전공,대면,일반교과,KBUCS,allowed,offline,교과목명·개설학과·교과구분·NCS·학년·학점·수업방식,원본 미제공,synthetic 학생 이수정보와 미연결,True,code,G762
H075,보컬트레이닝(전공실기),공연예술과,2024학년도 공연예술과 교육과정 개편으로 인한 '보컬트레이닝(전공실기)' 교과목 신청,,,,,1,2,원본 미제공,,1,True,actual_course_offerings_2026,H075,2026,2,공연예술과,30901025,1,전공,대면,일반교과,KBUCS,allowed,offline,교과목명·개설학과·교과구분·NCS·학년·학점·수업방식,원본 미제공,synthetic 학생 이수정보와 미연결,True,code,H075
G999,연기실습,공연예술과,개설학과 공연예술과 · 영역 전공 · 교과목 구분 일반교과 · 수업방식 대면 · NCS 구분 KBUCS,,,,,1,2,원본 미제공,,3,True,actual_course_offerings_2026,G999,2026,2,공연예술과,30901025,1,전공,대면,일반교과,KBUCS,allowed,offline,교과목명·개설학과·교과구분·NCS·학년·학점·수업방식,원본 미제공,synthetic 학생 이수정보와 미연결,True,code,G999
F620,연기의기초,공연예술과,개설학과 공연예술과 · 영역 전공 · 교과목 구분 일반교과 · 수업방식 대면 · NCS 구분 KBUCS,,,,,1,1,원본 미제공,,3,True,actual_course_offerings_2026,F620,2026,1,공연예술과,30901025,1,전공,대면,일반교과,KBUCS,allowed,offline,교과목명·개설학과·교과구분·NCS·학년·학점·수업방식,원본 미제공,synthetic 학생 이수정보와 미연결,True,code,F620
G217,음악기초이론과발성(전공실기),공연예술과,개설학과 공연예술과 · 영역 전공 · 교과목 구분 일반교과 · 수업방식 대면 · NCS 구분 KBUCS,,,,,1,1,원본 미제공,,1,True,actual_course_offerings_2026,G217,2026,1,공연예술과,30901025,1,전공,대면,일반교과,KBUCS,allowed,offline,교과목명·개설학과·교과구분·NCS·학년·학점·수업방식,원본 미제공,synthetic 학생 이수정보와 미연결,True,code,G217
H027,팀프로젝트,공연예술과,개설학과 공연예술과 · 영역 전공 · 교과목 구분 일반교과 · 수업방식 대면 · NCS 구분 KBUCS,,,,,1,1,원본 미제공,,2,True,actual_course_offerings_2026,H027,2026,1,공연예술과,30901025,1,전공,대면,일반교과,KBUCS,allowed,offline,교과목명·개설학과·교과구분·NCS·학년·학점·수업방식,원본 미제공,synthetic 학생 이수정보와 미연결,True,code,H027
F605,호흡과연기,공연예술과,개설학과 공연예술과 · 영역 전공 · 교과목 구분 일반교과 · 수업방식 대면 · NCS 구분 KBUCS,,,,,1,1,원본 미제공,,2,True,actual_course_offerings_2026,F605,2026,1,공연예술과,30901025,1,전공,대면,일반교과,KBUCS,allowed,offline,교과목명·개설학과·교과구분·NCS·학년·학점·수업방식,원본 미제공,synthetic 학생 이수정보와 미연결,True,code,F605
H020,화술,공연예술과,개설학과 공연예술과 · 영역 전공 · 교과목 구분 일반교과 · 수업방식 대면 · NCS 구분 KBUCS,,,,,1,2,원본 미제공,,2,True,actual_course_offerings_2026,H020,2026,2,공연예술과,30901025,1,전공,대면,일반교과,KBUCS,allowed,offline,교과목명·개설학과·교과구분·NCS·학년·학점·수업방식,원본 미제공,synthetic 학생 이수정보와 미연결,True,code,H020
H045,공연제작프로젝트,공연예술과(3년제),개설학과 공연예술과(3년제) · 영역 전공 · 교과목 구분 일반교과 · 수업방식 대면 · NCS 구분 KBUCS,,,,,3,1,원본 미제공,,3,True,actual_course_offerings_2026,H045,2026,1,공연예술과(3년제),30502500,3,전공,대면,일반교과,KBUCS,allowed,offline,교과목명·개설학과·교과구분·NCS·학년·학점·수업방식,원본 미제공,synthetic 학생 이수정보와 미연결,True,code,H045
F608,몸의이해,공연예술과(3년제),개설학과 공연예술과(3년제) · 영역 전공 · 교과목 구분 일반교과 · 수업방식 대면 · NCS 구분 KBUCS,,,,,3,1,원본 미제공,,2,True,actual_course_offerings_2026,F608,2026,1,공연예술과(3년제),30502500,3,전공,대면,일반교과,KBUCS,allowed,offline,교과목명·개설학과·교과구분·NCS·학년·학점·수업방식,원본 미제공,synthetic 학생 이수정보와 미연결,True,code,F608
F675,몸의표현,공연예술과(3년제),개설학과 공연예술과(3년제) · 영역 전공 · 교과목 구분 일반교과 · 수업방식 대면 · NCS 구분 KBUCS,,,,,3,2,원본 미제공,,2,True,actual_course_offerings_2026,F675,2026,2,공연예술과(3년제),30502500,3,전공,대면,일반교과,KBUCS,allowed,offline,교과목명·개설학과·교과구분·NCS·학년·학점·수업방식,원본 미제공,synthetic 학생 이수정보와 미연결,True,code,F675
H046,무대메커니즘,공연예술과(3년제),개설학과 공연예술과(3년제) · 영역 전공 · 교과목 구분 일반교과 · 수업방식 대면 · NCS 구분 KBUCS,,,,,2,1,원본 미제공,,3,True,actual_course_offerings_2026,H046,2026,1,공연예술과(3년제),30502500,2,전공,대면,일반교과,KBUCS,allowed,offline,교과목명·개설학과·교과구분·NCS·학년·학점·수업방식,원본 미제공,synthetic 학생 이수정보와 미연결,True,code,H046
G996,무대영상,공연예술과(3년제),개설학과 공연예술과(3년제) · 영역 전공 · 교과목 구분 일반교과 · 수업방식 대면 · NCS 구분 KBUCS,,,,,2,2,원본 미제공,,2,True,actual_course_offerings_2026,G996,2026,2,공연예술과(3년제),30502500,2,전공,대면,일반교과,KBUCS,allowed,offline,교과목명·개설학과·교과구분·NCS·학년·학점·수업방식,원본 미제공,synthetic 학생 이수정보와 미연결,True,code,G996
H052,무대조명,공연예술과(3년제),2023학년도 공연예술과 교육과정 개편에 따른 '무대조명' 교과목 신청,,,,,2,1,원본 미제공,,3,True,actual_course_offerings_2026,H052,2026,1,공연예술과(3년제),30502500,2,전공,대면,일반교과,KBUCS,allowed,offline,교과목명·개설학과·교과구분·NCS·학년·학점·수업방식,원본 미제공,synthetic 학생 이수정보와 미연결,True,code,H052
H031,문화예술교육개론,공연예술과(3년제),개설학과 공연예술과(3년제) · 영역 전공 · 교과목 구분 일반교과 · 수업방식 원격 · NCS 구분 KBUCS,,,,,2,2,원본 미제공,,2,True,actual_course_offerings_2026,H031,2026,2,공연예술과(3년제),30502500,2,전공,원격,일반교과,KBUCS,allowed,offline,교과목명·개설학과·교과구분·NCS·학년·학점·수업방식,원본 미제공,synthetic 학생 이수정보와 미연결,True,code,H031
F607,뮤지컬안무,공연예술과(3년제),개설학과 공연예술과(3년제) · 영역 전공 · 교과목 구분 일반교과 · 수업방식 대면 · NCS 구분 KBUCS,,,,,2,1,원본 미제공,,2,True,actual_course_offerings_2026,F607,2026,1,공연예술과(3년제),30502500,2,전공,대면,일반교과,KBUCS,allowed,offline,교과목명·개설학과·교과구분·NCS·학년·학점·수업방식,원본 미제공,synthetic 학생 이수정보와 미연결,True,code,F607
F619,뮤지컬앙상블,공연예술과(3년제),개설학과 공연예술과(3년제) · 영역 전공 · 교과목 구분 일반교과 · 수업방식 대면 · NCS 구분 KBUCS,,,,,2,1,원본 미제공,,2,True,actual_course_offerings_2026,F619,2026,1,공연예술과(3년제),30502500,2,전공,대면,일반교과,KBUCS,allowed,offline,교과목명·개설학과·교과구분·NCS·학년·학점·수업방식,원본 미제공,synthetic 학생 이수정보와 미연결,True,code,F619
H048,뮤지컬음악분석,공연예술과(3년제),2023학년도 공연예술과 교육과정 개편으로 인한 '뮤지컬음악분석' 교과목 신청,,,,,3,2,원본 미제공,,3,True,actual_course_offerings_2026,H048,2026,2,공연예술과(3년제),30502500,3,전공,대면,일반교과,KBUCS,allowed,offline,교과목명·개설학과·교과구분·NCS·학년·학점·수업방식,원본 미제공,synthetic 학생 이수정보와 미연결,True,code,H048
F586,뮤지컬제작실습,공연예술과(3년제),개설학과 공연예술과(3년제) · 영역 전공 · 교과목 구분 일반교과 · 수업방식 대면 · NCS 구분 KBUCS,,,,,2,1,원본 미제공,,3,True,actual_course_offerings_2026,F586,2026,1,공연예술과(3년제),30502500,2,전공,대면,일반교과,KBUCS,allowed,offline,교과목명·개설학과·교과구분·NCS·학년·학점·수업방식,원본 미제공,synthetic 학생 이수정보와 미연결,True,code,F586
F588,발성테크닉,공연예술과(3년제),개설학과 공연예술과(3년제) · 영역 전공 · 교과목 구분 일반교과 · 수업방식 대면 · NCS 구분 KBUCS,,,,,2,2,원본 미제공,,2,True,actual_course_offerings_2026,F588,2026,2,공연예술과(3년제),30502500,2,전공,대면,일반교과,KBUCS,allowed,offline,교과목명·개설학과·교과구분·NCS·학년·학점·수업방식,원본 미제공,synthetic 학생 이수정보와 미연결,True,code,F588
H077,보이스클래스(전공실기),공연예술과(3년제),2024학년도 공연예술과 교육과정 개편으로 인한 '보이스클래스(전공실기)' 교과목 신청,,,,,2,1,원본 미제공,,1,True,actual_course_offerings_2026,H077,2026,1,공연예술과(3년제),30502500,2,전공,대면,일반교과,KBUCS,allowed,offline,교과목명·개설학과·교과구분·NCS·학년·학점·수업방식,원본 미제공,synthetic 학생 이수정보와 미연결,True,code,H077
F584,사실주의연기,공연예술과(3년제),개설학과 공연예술과(3년제) · 영역 전공 · 교과목 구분 일반교과 · 수업방식 대면 · NCS 구분 KBUCS,,,,,2,1,원본 미제공,,3,True,actual_course_offerings_2026,F584,2026,1,공연예술과(3년제),30502500,2,전공,대면,일반교과,KBUCS,allowed,offline,교과목명·개설학과·교과구분·NCS·학년·학점·수업방식,원본 미제공,synthetic 학생 이수정보와 미연결,True,code,F584
F587,스타일연기,공연예술과(3년제),개설학과 공연예술과(3년제) · 영역 전공 · 교과목 구분 일반교과 · 수업방식 대면 · NCS 구분 KBUCS,,,,,2,2,원본 미제공,,3,True,actual_course_offerings_2026,F587,2026,2,공연예술과(3년제),30502500,2,전공,대면,일반교과,KBUCS,allowed,offline,교과목명·개설학과·교과구분·NCS·학년·학점·수업방식,원본 미제공,synthetic 학생 이수정보와 미연결,True,code,F587
H034,연극교수학습방법,공연예술과(3년제),개설학과 공연예술과(3년제) · 영역 전공 · 교과목 구분 일반교과 · 수업방식 대면 · NCS 구분 KBUCS,,,,,3,2,원본 미제공,,2,True,actual_course_offerings_2026,H034,2026,2,공연예술과(3년제),30502500,3,전공,대면,일반교과,KBUCS,allowed,offline,교과목명·개설학과·교과구분·NCS·학년·학점·수업방식,원본 미제공,synthetic 학생 이수정보와 미연결,True,code,H034
D252,연극교육론,공연예술과(3년제),개설학과 공연예술과(3년제) · 영역 전공 · 교과목 구분 일반교과 · 수업방식 대면 · NCS 구분 KBUCS,,,,,3,1,원본 미제공,,2,True,actual_course_offerings_2026,D252,2026,1,공연예술과(3년제),30502500,3,전공,대면,일반교과,KBUCS,allowed,offline,교과목명·개설학과·교과구분·NCS·학년·학점·수업방식,원본 미제공,synthetic 학생 이수정보와 미연결,True,name,E638
F583,연극제작실습,공연예술과(3년제),개설학과 공연예술과(3년제) · 영역 전공 · 교과목 구분 일반교과 · 수업방식 대면 · NCS 구분 KBUCS,,,,,2,2,원본 미제공,,3,True,actual_course_offerings_2026,F583,2026,2,공연예술과(3년제),30502500,2,전공,대면,일반교과,KBUCS,allowed,offline,교과목명·개설학과·교과구분·NCS·학년·학점·수업방식,원본 미제공,synthetic 학생 이수정보와 미연결,True,code,F583
H079,연기딕션(전공실기),공연예술과(3년제),2024학년도 공연예술과 교육과정 개편으로 인한 '연기딕션(전공실기)' 교과목 신청,,,,,3,2,원본 미제공,,1,True,actual_course_offerings_2026,H079,2026,2,공연예술과(3년제),30502500,3,전공,대면,일반교과,KBUCS,allowed,offline,교과목명·개설학과·교과구분·NCS·학년·학점·수업방식,원본 미제공,synthetic 학생 이수정보와 미연결,True,code,H079
H078,연기발성(전공실기),공연예술과(3년제),2024학년도 공연예술과 교육과정 개편으로 인한 '연기발성(전공실기)' 교과목 신청,,,,,3,1,원본 미제공,,1,True,actual_course_offerings_2026,H078,2026,1,공연예술과(3년제),30502500,3,전공,대면,일반교과,KBUCS,allowed,offline,교과목명·개설학과·교과구분·NCS·학년·학점·수업방식,원본 미제공,synthetic 학생 이수정보와 미연결,True,code,H078
H076,연기보이스(전공실기),공연예술과(3년제),2024학년도 공연예술과 교육과정 개편으로 인한 '연기보이스(전공실기)' 교과목 신청,,,,,2,2,원본 미제공,,1,True,actual_course_offerings_2026,H076,2026,2,공연예술과(3년제),30502500,2,전공,대면,일반교과,KBUCS,allowed,offline,교과목명·개설학과·교과구분·NCS·학년·학점·수업방식,원본 미제공,synthetic 학생 이수정보와 미연결,True,code,H076
H049,연기연출프로젝트,공연예술과(3년제),2023학년도 공연예술과 교육과정 개편을 위한 '연기연출프로젝트' 교과목 신청,,,,,3,2,원본 미제공,,3,True,actual_course_offerings_2026,H049,2026,2,공연예술과(3년제),30502500,3,전공,대면,일반교과,KBUCS,allowed,offline,교과목명·개설학과·교과구분·NCS·학년·학점·수업방식,원본 미제공,synthetic 학생 이수정보와 미연결,True,code,H049
G763,연기테크닉,공연예술과(3년제),산업체와 학생 수요조사를 통해 졸업후 현장에서 바로 활용할 수 있는 연기테크닉의 중요성을 인식하고 교과목을 신설함,,,,,3,1,원본 미제공,,3,True,actual_course_offerings_2026,G763,2026,1,공연예술과(3년제),30502500,3,전공,대면,일반교과,KBUCS,allowed,offline,교과목명·개설학과·교과구분·NCS·학년·학점·수업방식,원본 미제공,synthetic 학생 이수정보와 미연결,True,code,G763
G544,영상제작실습,공연예술과(3년제),개설학과 공연예술과(3년제) · 영역 전공 · 교과목 구분 일반교과 · 수업방식 대면 · NCS 구분 KBUCS,,,,,3,2,원본 미제공,,3,True,actual_course_offerings_2026,G544,2026,2,공연예술과(3년제),30502500,3,전공,대면,일반교과,KBUCS,allowed,offline,교과목명·개설학과·교과구분·NCS·학년·학점·수업방식,원본 미제공,synthetic 학생 이수정보와 미연결,True,code,G544
D227,오디션테크닉,공연예술과(3년제),개설학과 공연예술과(3년제) · 영역 전공 · 교과목 구분 일반교과 · 수업방식 대면 · NCS 구분 KBUCS,,,,,3,2,원본 미제공,,3,True,actual_course_offerings_2026,D227,2026,2,공연예술과(3년제),30502500,3,전공,대면,일반교과,KBUCS,allowed,offline,교과목명·개설학과·교과구분·NCS·학년·학점·수업방식,원본 미제공,synthetic 학생 이수정보와 미연결,True,none,
H050,음악감독실습,공연예술과(3년제),2023학년도 공연예술과 교육과정 개편으로 인한 '음악감독실습' 교과목 신청,,,,,3,1,원본 미제공,,3,True,actual_course_offerings_2026,H050,2026,1,공연예술과(3년제),30502500,3,전공,대면,일반교과,KBUCS,allowed,offline,교과목명·개설학과·교과구분·NCS·학년·학점·수업방식,원본 미제공,synthetic 학생 이수정보와 미연결,True,code,H050
G764,창조적움직임,공연예술과(3년제),산업체와 학생수요조사를 통해 신체적 연기의 중요성을 인식하고 교과목을 신설함,,,,,2,2,원본 미제공,,3,True,actual_course_offerings_2026,G764,2026,2,공연예술과(3년제),30502500,2,전공,대면,일반교과,KBUCS,allowed,offline,교과목명·개설학과·교과구분·NCS·학년·학점·수업방식,원본 미제공,synthetic 학생 이수정보와 미연결,True,code,G764
F473,카메라연기,공연예술과(3년제),개설학과 공연예술과(3년제) · 영역 전공 · 교과목 구분 일반교과 · 수업방식 대면 · NCS 구분 KBUCS,,,,,3,1,원본 미제공,,3,True,actual_course_offerings_2026,F473,2026,1,공연예술과(3년제),30502500,3,전공,대면,일반교과,KBUCS,allowed,offline,교과목명·개설학과·교과구분·NCS·학년·학점·수업방식,원본 미제공,synthetic 학생 이수정보와 미연결,True,code,F473
A468,몸과연기,공연예술학과,AA,,,,,1,2,원본 미제공,,3,True,actual_course_offerings_2026,A468,2026,2,공연예술학과,30900989,1,전공,대면,일반교과,KBUCS,allowed,offline,교과목명·개설학과·교과구분·NCS·학년·학점·수업방식,원본 미제공,synthetic 학생 이수정보와 미연결,True,code,A468
A466,몸과창작,공연예술학과,AA,,,,,1,1,원본 미제공,,3,True,actual_course_offerings_2026,A466,2026,1,공연예술학과,30900989,1,전공,대면,일반교과,KBUCS,allowed,offline,교과목명·개설학과·교과구분·NCS·학년·학점·수업방식,원본 미제공,synthetic 학생 이수정보와 미연결,True,code,A466
H086,문화예술교육현장의이해와실습,공연예술학과,개설학과 공연예술학과 · 영역 전공 · 교과목 구분 일반교과 · 수업방식 대면 · NCS 구분 KBUCS,,,,,1,2,원본 미제공,,2,True,actual_course_offerings_2026,H086,2026,2,공연예술학과,30900989,1,전공,대면,일반교과,KBUCS,allowed,offline,교과목명·개설학과·교과구분·NCS·학년·학점·수업방식,원본 미제공,synthetic 학생 이수정보와 미연결,True,code,H086
H085,미디어컨텐츠개발,공연예술학과,개설학과 공연예술학과 · 영역 전공 · 교과목 구분 일반교과 · 수업방식 대면 · NCS 구분 KBUCS,,,,,1,1,원본 미제공,,3,True,actual_course_offerings_2026,H085,2026,1,공연예술학과,30900989,1,전공,대면,일반교과,KBUCS,allowed,offline,교과목명·개설학과·교과구분·NCS·학년·학점·수업방식,원본 미제공,synthetic 학생 이수정보와 미연결,True,code,H085
A467,서양연극실습,공연예술학과,AA,,,,,1,1,원본 미제공,,3,True,actual_course_offerings_2026,A467,2026,1,공연예술학과,30900989,1,전공,대면,일반교과,KBUCS,allowed,offline,교과목명·개설학과·교과구분·NCS·학년·학점·수업방식,원본 미제공,synthetic 학생 이수정보와 미연결,True,code,A467
H084,연극교육프로그램개발,공연예술학과,개설학과 공연예술학과 · 영역 전공 · 교과목 구분 일반교과 · 수업방식 대면 · NCS 구분 KBUCS,,,,,1,1,원본 미제공,,2,True,actual_course_offerings_2026,H084,2026,1,공연예술학과,30900989,1,전공,대면,일반교과,KBUCS,allowed,offline,교과목명·개설학과·교과구분·NCS·학년·학점·수업방식,원본 미제공,synthetic 학생 이수정보와 미연결,True,code,H084
A261,연기분석(전공실기),공연예술학과,AA,,,,,1,1,원본 미제공,,1,True,actual_course_offerings_2026,A261,2026,1,공연예술학과,30900989,1,전공,대면,일반교과,KBUCS,allowed,offline,교과목명·개설학과·교과구분·NCS·학년·학점·수업방식,원본 미제공,synthetic 학생 이수정보와 미연결,True,code,A261
A259,연기창조(전공실기),공연예술학과,aa,,,,,1,2,원본 미제공,,1,True,actual_course_offerings_2026,A259,2026,2,공연예술학과,30900989,1,전공,대면,일반교과,KBUCS,allowed,offline,교과목명·개설학과·교과구분·NCS·학년·학점·수업방식,원본 미제공,synthetic 학생 이수정보와 미연결,True,code,A259
B820,영상편집,공연예술학과,개설학과 공연예술학과 · 영역 전공 · 교과목 구분 일반교과 · 수업방식 대면 · NCS 구분 KBUCS,,,,,1,2,원본 미제공,,3,True,actual_course_offerings_2026,B820,2026,2,공연예술학과,30900989,1,전공,대면,일반교과,KBUCS,allowed,offline,교과목명·개설학과·교과구분·NCS·학년·학점·수업방식,원본 미제공,synthetic 학생 이수정보와 미연결,True,none,
A469,한국연극실습,공연예술학과,AA,,,,,1,2,원본 미제공,,3,True,actual_course_offerings_2026,A469,2026,2,공연예술학과,30900989,1,전공,대면,일반교과,KBUCS,allowed,offline,교과목명·개설학과·교과구분·NCS·학년·학점·수업방식,원본 미제공,synthetic 학생 이수정보와 미연결,True,code,A469
A374,3D프린팅과창업,교양학과,aa,,,,,1,1,원본 미제공,,2,True,actual_course_offerings_2026,A374,2026,1|2,교양학과,30600100,1,교양,대면,일반교과,KBUCS직업기초능력,allowed,offline,교과목명·개설학과·교과구분·NCS·학년·학점·수업방식,원본 미제공,synthetic 학생 이수정보와 미연결,True,code,A374
G367,4차산업혁명과AI,교양학과,개설학과 교양학과 · 영역 교양 · 교과목 구분 제작콘텐츠 · 수업방식 원격 · NCS 구분 자율과목,,,,,1,1,원본 미제공,,1,True,actual_course_offerings_2026,G367,2026,1,교양학과,30600100,1,교양,원격,제작콘텐츠,자율과목,allowed,offline,교과목명·개설학과·교과구분·NCS·학년·학점·수업방식,원본 미제공,synthetic 학생 이수정보와 미연결,True,code,G367
G393,4차산업혁명과창업,교양학과,개설학과 교양학과 · 영역 교양 · 교과목 구분 제작콘텐츠 · 수업방식 원격 · NCS 구분 자율과목,,,,,1,1,원본 미제공,,1,True,actual_course_offerings_2026,G393,2026,1,교양학과,30600100,1,교양,원격,제작콘텐츠,자율과목,allowed,offline,교과목명·개설학과·교과구분·NCS·학년·학점·수업방식,원본 미제공,synthetic 학생 이수정보와 미연결,True,code,G393
G742,4차산업혁명의미래,교양학과,개설학과 교양학과 · 영역 교양 · 교과목 구분 제작콘텐츠 · 수업방식 원격 · NCS 구분 자율과목,,,,,1,1,원본 미제공,,1,True,actual_course_offerings_2026,G742,2026,1,교양학과,30600100,1,교양,원격,제작콘텐츠,자율과목,allowed,offline,교과목명·개설학과·교과구분·NCS·학년·학점·수업방식,원본 미제공,synthetic 학생 이수정보와 미연결,True,code,G742
G842,AI시대의윤리,교양학과,개설학과 교양학과 · 영역 교양 · 교과목 구분 제작콘텐츠 · 수업방식 원격 · NCS 구분 KBUCS직업기초능력,,,,,1,1,원본 미제공,,2,True,actual_course_offerings_2026,G842,2026,1|2,교양학과,30600100,1,교양,원격,제작콘텐츠,KBUCS직업기초능력,allowed,offline,교과목명·개설학과·교과구분·NCS·학년·학점·수업방식,원본 미제공,synthetic 학생 이수정보와 미연결,True,code,G842
G284,AI와코딩,교양학과,개설학과 교양학과 · 영역 교양 · 교과목 구분 제작콘텐츠 · 수업방식 원격 · NCS 구분 자율과목,,,,,1,1,원본 미제공,,2,True,actual_course_offerings_2026,G284,2026,1|2,교양학과,30600100,1,교양,원격,제작콘텐츠,자율과목,allowed,offline,교과목명·개설학과·교과구분·NCS·학년·학점·수업방식,원본 미제공,synthetic 학생 이수정보와 미연결,True,code,G284
A594,AI융합미래직업과창업,교양학과,AA,,,,,1,2,원본 미제공,,2,True,actual_course_offerings_2026,A594,2026,2,교양학과,30600100,1,교양,원격,제작콘텐츠,자율과목,allowed,offline,교과목명·개설학과·교과구분·NCS·학년·학점·수업방식,원본 미제공,synthetic 학생 이수정보와 미연결,True,code,A594
A599,HUMAN-AI 협업과 진로설계,교양학과,AA,,,,,1,2,원본 미제공,,2,True,actual_course_offerings_2026,A599,2026,2,교양학과,30600100,1,교양,원격,제작콘텐츠,자율과목,allowed,offline,교과목명·개설학과·교과구분·NCS·학년·학점·수업방식,원본 미제공,synthetic 학생 이수정보와 미연결,True,code,A599
A563,SMART응급처치,교양학과,AA,,,,,1,1,원본 미제공,,2,True,actual_course_offerings_2026,A563,2026,1|2,교양학과,30600100,1,교양,원격,제작콘텐츠,자율과목,allowed,offline,교과목명·개설학과·교과구분·NCS·학년·학점·수업방식,원본 미제공,synthetic 학생 이수정보와 미연결,True,code,A563
F577,가족과사회,교양학과,개설학과 교양학과 · 영역 교양 · 교과목 구분 제작콘텐츠 · 수업방식 원격 · NCS 구분 자율과목,,,,,1,1,원본 미제공,,2,True,actual_course_offerings_2026,F577,2026,1|2,교양학과,30600100,1,교양,원격,제작콘텐츠,자율과목,allowed,offline,교과목명·개설학과·교과구분·NCS·학년·학점·수업방식,원본 미제공,synthetic 학생 이수정보와 미연결,True,code,F577
A344,고급영어독해,교양학과,aa,,,,,1,1,원본 미제공,,2,True,actual_course_offerings_2026,A344,2026,1|2,교양학과,30600100,1,교양,원격,제작콘텐츠,자율과목,allowed,offline,교과목명·개설학과·교과구분·NCS·학년·학점·수업방식,원본 미제공,synthetic 학생 이수정보와 미연결,True,code,A344
A345,고급영어듣기이해,교양학과,aa,,,,,1,1,원본 미제공,,2,True,actual_course_offerings_2026,A345,2026,1|2,교양학과,30600100,1,교양,원격,제작콘텐츠,자율과목,allowed,offline,교과목명·개설학과·교과구분·NCS·학년·학점·수업방식,원본 미제공,synthetic 학생 이수정보와 미연결,True,code,A345
G357,국제문화의이해,교양학과,개설학과 교양학과 · 영역 교양 · 교과목 구분 제작콘텐츠 · 수업방식 원격 · NCS 구분 자율과목,,,,,1,1,원본 미제공,,2,True,actual_course_offerings_2026,G357,2026,1|2,교양학과,30600100,1,교양,원격,제작콘텐츠,자율과목,allowed,offline,교과목명·개설학과·교과구분·NCS·학년·학점·수업방식,원본 미제공,synthetic 학생 이수정보와 미연결,True,code,G357
B518,글쓰기와말하기,교양학과,개설학과 교양학과 · 영역 교양 · 교과목 구분 제작콘텐츠 · 수업방식 원격 · NCS 구분 자율과목,,,,,1,1,원본 미제공,,2,True,actual_course_offerings_2026,B518,2026,1|2,교양학과,30600100,1,교양,원격,제작콘텐츠,자율과목,allowed,offline,교과목명·개설학과·교과구분·NCS·학년·학점·수업방식,원본 미제공,synthetic 학생 이수정보와 미연결,True,name,H040
F917,기본생물학,교양학과,개설학과 교양학과 · 영역 교양 · 교과목 구분 제작콘텐츠 · 수업방식 원격 · NCS 구분 자율과목,,,,,1,1,원본 미제공,,2,True,actual_course_offerings_2026,F917,2026,1|2,교양학과,30600100,1,교양,원격,제작콘텐츠,자율과목,allowed,offline,교과목명·개설학과·교과구분·NCS·학년·학점·수업방식,원본 미제공,synthetic 학생 이수정보와 미연결,True,code,F917
G974,내곁에ESG,교양학과,개설학과 교양학과 · 영역 교양 · 교과목 구분 제작콘텐츠 · 수업방식 원격 · NCS 구분 자율과목,,,,,1,1,원본 미제공,,1,True,actual_course_offerings_2026,G974,2026,1,교양학과,30600100,1,교양,원격,제작콘텐츠,자율과목,allowed,offline,교과목명·개설학과·교과구분·NCS·학년·학점·수업방식,원본 미제공,synthetic 학생 이수정보와 미연결,True,code,G974
G977,내삶에필요한기업가정신,교양학과,개설학과 교양학과 · 영역 교양 · 교과목 구분 제작콘텐츠 · 수업방식 원격 · NCS 구분 자율과목,,,,,1,1,원본 미제공,,1,True,actual_course_offerings_2026,G977,2026,1|2,교양학과,30600100,1,교양,원격,제작콘텐츠,자율과목,allowed,offline,교과목명·개설학과·교과구분·NCS·학년·학점·수업방식,원본 미제공,synthetic 학생 이수정보와 미연결,True,code,G977
A265,다문화사회의세계시민,교양학과,aa,,,,,1,1,원본 미제공,,1,True,actual_course_offerings_2026,A265,2026,1|2,교양학과,30600100,1,교양,원격,제작콘텐츠,자율과목,allowed,offline,교과목명·개설학과·교과구분·NCS·학년·학점·수업방식,원본 미제공,synthetic 학생 이수정보와 미연결,True,code,A265
G188,대인관계능력,교양학과,개설학과 교양학과 · 영역 교양 · 교과목 구분 제작콘텐츠 · 수업방식 원격 · NCS 구분 KBUCS직업기초능력,,,,,1,1,원본 미제공,,2,True,actual_course_offerings_2026,G188,2026,1|2,교양학과,30600100,1,교양,원격,제작콘텐츠,KBUCS직업기초능력,allowed,offline,교과목명·개설학과·교과구분·NCS·학년·학점·수업방식,원본 미제공,synthetic 학생 이수정보와 미연결,True,code,G188
A372,데이터분석입문,교양학과,aa,,,,,1,1,원본 미제공,,1,True,actual_course_offerings_2026,A372,2026,1|2,교양학과,30600100,1,교양,원격,제작콘텐츠,KBUCS직업기초능력,allowed,offline,교과목명·개설학과·교과구분·NCS·학년·학점·수업방식,원본 미제공,synthetic 학생 이수정보와 미연결,True,code,A372
A348,데이터처리및시각화,교양학과,aa,,,,,1,1,원본 미제공,,2,True,actual_course_offerings_2026,A348,2026,1,교양학과,30600100,1,교양,원격,제작콘텐츠,자율과목,allowed,offline,교과목명·개설학과·교과구분·NCS·학년·학점·수업방식,원본 미제공,synthetic 학생 이수정보와 미연결,True,code,A348
A544,데이터활용프로젝트,교양학과,AA,,,,,1,1,원본 미제공,,2,True,actual_course_offerings_2026,A544,2026,1|2,교양학과,30600100,1,교양,원격,제작콘텐츠,KBUCS직업기초능력,allowed,offline,교과목명·개설학과·교과구분·NCS·학년·학점·수업방식,원본 미제공,synthetic 학생 이수정보와 미연결,True,code,A544
F544,동서양문학의이해,교양학과,개설학과 교양학과 · 영역 교양 · 교과목 구분 제작콘텐츠 · 수업방식 원격 · NCS 구분 자율과목,,,,,1,1,원본 미제공,,1,True,actual_course_offerings_2026,F544,2026,1|2,교양학과,30600100,1,교양,원격,제작콘텐츠,자율과목,allowed,offline,교과목명·개설학과·교과구분·NCS·학년·학점·수업방식,원본 미제공,synthetic 학생 이수정보와 미연결,True,code,F544
G845,디지털리터러시,교양학과,개설학과 교양학과 · 영역 교양 · 교과목 구분 제작콘텐츠 · 수업방식 원격 · NCS 구분 자율과목,,,,,1,1,원본 미제공,,2,True,actual_course_offerings_2026,G845,2026,1|2,교양학과,30600100,1,교양,원격,제작콘텐츠,자율과목,allowed,offline,교과목명·개설학과·교과구분·NCS·학년·학점·수업방식,원본 미제공,synthetic 학생 이수정보와 미연결,True,code,G845
A373,디지털헬스케어,교양학과,aa,,,,,1,1,원본 미제공,,2,True,actual_course_offerings_2026,A373,2026,1|2,교양학과,30600100,1,교양,원격,제작콘텐츠,자율과목,allowed,offline,교과목명·개설학과·교과구분·NCS·학년·학점·수업방식,원본 미제공,synthetic 학생 이수정보와 미연결,True,code,A373
A349,머신러닝기초,교양학과,AA,,,,,1,1,원본 미제공,,2,True,actual_course_offerings_2026,A349,2026,1|2,교양학과,30600100,1,교양,원격,제작콘텐츠,자율과목,allowed,offline,교과목명·개설학과·교과구분·NCS·학년·학점·수업방식,원본 미제공,synthetic 학생 이수정보와 미연결,True,code,A349
G206,문제해결능력,교양학과,개설학과 교양학과 · 영역 교양 · 교과목 구분 제작콘텐츠 · 수업방식 원격 · NCS 구분 KBUCS직업기초능력,,,,,1,1,원본 미제공,,2,True,actual_course_offerings_2026,G206,2026,1|2,교양학과,30600100,1,교양,원격,제작콘텐츠,KBUCS직업기초능력,allowed,offline,교과목명·개설학과·교과구분·NCS·학년·학점·수업방식,원본 미제공,synthetic 학생 이수정보와 미연결,True,code,G206
G973,미래설계와경력개발,교양학과,개설학과 교양학과 · 영역 교양 · 교과목 구분 제작콘텐츠 · 수업방식 원격 · NCS 구분 자율과목,,,,,1,1,원본 미제공,,2,True,actual_course_offerings_2026,G973,2026,1|2,교양학과,30600100,1,교양,원격,제작콘텐츠,자율과목,allowed,offline,교과목명·개설학과·교과구분·NCS·학년·학점·수업방식,원본 미제공,synthetic 학생 이수정보와 미연결,True,code,G973
F863,미술의이해,교양학과,개설학과 교양학과 · 영역 교양 · 교과목 구분 제작콘텐츠 · 수업방식 원격 · NCS 구분 자율과목,,,,,1,1,원본 미제공,,2,True,actual_course_offerings_2026,F863,2026,1|2,교양학과,30600100,1,교양,원격,제작콘텐츠,자율과목,allowed,offline,교과목명·개설학과·교과구분·NCS·학년·학점·수업방식,원본 미제공,synthetic 학생 이수정보와 미연결,True,code,F863
A346,보건의료영어,교양학과,aa,,,,,1,1,원본 미제공,,2,True,actual_course_offerings_2026,A346,2026,1|2,교양학과,30600100,1,교양,원격,제작콘텐츠,자율과목,allowed,offline,교과목명·개설학과·교과구분·NCS·학년·학점·수업방식,원본 미제공,synthetic 학생 이수정보와 미연결,True,code,A346
B709,비즈니스매너,교양학과,개설학과 교양학과 · 영역 교양 · 교과목 구분 제작콘텐츠 · 수업방식 원격 · NCS 구분 KBUCS직업기초능력,,,,,1,1,원본 미제공,,2,True,actual_course_offerings_2026,B709,2026,1|2,교양학과,30600100,1,교양,원격,제작콘텐츠,KBUCS직업기초능력,allowed,offline,교과목명·개설학과·교과구분·NCS·학년·학점·수업방식,원본 미제공,synthetic 학생 이수정보와 미연결,True,none,
G975,빅데이터분석의이해,교양학과,개설학과 교양학과 · 영역 교양 · 교과목 구분 제작콘텐츠 · 수업방식 원격 · NCS 구분 자율과목,,,,,1,1,원본 미제공,,2,True,actual_course_offerings_2026,G975,2026,1|2,교양학과,30600100,1,교양,원격,제작콘텐츠,자율과목,allowed,offline,교과목명·개설학과·교과구분·NCS·학년·학점·수업방식,원본 미제공,synthetic 학생 이수정보와 미연결,True,code,G975
A601,상담심리,교양학과,AA,,,,,1,2,원본 미제공,,2,True,actual_course_offerings_2026,A601,2026,2,교양학과,30600100,1,교양,원격,제작콘텐츠,자율과목,allowed,offline,교과목명·개설학과·교과구분·NCS·학년·학점·수업방식,원본 미제공,synthetic 학생 이수정보와 미연결,True,code,A601
A562,생활과안전,교양학과,AA,,,,,1,1,원본 미제공,,2,True,actual_course_offerings_2026,A562,2026,1|2,교양학과,30600100,1,교양,원격,제작콘텐츠,자율과목,allowed,offline,교과목명·개설학과·교과구분·NCS·학년·학점·수업방식,원본 미제공,synthetic 학생 이수정보와 미연결,True,code,A562
A600,생활속뷰티웰에이징,교양학과,AA,,,,,1,2,원본 미제공,,1,True,actual_course_offerings_2026,A600,2026,2,교양학과,30600100,1,교양,원격,제작콘텐츠,자율과목,allowed,offline,교과목명·개설학과·교과구분·NCS·학년·학점·수업방식,원본 미제공,synthetic 학생 이수정보와 미연결,True,code,A600
F541,셀프리더십,교양학과,개설학과 교양학과 · 영역 교양 · 교과목 구분 제작콘텐츠 · 수업방식 원격 · NCS 구분 KBUCS직업기초능력,,,,,1,1,원본 미제공,,1,True,actual_course_offerings_2026,F541,2026,1|2,교양학과,30600100,1,교양,원격,제작콘텐츠,KBUCS직업기초능력,allowed,offline,교과목명·개설학과·교과구분·NCS·학년·학점·수업방식,원본 미제공,synthetic 학생 이수정보와 미연결,True,code,F541
G097,수리능력,교양학과,개설학과 교양학과 · 영역 교양 · 교과목 구분 제작콘텐츠 · 수업방식 원격 · NCS 구분 KBUCS직업기초능력,,,,,1,1,원본 미제공,,2,True,actual_course_offerings_2026,G097,2026,1|2,교양학과,30600100,1,교양,원격,제작콘텐츠,KBUCS직업기초능력,allowed,offline,교과목명·개설학과·교과구분·NCS·학년·학점·수업방식,원본 미제공,synthetic 학생 이수정보와 미연결,True,code,G097
F579,스피치와프리젠테이션,교양학과,개설학과 교양학과 · 영역 교양 · 교과목 구분 제작콘텐츠 · 수업방식 원격 · NCS 구분 KBUCS직업기초능력,,,,,1,1,원본 미제공,,2,True,actual_course_offerings_2026,F579,2026,1|2,교양학과,30600100,1,교양,원격,제작콘텐츠,KBUCS직업기초능력,allowed,offline,교과목명·개설학과·교과구분·NCS·학년·학점·수업방식,원본 미제공,synthetic 학생 이수정보와 미연결,True,code,F579
A347,실용영어회화,교양학과,aa,,,,,1,1,원본 미제공,,2,True,actual_course_offerings_2026,A347,2026,1|2,교양학과,30600100,1,교양,원격,제작콘텐츠,자율과목,allowed,offline,교과목명·개설학과·교과구분·NCS·학년·학점·수업방식,원본 미제공,synthetic 학생 이수정보와 미연결,True,code,A347
A602,심리학의이해,교양학과,AA,,,,,1,2,원본 미제공,,2,True,actual_course_offerings_2026,A602,2026,2,교양학과,30600100,1,교양,원격,제작콘텐츠,자율과목,allowed,offline,교과목명·개설학과·교과구분·NCS·학년·학점·수업방식,원본 미제공,synthetic 학생 이수정보와 미연결,True,code,A602
A269,연주기술능력,교양학과,aa,,,,,1,1,원본 미제공,,2,True,actual_course_offerings_2026,A269,2026,1|2,교양학과,30600100,1,교양,원격,제작콘텐츠,KBUCS직업기초능력,allowed,offline,교과목명·개설학과·교과구분·NCS·학년·학점·수업방식,원본 미제공,synthetic 학생 이수정보와 미연결,True,code,A269
1091,영어(1),교양학과,개설학과 교양학과 · 영역 교양 · 교과목 구분 제작콘텐츠 · 수업방식 원격 · NCS 구분 자율과목,,,,,1,1,원본 미제공,,2,True,actual_course_offerings_2026,1091,2026,1|2,교양학과,30600100,1,교양,원격,제작콘텐츠,자율과목,allowed,offline,교과목명·개설학과·교과구분·NCS·학년·학점·수업방식,원본 미제공,synthetic 학생 이수정보와 미연결,True,name,G257
1092,영어(2),교양학과,개설학과 교양학과 · 영역 교양 · 교과목 구분 제작콘텐츠 · 수업방식 원격 · NCS 구분 자율과목,,,,,1,1,원본 미제공,,2,True,actual_course_offerings_2026,1092,2026,1|2,교양학과,30600100,1,교양,원격,제작콘텐츠,자율과목,allowed,offline,교과목명·개설학과·교과구분·NCS·학년·학점·수업방식,원본 미제공,synthetic 학생 이수정보와 미연결,True,none,
C656,영어(3),교양학과,개설학과 교양학과 · 영역 교양 · 교과목 구분 제작콘텐츠 · 수업방식 원격 · NCS 구분 자율과목,,,,,1,1,원본 미제공,,2,True,actual_course_offerings_2026,C656,2026,1|2,교양학과,30600100,1,교양,원격,제작콘텐츠,자율과목,allowed,offline,교과목명·개설학과·교과구분·NCS·학년·학점·수업방식,원본 미제공,synthetic 학생 이수정보와 미연결,True,none,
F542,예술과역사여행,교양학과,개설학과 교양학과 · 영역 교양 · 교과목 구분 제작콘텐츠 · 수업방식 원격 · NCS 구분 자율과목,,,,,1,1,원본 미제공,,1,True,actual_course_offerings_2026,F542,2026,1|2,교양학과,30600100,1,교양,원격,제작콘텐츠,자율과목,allowed,offline,교과목명·개설학과·교과구분·NCS·학년·학점·수업방식,원본 미제공,synthetic 학생 이수정보와 미연결,True,code,F542
A572,요가와건강,교양학과,AA,,,,,1,1,원본 미제공,,2,True,actual_course_offerings_2026,A572,2026,1,교양학과,30600100,1,교양,대면,일반교과,자율과목,allowed,offline,교과목명·개설학과·교과구분·NCS·학년·학점·수업방식,원본 미제공,synthetic 학생 이수정보와 미연결,True,code,A572
F853,의사소통능력,교양학과,개설학과 교양학과 · 영역 교양 · 교과목 구분 제작콘텐츠 · 수업방식 원격 · NCS 구분 KBUCS직업기초능력,,,,,1,1,원본 미제공,,2,True,actual_course_offerings_2026,F853,2026,1|2,교양학과,30600100,1,교양,원격,제작콘텐츠,KBUCS직업기초능력,allowed,offline,교과목명·개설학과·교과구분·NCS·학년·학점·수업방식,원본 미제공,synthetic 학생 이수정보와 미연결,True,code,F853
A343,의학드라마활용영어,교양학과,aa,,,,,1,1,원본 미제공,,3,True,actual_course_offerings_2026,A343,2026,1|2,교양학과,30600100,1,교양,원격,제작콘텐츠,자율과목,allowed,offline,교과목명·개설학과·교과구분·NCS·학년·학점·수업방식,원본 미제공,synthetic 학생 이수정보와 미연결,True,code,A343
E876,인성과예절,교양학과,개설학과 교양학과 · 영역 교양 · 교과목 구분 제작콘텐츠 · 수업방식 원격 · NCS 구분 자율과목,,,,,1,1,원본 미제공,,2,True,actual_course_offerings_2026,E876,2026,1|2,교양학과,30600100,1,교양,원격,제작콘텐츠,자율과목,allowed,offline,교과목명·개설학과·교과구분·NCS·학년·학점·수업방식,원본 미제공,synthetic 학생 이수정보와 미연결,True,code,E876
F481,일반화학,교양학과,개설학과 교양학과 · 영역 교양 · 교과목 구분 제작콘텐츠 · 수업방식 원격 · NCS 구분 자율과목,,,,,1,1,원본 미제공,,2,True,actual_course_offerings_2026,F481,2026,1|2,교양학과,30600100,1,교양,원격,제작콘텐츠,자율과목,allowed,offline,교과목명·개설학과·교과구분·NCS·학년·학점·수업방식,원본 미제공,synthetic 학생 이수정보와 미연결,True,code,F481
F970,자기개발능력,교양학과,개설학과 교양학과 · 영역 교양 · 교과목 구분 제작콘텐츠 · 수업방식 원격 · NCS 구분 KBUCS직업기초능력,,,,,1,1,원본 미제공,,2,True,actual_course_offerings_2026,F970,2026,1|2,교양학과,30600100,1,교양,원격,제작콘텐츠,KBUCS직업기초능력,allowed,offline,교과목명·개설학과·교과구분·NCS·학년·학점·수업방식,원본 미제공,synthetic 학생 이수정보와 미연결,True,code,F970
1170,직업윤리,교양학과,개설학과 교양학과 · 영역 교양 · 교과목 구분 제작콘텐츠 · 수업방식 원격 · NCS 구분 KBUCS직업기초능력,,,,,1,1,원본 미제공,,2,True,actual_course_offerings_2026,1170,2026,1|2,교양학과,30600100,1,교양,원격,제작콘텐츠,KBUCS직업기초능력,allowed,offline,교과목명·개설학과·교과구분·NCS·학년·학점·수업방식,원본 미제공,synthetic 학생 이수정보와 미연결,True,name,G338
G979,창업성공AtoZ,교양학과,개설학과 교양학과 · 영역 교양 · 교과목 구분 제작콘텐츠 · 수업방식 원격 · NCS 구분 자율과목,,,,,1,1,원본 미제공,,1,True,actual_course_offerings_2026,G979,2026,1|2,교양학과,30600100,1,교양,원격,제작콘텐츠,자율과목,allowed,offline,교과목명·개설학과·교과구분·NCS·학년·학점·수업방식,원본 미제공,synthetic 학생 이수정보와 미연결,True,code,G979
G355,초급일본어,교양학과,개설학과 교양학과 · 영역 교양 · 교과목 구분 제작콘텐츠 · 수업방식 원격 · NCS 구분 자율과목,,,,,1,1,원본 미제공,,2,True,actual_course_offerings_2026,G355,2026,1|2,교양학과,30600100,1,교양,원격,제작콘텐츠,자율과목,allowed,offline,교과목명·개설학과·교과구분·NCS·학년·학점·수업방식,원본 미제공,synthetic 학생 이수정보와 미연결,True,code,G355
E904,취업설계와상담,교양학과,개설학과 교양학과 · 영역 교양 · 교과목 구분 제작콘텐츠 · 수업방식 원격 · NCS 구분 자율과목,,,,,1,1,원본 미제공,,1,True,actual_course_offerings_2026,E904,2026,1|2,교양학과,30600100,1,교양,원격,제작콘텐츠,자율과목,allowed,offline,교과목명·개설학과·교과구분·NCS·학년·학점·수업방식,원본 미제공,synthetic 학생 이수정보와 미연결,True,code,E904
A277,컴퓨터활용,교양학과,aa,,,,,1,1,원본 미제공,,1,True,actual_course_offerings_2026,A277,2026,1|2,교양학과,30600100,1,교양,원격,제작콘텐츠,자율과목,allowed,offline,교과목명·개설학과·교과구분·NCS·학년·학점·수업방식,원본 미제공,synthetic 학생 이수정보와 미연결,True,code,A277
G843,컴퓨테이셔널씽킹,교양학과,개설학과 교양학과 · 영역 교양 · 교과목 구분 제작콘텐츠 · 수업방식 원격 · NCS 구분 자율과목,,,,,1,1,원본 미제공,,2,True,actual_course_offerings_2026,G843,2026,1,교양학과,30600100,1,교양,원격,제작콘텐츠,자율과목,allowed,offline,교과목명·개설학과·교과구분·NCS·학년·학점·수업방식,원본 미제공,synthetic 학생 이수정보와 미연결,True,code,G843
G972,퍼스널이미지브랜딩,교양학과,개설학과 교양학과 · 영역 교양 · 교과목 구분 제작콘텐츠 · 수업방식 원격 · NCS 구분 자율과목,,,,,1,1,원본 미제공,,2,True,actual_course_offerings_2026,G972,2026,1|2,교양학과,30600100,1,교양,원격,제작콘텐츠,자율과목,allowed,offline,교과목명·개설학과·교과구분·NCS·학년·학점·수업방식,원본 미제공,synthetic 학생 이수정보와 미연결,True,code,G972
A283,한국어말하기와글쓰기,교양학과,AA,,,,,1,1,원본 미제공,,1,True,actual_course_offerings_2026,A283,2026,1|2,교양학과,30600100,1,교양,원격,제작콘텐츠,자율과목,allowed,offline,교과목명·개설학과·교과구분·NCS·학년·학점·수업방식,원본 미제공,synthetic 학생 이수정보와 미연결,True,code,A283
F921,행복의심리학,교양학과,개설학과 교양학과 · 영역 교양 · 교과목 구분 제작콘텐츠 · 수업방식 원격 · NCS 구분 자율과목,,,,,1,1,원본 미제공,,2,True,actual_course_offerings_2026,F921,2026,1|2,교양학과,30600100,1,교양,원격,제작콘텐츠,자율과목,allowed,offline,교과목명·개설학과·교과구분·NCS·학년·학점·수업방식,원본 미제공,synthetic 학생 이수정보와 미연결,True,code,F921
F645,현대사회와윤리,교양학과,개설학과 교양학과 · 영역 교양 · 교과목 구분 제작콘텐츠 · 수업방식 원격 · NCS 구분 KBUCS직업기초능력,,,,,1,1,원본 미제공,,2,True,actual_course_offerings_2026,F645,2026,1|2,교양학과,30600100,1,교양,원격,제작콘텐츠,KBUCS직업기초능력,allowed,offline,교과목명·개설학과·교과구분·NCS·학년·학점·수업방식,원본 미제공,synthetic 학생 이수정보와 미연결,True,code,F645
C442,환경과건강,교양학과,개설학과 교양학과 · 영역 교양 · 교과목 구분 제작콘텐츠 · 수업방식 원격 · NCS 구분 자율과목,,,,,1,1,원본 미제공,,2,True,actual_course_offerings_2026,C442,2026,1|2,교양학과,30600100,1,교양,원격,제작콘텐츠,자율과목,allowed,offline,교과목명·개설학과·교과구분·NCS·학년·학점·수업방식,원본 미제공,synthetic 학생 이수정보와 미연결,True,none,
G694,M사회복지실천론,글로벌융합학과(2년제),"개설학과 글로벌융합학과(2년제), 사회복지과 · 영역 전공 · 교과목 구분 일반교과 · 수업방식 대면 · NCS 구분 NCS, 자율과목",,,,,1,1,원본 미제공,,3,True,actual_course_offerings_2026,G694,2026,1|2,글로벌융합학과(2년제)|사회복지과,30900964|30901029,1|2,전공,대면,일반교과,NCS|자율과목,allowed,offline,교과목명·개설학과·교과구분·NCS·학년·학점·수업방식,원본 미제공,synthetic 학생 이수정보와 미연결,True,code,G694
A587,기본건강관리,글로벌융합학과(2년제),AA,,,,,1,2,원본 미제공,,3,True,actual_course_offerings_2026,A587,2026,2,글로벌융합학과(2년제),30901029,1,전공,대면,일반교과,자율과목,allowed,offline,교과목명·개설학과·교과구분·NCS·학년·학점·수업방식,원본 미제공,synthetic 학생 이수정보와 미연결,True,code,A587
A589,노인장기요양복지론,글로벌융합학과(2년제),AA,,,,,1,2,원본 미제공,,3,True,actual_course_offerings_2026,A589,2026,2,글로벌융합학과(2년제),30901029,1,전공,대면,일반교과,자율과목,allowed,offline,교과목명·개설학과·교과구분·NCS·학년·학점·수업방식,원본 미제공,synthetic 학생 이수정보와 미연결,True,code,A589
A618,요양보호한국어,글로벌융합학과(2년제),AA,,,,,1,2,원본 미제공,,3,True,actual_course_offerings_2026,A618,2026,2,글로벌융합학과(2년제),30901029,1,전공,대면,일반교과,자율과목,allowed,offline,교과목명·개설학과·교과구분·NCS·학년·학점·수업방식,원본 미제공,synthetic 학생 이수정보와 미연결,True,code,A618
G322,컴퓨터활용능력,글로벌융합학과(2년제),개설학과 글로벌융합학과(2년제) · 영역 교양 · 교과목 구분 일반교과 · 수업방식 대면 · NCS 구분 자율과목,,,,,1,2,원본 미제공,,3,True,actual_course_offerings_2026,G322,2026,2,글로벌융합학과(2년제),30901029,1,교양,대면,일반교과,자율과목,allowed,offline,교과목명·개설학과·교과구분·NCS·학년·학점·수업방식,원본 미제공,synthetic 학생 이수정보와 미연결,True,code,G322
A573,한국어 Ⅰ,글로벌융합학과(2년제),AA,,,,,1,1,원본 미제공,,4,True,actual_course_offerings_2026,A573,2026,1|2,글로벌융합학과(2년제),30901029,1,전공,대면,일반교과,자율과목,allowed,offline,교과목명·개설학과·교과구분·NCS·학년·학점·수업방식,원본 미제공,synthetic 학생 이수정보와 미연결,True,code,A573
A574,한국어 Ⅱ,글로벌융합학과(2년제),AA,,,,,1,1,원본 미제공,,4,True,actual_course_offerings_2026,A574,2026,1|2,글로벌융합학과(2년제),30901029,1,전공,대면,일반교과,자율과목,allowed,offline,교과목명·개설학과·교과구분·NCS·학년·학점·수업방식,원본 미제공,synthetic 학생 이수정보와 미연결,True,code,A574
A575,한국어 Ⅲ,글로벌융합학과(2년제),AA,,,,,1,1,원본 미제공,,4,True,actual_course_offerings_2026,A575,2026,1|2,글로벌융합학과(2년제),30901029,1,전공,대면,일반교과,자율과목,allowed,offline,교과목명·개설학과·교과구분·NCS·학년·학점·수업방식,원본 미제공,synthetic 학생 이수정보와 미연결,True,code,A575
A576,한국어 Ⅳ,글로벌융합학과(2년제),AA,,,,,1,1,원본 미제공,,4,True,actual_course_offerings_2026,A576,2026,1|2,글로벌융합학과(2년제),30901029,1,전공,대면,일반교과,자율과목,allowed,offline,교과목명·개설학과·교과구분·NCS·학년·학점·수업방식,원본 미제공,synthetic 학생 이수정보와 미연결,True,code,A576
A620,한국어와한국문화 Ⅰ,글로벌융합학과(2년제),AA,,,,,1,2,원본 미제공,,3,True,actual_course_offerings_2026,A620,2026,2,글로벌융합학과(2년제),30901029,1,교양,대면,일반교과,자율과목,allowed,offline,교과목명·개설학과·교과구분·NCS·학년·학점·수업방식,원본 미제공,synthetic 학생 이수정보와 미연결,True,code,A620
A621,한국어와한국문화 Ⅱ,글로벌융합학과(2년제),AA,,,,,1,2,원본 미제공,,3,True,actual_course_offerings_2026,A621,2026,2,글로벌융합학과(2년제),30901029,1,교양,대면,일반교과,자율과목,allowed,offline,교과목명·개설학과·교과구분·NCS·학년·학점·수업방식,원본 미제공,synthetic 학생 이수정보와 미연결,True,code,A621
M392,M건설계측,드론건설환경과,개설학과 드론건설환경과 · 영역 전공 · 교과목 구분 일반교과 · 수업방식 대면 · NCS 구분 KBUCS,,,,,2,1,원본 미제공,,2,True,actual_course_offerings_2026,M392,2026,1,드론건설환경과,30401600,2,전공,대면,일반교과,KBUCS,allowed,offline,교과목명·개설학과·교과구분·NCS·학년·학점·수업방식,원본 미제공,synthetic 학생 이수정보와 미연결,True,code,M392
M393,M건설재료,드론건설환경과,개설학과 드론건설환경과 · 영역 전공 · 교과목 구분 일반교과 · 수업방식 원격 · NCS 구분 NCS,,,,,1,1,원본 미제공,,2,True,actual_course_offerings_2026,M393,2026,1,드론건설환경과,30900998,1,전공,원격,일반교과,NCS,allowed,offline,교과목명·개설학과·교과구분·NCS·학년·학점·수업방식,원본 미제공,synthetic 학생 이수정보와 미연결,True,code,M393
M394,M교량설계기본계획수립,드론건설환경과,개설학과 드론건설환경과 · 영역 전공 · 교과목 구분 일반교과 · 수업방식 대면 · NCS 구분 NCS,,,,,2,1,원본 미제공,,3,True,actual_course_offerings_2026,M394,2026,1,드론건설환경과,30401600,2,전공,대면,일반교과,NCS,allowed,offline,교과목명·개설학과·교과구분·NCS·학년·학점·수업방식,원본 미제공,synthetic 학생 이수정보와 미연결,True,code,M394
M395,M교량설계사업비산정,드론건설환경과,개설학과 드론건설환경과 · 영역 전공 · 교과목 구분 일반교과 · 수업방식 대면 · NCS 구분 NCS,,,,,2,1,원본 미제공,,2,True,actual_course_offerings_2026,M395,2026,1,드론건설환경과,30401600,2,전공,대면,일반교과,NCS,allowed,offline,교과목명·개설학과·교과구분·NCS·학년·학점·수업방식,원본 미제공,synthetic 학생 이수정보와 미연결,True,code,M395
M396,M교량설계형식공법결정,드론건설환경과,개설학과 드론건설환경과 · 영역 전공 · 교과목 구분 일반교과 · 수업방식 대면 · NCS 구분 NCS,,,,,2,2,원본 미제공,,2,True,actual_course_offerings_2026,M396,2026,2,드론건설환경과,30401600,2,전공,대면,일반교과,NCS,allowed,offline,교과목명·개설학과·교과구분·NCS·학년·학점·수업방식,원본 미제공,synthetic 학생 이수정보와 미연결,True,code,M396
M397,M단지설계공사비산정,드론건설환경과,개설학과 드론건설환경과 · 영역 전공 · 교과목 구분 일반교과 · 수업방식 대면 · NCS 구분 NCS,,,,,2,2,원본 미제공,,3,True,actual_course_offerings_2026,M397,2026,2,드론건설환경과,30401600,2,전공,대면,일반교과,NCS,allowed,offline,교과목명·개설학과·교과구분·NCS·학년·학점·수업방식,원본 미제공,synthetic 학생 이수정보와 미연결,True,code,M397
M398,M단지설계공종별세부설계,드론건설환경과,개설학과 드론건설환경과 · 영역 전공 · 교과목 구분 일반교과 · 수업방식 대면 · NCS 구분 NCS,,,,,2,2,원본 미제공,,3,True,actual_course_offerings_2026,M398,2026,2,드론건설환경과,30401600,2,전공,대면,일반교과,NCS,allowed,offline,교과목명·개설학과·교과구분·NCS·학년·학점·수업방식,원본 미제공,synthetic 학생 이수정보와 미연결,True,code,M398
M399,M단지설계기준수립,드론건설환경과,개설학과 드론건설환경과 · 영역 전공 · 교과목 구분 일반교과 · 수업방식 대면 · NCS 구분 NCS,,,,,2,1,원본 미제공,,2,True,actual_course_offerings_2026,M399,2026,1,드론건설환경과,30401600,2,전공,대면,일반교과,NCS,allowed,offline,교과목명·개설학과·교과구분·NCS·학년·학점·수업방식,원본 미제공,synthetic 학생 이수정보와 미연결,True,code,M399
M400,M드론영상처리및분석,드론건설환경과,개설학과 드론건설환경과 · 영역 전공 · 교과목 구분 일반교과 · 수업방식 대면 · NCS 구분 KBUCS,,,,,1,2,원본 미제공,,3,True,actual_course_offerings_2026,M400,2026,2,드론건설환경과,30900998,1,전공,대면,일반교과,KBUCS,allowed,offline,교과목명·개설학과·교과구분·NCS·학년·학점·수업방식,원본 미제공,synthetic 학생 이수정보와 미연결,True,code,M400
M403,M상하수도공학,드론건설환경과,개설학과 드론건설환경과 · 영역 전공 · 교과목 구분 일반교과 · 수업방식 원격 · NCS 구분 NCS,,,,,2,1,원본 미제공,,2,True,actual_course_offerings_2026,M403,2026,1,드론건설환경과,30401600,2,전공,원격,일반교과,NCS,allowed,offline,교과목명·개설학과·교과구분·NCS·학년·학점·수업방식,원본 미제공,synthetic 학생 이수정보와 미연결,True,code,M403
M405,M안전진단,드론건설환경과,개설학과 드론건설환경과 · 영역 전공 · 교과목 구분 일반교과 · 수업방식 대면 · NCS 구분 KBUCS,,,,,2,2,원본 미제공,,2,True,actual_course_offerings_2026,M405,2026,2,드론건설환경과,30401600,2,전공,대면,일반교과,KBUCS,allowed,offline,교과목명·개설학과·교과구분·NCS·학년·학점·수업방식,원본 미제공,synthetic 학생 이수정보와 미연결,True,code,M405
M390,M응용역학기초,드론건설환경과,개설학과 드론건설환경과 · 영역 전공 · 교과목 구분 일반교과 · 수업방식 대면 · NCS 구분 KBUCS,,,,,1,2,원본 미제공,,3,True,actual_course_offerings_2026,M390,2026,2,드론건설환경과,30900998,1,전공,대면,일반교과,KBUCS,allowed,offline,교과목명·개설학과·교과구분·NCS·학년·학점·수업방식,원본 미제공,synthetic 학생 이수정보와 미연결,True,code,M390
M389,M전산자료분석및처리,드론건설환경과,개설학과 드론건설환경과 · 영역 전공 · 교과목 구분 일반교과 · 수업방식 대면 · NCS 구분 NCS,,,,,1,1,원본 미제공,,2,True,actual_course_offerings_2026,M389,2026,1,드론건설환경과,30900998,1,전공,대면,일반교과,NCS,allowed,offline,교과목명·개설학과·교과구분·NCS·학년·학점·수업방식,원본 미제공,synthetic 학생 이수정보와 미연결,True,code,M389
M407,M전산토목제도기초,드론건설환경과,개설학과 드론건설환경과 · 영역 전공 · 교과목 구분 일반교과 · 수업방식 대면 · NCS 구분 NCS,,,,,1,1,원본 미제공,,3,True,actual_course_offerings_2026,M407,2026,1,드론건설환경과,30900998,1,전공,대면,일반교과,NCS,allowed,offline,교과목명·개설학과·교과구분·NCS·학년·학점·수업방식,원본 미제공,synthetic 학생 이수정보와 미연결,True,code,M407
M408,M전산토목제도응용,드론건설환경과,개설학과 드론건설환경과 · 영역 전공 · 교과목 구분 일반교과 · 수업방식 대면 · NCS 구분 NCS,,,,,1,2,원본 미제공,,3,True,actual_course_offerings_2026,M408,2026,2,드론건설환경과,30900998,1,전공,대면,일반교과,NCS,allowed,offline,교과목명·개설학과·교과구분·NCS·학년·학점·수업방식,원본 미제공,synthetic 학생 이수정보와 미연결,True,code,M408
M410,M측량학기초,드론건설환경과,개설학과 드론건설환경과 · 영역 전공 · 교과목 구분 일반교과 · 수업방식 대면 · NCS 구분 KBUCS,,,,,1,2,원본 미제공,,3,True,actual_course_offerings_2026,M410,2026,2,드론건설환경과,30900998,1,전공,대면,일반교과,KBUCS,allowed,offline,교과목명·개설학과·교과구분·NCS·학년·학점·수업방식,원본 미제공,synthetic 학생 이수정보와 미연결,True,code,M410
M411,M토목설계물량산출,드론건설환경과,개설학과 드론건설환경과 · 영역 전공 · 교과목 구분 일반교과 · 수업방식 대면 · NCS 구분 NCS,,,,,2,1,원본 미제공,,3,True,actual_course_offerings_2026,M411,2026,1,드론건설환경과,30401600,2,전공,대면,일반교과,NCS,allowed,offline,교과목명·개설학과·교과구분·NCS·학년·학점·수업방식,원본 미제공,synthetic 학생 이수정보와 미연결,True,code,M411
M391,M토목일반구조,드론건설환경과,개설학과 드론건설환경과 · 영역 전공 · 교과목 구분 일반교과 · 수업방식 원격 · NCS 구분 NCS,,,,,1,1,원본 미제공,,2,True,actual_course_offerings_2026,M391,2026,1,드론건설환경과,30900998,1,전공,원격,일반교과,NCS,allowed,offline,교과목명·개설학과·교과구분·NCS·학년·학점·수업방식,원본 미제공,synthetic 학생 이수정보와 미연결,True,code,M391
M412,M토질및기초,드론건설환경과,개설학과 드론건설환경과 · 영역 전공 · 교과목 구분 일반교과 · 수업방식 대면 · NCS 구분 KBUCS,,,,,1,2,원본 미제공,,3,True,actual_course_offerings_2026,M412,2026,2,드론건설환경과,30900998,1,전공,대면,일반교과,KBUCS,allowed,offline,교과목명·개설학과·교과구분·NCS·학년·학점·수업방식,원본 미제공,synthetic 학생 이수정보와 미연결,True,code,M412
A534,드론비행실습,드론건설환경과,AA,,,,,1,1,원본 미제공,,3,True,actual_course_offerings_2026,A534,2026,1,드론건설환경과,30900998,1,전공,대면,일반교과,KBUCS,allowed,offline,교과목명·개설학과·교과구분·NCS·학년·학점·수업방식,원본 미제공,synthetic 학생 이수정보와 미연결,True,code,A534
A533,드론운용기초,드론건설환경과,AA,,,,,1,1,원본 미제공,,3,True,actual_course_offerings_2026,A533,2026,1,드론건설환경과,30900998,1,전공,대면,일반교과,NCS,allowed,offline,교과목명·개설학과·교과구분·NCS·학년·학점·수업방식,원본 미제공,synthetic 학생 이수정보와 미연결,True,code,A533
E960,캡스톤디자인,드론건설환경과,"개설학과 드론건설환경과, 뷰티코스메틱과, 약손피부미용과, 의료사회복지과 · 영역 전공 · 교과목 구분 캡스톤 · 수업방식 대면 · NCS 구분 KBUCS, 자율과목",,,,,2,1,원본 미제공,,2,True,actual_course_offerings_2026,E960,2026,1|2,드론건설환경과|뷰티코스메틱과|약손피부미용과|의료사회복지과,30101600|30401600|30501300|30502200,2|3,전공,대면,캡스톤,KBUCS|자율과목,allowed,offline,교과목명·개설학과·교과구분·NCS·학년·학점·수업방식,원본 미제공,synthetic 학생 이수정보와 미연결,True,code,E960
G438,M공중보건학,물리치료과,"개설학과 물리치료과, 의료미용과, 임상병리과, 작업치료과 · 영역 전공 · 교과목 구분 일반교과 · 수업방식 원격, 혼합 · NCS 구분 KBUCS, 자율과목",,,,,3,1,원본 미제공,,3,True,actual_course_offerings_2026,G438,2026,1|2,물리치료과|의료미용과|임상병리과|작업치료과,30100400|30100500|30100600|30100700,3,전공,원격|혼합,일반교과,KBUCS|자율과목,allowed,offline,교과목명·개설학과·교과구분·NCS·학년·학점·수업방식,원본 미제공,synthetic 학생 이수정보와 미연결,True,code,G438
G501,M광선및수치료학,물리치료과,개설학과 물리치료과 · 영역 전공 · 교과목 구분 일반교과 · 수업방식 대면 · NCS 구분 KBUCS,,,,,2,1,원본 미제공,,3,True,actual_course_offerings_2026,G501,2026,1,물리치료과,30100600,2,전공,대면,일반교과,KBUCS,allowed,offline,교과목명·개설학과·교과구분·NCS·학년·학점·수업방식,원본 미제공,synthetic 학생 이수정보와 미연결,True,code,G501
G664,M근골격계물리치료중재학,물리치료과,개설학과 물리치료과 · 영역 전공 · 교과목 구분 일반교과 · 수업방식 대면 · NCS 구분 KBUCS,,,,,2,2,원본 미제공,,3,True,actual_course_offerings_2026,G664,2026,2,물리치료과,30100600,2,전공,대면,일반교과,KBUCS,allowed,offline,교과목명·개설학과·교과구분·NCS·학년·학점·수업방식,원본 미제공,synthetic 학생 이수정보와 미연결,True,code,G664
G595,M근골격계물리치료진단및평가,물리치료과,개설학과 물리치료과 · 영역 전공 · 교과목 구분 일반교과 · 수업방식 대면 · NCS 구분 KBUCS,,,,,2,1,원본 미제공,,3,True,actual_course_offerings_2026,G595,2026,1,물리치료과,30100600,2,전공,대면,일반교과,KBUCS,allowed,offline,교과목명·개설학과·교과구분·NCS·학년·학점·수업방식,원본 미제공,synthetic 학생 이수정보와 미연결,True,code,G595
G642,M기능해부학,물리치료과,"개설학과 물리치료과, 작업치료과 · 영역 전공 · 교과목 구분 일반교과 · 수업방식 대면 · NCS 구분 KBUCS",,,,,1,2,원본 미제공,,3,True,actual_course_offerings_2026,G642,2026,2,물리치료과|작업치료과,30100400|30100600,1,전공,대면,일반교과,KBUCS,allowed,offline,교과목명·개설학과·교과구분·NCS·학년·학점·수업방식,원본 미제공,synthetic 학생 이수정보와 미연결,True,code,G642
G665,M노인물리치료학,물리치료과,개설학과 물리치료과 · 영역 전공 · 교과목 구분 일반교과 · 수업방식 대면 · NCS 구분 KBUCS,,,,,1,2,원본 미제공,,3,True,actual_course_offerings_2026,G665,2026,2,물리치료과,30100600,1,전공,대면,일반교과,KBUCS,allowed,offline,교과목명·개설학과·교과구분·NCS·학년·학점·수업방식,원본 미제공,synthetic 학생 이수정보와 미연결,True,code,G665
G673,M물리치료학개론,물리치료과,개설학과 물리치료과 · 영역 전공 · 교과목 구분 일반교과 · 수업방식 혼합 · NCS 구분 KBUCS,,,,,1,1,원본 미제공,,3,True,actual_course_offerings_2026,G673,2026,1,물리치료과,30100600,1,전공,혼합,일반교과,KBUCS,allowed,offline,교과목명·개설학과·교과구분·NCS·학년·학점·수업방식,원본 미제공,synthetic 학생 이수정보와 미연결,True,code,G673
G667,M보조기의지학,물리치료과,개설학과 물리치료과 · 영역 전공 · 교과목 구분 일반교과 · 수업방식 대면 · NCS 구분 KBUCS,,,,,2,1,원본 미제공,,3,True,actual_course_offerings_2026,G667,2026,1,물리치료과,30100600,2,전공,대면,일반교과,KBUCS,allowed,offline,교과목명·개설학과·교과구분·NCS·학년·학점·수업방식,원본 미제공,synthetic 학생 이수정보와 미연결,True,code,G667
G670,M스포츠물리치료학,물리치료과,개설학과 물리치료과 · 영역 전공 · 교과목 구분 일반교과 · 수업방식 대면 · NCS 구분 KBUCS,,,,,3,2,원본 미제공,,3,True,actual_course_offerings_2026,G670,2026,2,물리치료과,30100600,3,전공,대면,일반교과,KBUCS,allowed,offline,교과목명·개설학과·교과구분·NCS·학년·학점·수업방식,원본 미제공,synthetic 학생 이수정보와 미연결,True,code,G670
G666,M신경계물리치료중재학,물리치료과,개설학과 물리치료과 · 영역 전공 · 교과목 구분 일반교과 · 수업방식 대면 · NCS 구분 KBUCS,,,,,2,2,원본 미제공,,3,True,actual_course_offerings_2026,G666,2026,2,물리치료과,30100600,2,전공,대면,일반교과,KBUCS,allowed,offline,교과목명·개설학과·교과구분·NCS·학년·학점·수업방식,원본 미제공,synthetic 학생 이수정보와 미연결,True,code,G666
G596,M신경계물리치료진단및평가,물리치료과,개설학과 물리치료과 · 영역 전공 · 교과목 구분 일반교과 · 수업방식 대면 · NCS 구분 KBUCS,,,,,2,1,원본 미제공,,3,True,actual_course_offerings_2026,G596,2026,1,물리치료과,30100600,2,전공,대면,일반교과,KBUCS,allowed,offline,교과목명·개설학과·교과구분·NCS·학년·학점·수업방식,원본 미제공,synthetic 학생 이수정보와 미연결,True,code,G596
G638,M신경과학,물리치료과,"개설학과 물리치료과, 작업치료과 · 영역 전공 · 교과목 구분 일반교과 · 수업방식 대면 · NCS 구분 KBUCS",,,,,1,2,원본 미제공,,3,True,actual_course_offerings_2026,G638,2026,2,물리치료과|작업치료과,30100400|30100600,1,전공,대면,일반교과,KBUCS,allowed,offline,교과목명·개설학과·교과구분·NCS·학년·학점·수업방식,원본 미제공,synthetic 학생 이수정보와 미연결,True,code,G638
G674,M아동물리치료학,물리치료과,개설학과 물리치료과 · 영역 전공 · 교과목 구분 일반교과 · 수업방식 대면 · NCS 구분 KBUCS,,,,,3,1,원본 미제공,,3,True,actual_course_offerings_2026,G674,2026,1,물리치료과,30100600,3,전공,대면,일반교과,KBUCS,allowed,offline,교과목명·개설학과·교과구분·NCS·학년·학점·수업방식,원본 미제공,synthetic 학생 이수정보와 미연결,True,code,G674
G675,M운동치료학(1),물리치료과,개설학과 물리치료과 · 영역 전공 · 교과목 구분 일반교과 · 수업방식 대면 · NCS 구분 KBUCS,,,,,2,1,원본 미제공,,3,True,actual_course_offerings_2026,G675,2026,1,물리치료과,30100600,2,전공,대면,일반교과,KBUCS,allowed,offline,교과목명·개설학과·교과구분·NCS·학년·학점·수업방식,원본 미제공,synthetic 학생 이수정보와 미연결,True,code,G675
G676,M운동치료학(2),물리치료과,개설학과 물리치료과 · 영역 전공 · 교과목 구분 일반교과 · 수업방식 대면 · NCS 구분 KBUCS,,,,,2,2,원본 미제공,,3,True,actual_course_offerings_2026,G676,2026,2,물리치료과,30100600,2,전공,대면,일반교과,KBUCS,allowed,offline,교과목명·개설학과·교과구분·NCS·학년·학점·수업방식,원본 미제공,synthetic 학생 이수정보와 미연결,True,code,G676
G646,M의료관계법규,물리치료과,개설학과 물리치료과 · 영역 전공 · 교과목 구분 일반교과 · 수업방식 원격 · NCS 구분 KBUCS,,,,,3,2,원본 미제공,,3,True,actual_course_offerings_2026,G646,2026,2,물리치료과,30100600,3,전공,원격,일반교과,KBUCS,allowed,offline,교과목명·개설학과·교과구분·NCS·학년·학점·수업방식,원본 미제공,synthetic 학생 이수정보와 미연결,True,code,G646
G677,M의학용어,물리치료과,개설학과 물리치료과 · 영역 전공 · 교과목 구분 일반교과 · 수업방식 원격 · NCS 구분 KBUCS,,,,,1,1,원본 미제공,,3,True,actual_course_offerings_2026,G677,2026,1,물리치료과,30100600,1,전공,원격,일반교과,KBUCS,allowed,offline,교과목명·개설학과·교과구분·NCS·학년·학점·수업방식,원본 미제공,synthetic 학생 이수정보와 미연결,True,code,G677
G671,M인체생리학,물리치료과,개설학과 물리치료과 · 영역 전공 · 교과목 구분 일반교과 · 수업방식 대면 · NCS 구분 KBUCS,,,,,1,1,원본 미제공,,3,True,actual_course_offerings_2026,G671,2026,1,물리치료과,30100600,1,전공,대면,일반교과,KBUCS,allowed,offline,교과목명·개설학과·교과구분·NCS·학년·학점·수업방식,원본 미제공,synthetic 학생 이수정보와 미연결,True,code,G671
G679,M인체해부학(1),물리치료과,개설학과 물리치료과 · 영역 전공 · 교과목 구분 일반교과 · 수업방식 대면 · NCS 구분 KBUCS,,,,,1,1,원본 미제공,,3,True,actual_course_offerings_2026,G679,2026,1,물리치료과,30100600,1,전공,대면,일반교과,KBUCS,allowed,offline,교과목명·개설학과·교과구분·NCS·학년·학점·수업방식,원본 미제공,synthetic 학생 이수정보와 미연결,True,code,G679
G672,M인체해부학(2),물리치료과,개설학과 물리치료과 · 영역 전공 · 교과목 구분 일반교과 · 수업방식 대면 · NCS 구분 KBUCS,,,,,1,2,원본 미제공,,3,True,actual_course_offerings_2026,G672,2026,2,물리치료과,30100600,1,전공,대면,일반교과,KBUCS,allowed,offline,교과목명·개설학과·교과구분·NCS·학년·학점·수업방식,원본 미제공,synthetic 학생 이수정보와 미연결,True,code,G672
G678,M임상운동학,물리치료과,개설학과 물리치료과 · 영역 전공 · 교과목 구분 일반교과 · 수업방식 대면 · NCS 구분 KBUCS,,,,,1,2,원본 미제공,,3,True,actual_course_offerings_2026,G678,2026,2,물리치료과,30100600,1,전공,대면,일반교과,KBUCS,allowed,offline,교과목명·개설학과·교과구분·NCS·학년·학점·수업방식,원본 미제공,synthetic 학생 이수정보와 미연결,True,code,G678
G597,M임상의사결정,물리치료과,개설학과 물리치료과 · 영역 전공 · 교과목 구분 일반교과 · 수업방식 대면 · NCS 구분 KBUCS,,,,,3,2,원본 미제공,,3,True,actual_course_offerings_2026,G597,2026,2,물리치료과,30100600,3,전공,대면,일반교과,KBUCS,allowed,offline,교과목명·개설학과·교과구분·NCS·학년·학점·수업방식,원본 미제공,synthetic 학생 이수정보와 미연결,True,code,G597
G631,M장애아동의이해,물리치료과,"개설학과 물리치료과, 작업치료과 · 영역 전공 · 교과목 구분 일반교과 · 수업방식 대면, 원격 · NCS 구분 KBUCS",,,,,2,1,원본 미제공,,3,True,actual_course_offerings_2026,G631,2026,1|2,물리치료과|작업치료과,30100400|30100600,2|3,전공,대면|원격,일반교과,KBUCS,allowed,offline,교과목명·개설학과·교과구분·NCS·학년·학점·수업방식,원본 미제공,synthetic 학생 이수정보와 미연결,True,code,G631
G593,M재활과로봇,물리치료과,개설학과 물리치료과 · 영역 전공 · 교과목 구분 일반교과 · 수업방식 대면 · NCS 구분 KBUCS,,,,,2,2,원본 미제공,,3,True,actual_course_offerings_2026,G593,2026,2,물리치료과,30100600,2,전공,대면,일반교과,KBUCS,allowed,offline,교과목명·개설학과·교과구분·NCS·학년·학점·수업방식,원본 미제공,synthetic 학생 이수정보와 미연결,True,code,G593
G508,M전기치료학,물리치료과,개설학과 물리치료과 · 영역 전공 · 교과목 구분 일반교과 · 수업방식 대면 · NCS 구분 KBUCS,,,,,2,2,원본 미제공,,3,True,actual_course_offerings_2026,G508,2026,2,물리치료과,30100600,2,전공,대면,일반교과,KBUCS,allowed,offline,교과목명·개설학과·교과구분·NCS·학년·학점·수업방식,원본 미제공,synthetic 학생 이수정보와 미연결,True,code,G508
G669,M정형물리치료,물리치료과,개설학과 물리치료과 · 영역 전공 · 교과목 구분 일반교과 · 수업방식 대면 · NCS 구분 KBUCS,,,,,3,1,원본 미제공,,3,True,actual_course_offerings_2026,G669,2026,1,물리치료과,30100600,3,전공,대면,일반교과,KBUCS,allowed,offline,교과목명·개설학과·교과구분·NCS·학년·학점·수업방식,원본 미제공,synthetic 학생 이수정보와 미연결,True,code,G669
G503,M중추신경계물리치료,물리치료과,개설학과 물리치료과 · 영역 전공 · 교과목 구분 일반교과 · 수업방식 대면 · NCS 구분 KBUCS,,,,,3,2,원본 미제공,,3,True,actual_course_offerings_2026,G503,2026,2,물리치료과,30100600,3,전공,대면,일반교과,KBUCS,allowed,offline,교과목명·개설학과·교과구분·NCS·학년·학점·수업방식,원본 미제공,synthetic 학생 이수정보와 미연결,True,code,G503
G668,M지역사회물리치료학,물리치료과,개설학과 물리치료과 · 영역 전공 · 교과목 구분 일반교과 · 수업방식 대면 · NCS 구분 KBUCS,,,,,3,1,원본 미제공,,3,True,actual_course_offerings_2026,G668,2026,1,물리치료과,30100600,3,전공,대면,일반교과,KBUCS,allowed,offline,교과목명·개설학과·교과구분·NCS·학년·학점·수업방식,원본 미제공,synthetic 학생 이수정보와 미연결,True,code,G668
G663,M측정및평가,물리치료과,개설학과 물리치료과 · 영역 전공 · 교과목 구분 일반교과 · 수업방식 대면 · NCS 구분 KBUCS,,,,,2,1,원본 미제공,,3,True,actual_course_offerings_2026,G663,2026,1,물리치료과,30100600,2,전공,대면,일반교과,KBUCS,allowed,offline,교과목명·개설학과·교과구분·NCS·학년·학점·수업방식,원본 미제공,synthetic 학생 이수정보와 미연결,True,code,G663
G624,M피부및심폐혈관계물리치료학,물리치료과,개설학과 물리치료과 · 영역 전공 · 교과목 구분 일반교과 · 수업방식 대면 · NCS 구분 KBUCS,,,,,3,2,원본 미제공,,4,True,actual_course_offerings_2026,G624,2026,2,물리치료과,30100600,3,전공,대면,일반교과,KBUCS,allowed,offline,교과목명·개설학과·교과구분·NCS·학년·학점·수업방식,원본 미제공,synthetic 학생 이수정보와 미연결,True,code,G624
A327,물리치료사현장실습(1),물리치료과,aa,,,,,2,2,원본 미제공,,6,True,actual_course_offerings_2026,A327,2026,2,물리치료과,30100600,2,전공,대면,현장실습,KBUCS,allowed,offline,교과목명·개설학과·교과구분·NCS·학년·학점·수업방식,원본 미제공,synthetic 학생 이수정보와 미연결,True,code,A327
A328,물리치료사현장실습(2),물리치료과,aa,,,,,3,1,원본 미제공,,6,True,actual_course_offerings_2026,A328,2026,1,물리치료과,30100600,3,전공,대면,현장실습,KBUCS,allowed,offline,교과목명·개설학과·교과구분·NCS·학년·학점·수업방식,원본 미제공,synthetic 학생 이수정보와 미연결,True,code,A328
G001,물리치료특론,물리치료과,개설학과 물리치료과 · 영역 전공 · 교과목 구분 일반교과 · 수업방식 대면 · NCS 구분 KBUCS,,,,,3,2,원본 미제공,,1,True,actual_course_offerings_2026,G001,2026,2,물리치료과,30100600,3,전공,대면,일반교과,KBUCS,allowed,offline,교과목명·개설학과·교과구분·NCS·학년·학점·수업방식,원본 미제공,synthetic 학생 이수정보와 미연결,True,code,G001
6760,공중보건학,물리치료학과,"개설학과 물리치료학과, 의료미용과 · 영역 전공 · 교과목 구분 제작콘텐츠 · 수업방식 원격 · NCS 구분 KBUCS, 자율과목",,,,,2,1,원본 미제공,,3,True,actual_course_offerings_2026,6760,2026,1|2,물리치료학과|의료미용과,30900992|30901032,2|3,전공,원격,제작콘텐츠,KBUCS|자율과목,allowed,offline,교과목명·개설학과·교과구분·NCS·학년·학점·수업방식,원본 미제공,synthetic 학생 이수정보와 미연결,True,none,
U930,병리학,물리치료학과,개설학과 물리치료학과 · 영역 전공 · 교과목 구분 제작콘텐츠 · 수업방식 원격 · NCS 구분 KBUCS,,,,,3,2,원본 미제공,,3,True,actual_course_offerings_2026,U930,2026,2,물리치료학과,30901032,3,전공,원격,제작콘텐츠,KBUCS,allowed,offline,교과목명·개설학과·교과구분·NCS·학년·학점·수업방식,원본 미제공,synthetic 학생 이수정보와 미연결,True,none,
B536,보건통계학,물리치료학과,"개설학과 물리치료학과 · 영역 전공 · 교과목 구분 일반교과 · 수업방식 대면, 혼합 · NCS 구분 KBUCS",,,,,1,1,원본 미제공,,3,True,actual_course_offerings_2026,B536,2026,1|2,물리치료학과,30900943|30901032,1|3,전공,대면|혼합,일반교과,KBUCS,allowed,offline,교과목명·개설학과·교과구분·NCS·학년·학점·수업방식,원본 미제공,synthetic 학생 이수정보와 미연결,True,name,G184
A606,운동생리학,물리치료학과,AA,,,,,3,2,원본 미제공,,3,True,actual_course_offerings_2026,A606,2026,2,물리치료학과,30901032,3,전공,대면,일반교과,KBUCS,allowed,offline,교과목명·개설학과·교과구분·NCS·학년·학점·수업방식,원본 미제공,synthetic 학생 이수정보와 미연결,True,code,A606
A604,의무트레이너의이해,물리치료학과,AA,,,,,3,2,원본 미제공,,3,True,actual_course_offerings_2026,A604,2026,2,물리치료학과,30901032,3,전공,원격,제작콘텐츠,KBUCS,allowed,offline,교과목명·개설학과·교과구분·NCS·학년·학점·수업방식,원본 미제공,synthetic 학생 이수정보와 미연결,True,code,A604
A603,일반물리학및실습,물리치료학과,AA,,,,,3,2,원본 미제공,,3,True,actual_course_offerings_2026,A603,2026,2,물리치료학과,30901032,3,전공,대면,일반교과,KBUCS,allowed,offline,교과목명·개설학과·교과구분·NCS·학년·학점·수업방식,원본 미제공,synthetic 학생 이수정보와 미연결,True,code,A603
H126,임상물리치료연구,물리치료학과,개설학과 물리치료학과 · 영역 전공 · 교과목 구분 일반교과 · 수업방식 대면 · NCS 구분 KBUCS,,,,,1,2,원본 미제공,,4,True,actual_course_offerings_2026,H126,2026,2,물리치료학과,30900943,1,전공,대면,일반교과,KBUCS,allowed,offline,교과목명·개설학과·교과구분·NCS·학년·학점·수업방식,원본 미제공,synthetic 학생 이수정보와 미연결,True,code,H126
A605,재활필라테스,물리치료학과,AA,,,,,3,2,원본 미제공,,3,True,actual_course_offerings_2026,A605,2026,2,물리치료학과,30901032,3,전공,대면,일반교과,KBUCS,allowed,offline,교과목명·개설학과·교과구분·NCS·학년·학점·수업방식,원본 미제공,synthetic 학생 이수정보와 미연결,True,code,A605
H123,전문근골격계물리치료,물리치료학과,개설학과 물리치료학과 · 영역 전공 · 교과목 구분 일반교과 · 수업방식 혼합 · NCS 구분 KBUCS,,,,,1,1,원본 미제공,,3,True,actual_course_offerings_2026,H123,2026,1,물리치료학과,30900943,1,전공,혼합,일반교과,KBUCS,allowed,offline,교과목명·개설학과·교과구분·NCS·학년·학점·수업방식,원본 미제공,synthetic 학생 이수정보와 미연결,True,code,H123
A431,전문로봇물리치료,물리치료학과,AA,,,,,1,2,원본 미제공,,3,True,actual_course_offerings_2026,A431,2026,2,물리치료학과,30900943,1,전공,대면,일반교과,KBUCS,allowed,offline,교과목명·개설학과·교과구분·NCS·학년·학점·수업방식,원본 미제공,synthetic 학생 이수정보와 미연결,True,code,A431
H124,전문신경계물리치료,물리치료학과,개설학과 물리치료학과 · 영역 전공 · 교과목 구분 일반교과 · 수업방식 혼합 · NCS 구분 KBUCS,,,,,1,1,원본 미제공,,3,True,actual_course_offerings_2026,H124,2026,1,물리치료학과,30900943,1,전공,혼합,일반교과,KBUCS,allowed,offline,교과목명·개설학과·교과구분·NCS·학년·학점·수업방식,원본 미제공,synthetic 학생 이수정보와 미연결,True,code,H124
H125,전문정형물리치료,물리치료학과,개설학과 물리치료학과 · 영역 전공 · 교과목 구분 일반교과 · 수업방식 혼합 · NCS 구분 KBUCS,,,,,1,2,원본 미제공,,3,True,actual_course_offerings_2026,H125,2026,2,물리치료학과,30900943,1,전공,혼합,일반교과,KBUCS,allowed,offline,교과목명·개설학과·교과구분·NCS·학년·학점·수업방식,원본 미제공,synthetic 학생 이수정보와 미연결,True,code,H125
A258,헬스케어창업,물리치료학과,aa,,,,,1,1,원본 미제공,,3,True,actual_course_offerings_2026,A258,2026,1,물리치료학과,30900943,1,전공,원격,일반교과,KBUCS,allowed,offline,교과목명·개설학과·교과구분·NCS·학년·학점·수업방식,원본 미제공,synthetic 학생 이수정보와 미연결,True,code,A258
G868,기초동물보건학특론,반려동물보건과,개설학과 반려동물보건과 · 영역 전공 · 교과목 구분 일반교과 · 수업방식 대면 · NCS 구분 NCS,,,,,3,2,원본 미제공,,1,True,actual_course_offerings_2026,G868,2026,2,반려동물보건과,30101400,3,전공,대면,일반교과,NCS,allowed,offline,교과목명·개설학과·교과구분·NCS·학년·학점·수업방식,원본 미제공,synthetic 학생 이수정보와 미연결,True,code,G868
G870,독스포츠기초,반려동물보건과,개설학과 반려동물보건과 · 영역 전공 · 교과목 구분 일반교과 · 수업방식 대면 · NCS 구분 NCS,,,,,2,1,원본 미제공,,3,True,actual_course_offerings_2026,G870,2026,1,반려동물보건과,30101400,2,전공,대면,일반교과,NCS,allowed,offline,교과목명·개설학과·교과구분·NCS·학년·학점·수업방식,원본 미제공,synthetic 학생 이수정보와 미연결,True,code,G870
G874,독스포츠심화,반려동물보건과,개설학과 반려동물보건과 · 영역 전공 · 교과목 구분 일반교과 · 수업방식 대면 · NCS 구분 NCS,,,,,2,2,원본 미제공,,3,True,actual_course_offerings_2026,G874,2026,2,반려동물보건과,30101400,2,전공,대면,일반교과,NCS,allowed,offline,교과목명·개설학과·교과구분·NCS·학년·학점·수업방식,원본 미제공,synthetic 학생 이수정보와 미연결,True,code,G874
G885,동물공중보건학,반려동물보건과,개설학과 반려동물보건과 · 영역 전공 · 교과목 구분 일반교과 · 수업방식 대면 · NCS 구분 NCS,,,,,1,1,원본 미제공,,3,True,actual_course_offerings_2026,G885,2026,1,반려동물보건과,30101400,1,전공,대면,일반교과,NCS,allowed,offline,교과목명·개설학과·교과구분·NCS·학년·학점·수업방식,원본 미제공,synthetic 학생 이수정보와 미연결,True,code,G885
G890,동물병원실무및실습,반려동물보건과,개설학과 반려동물보건과 · 영역 전공 · 교과목 구분 일반교과 · 수업방식 대면 · NCS 구분 NCS,,,,,2,1,원본 미제공,,3,True,actual_course_offerings_2026,G890,2026,1,반려동물보건과,30101400,2,전공,대면,일반교과,NCS,allowed,offline,교과목명·개설학과·교과구분·NCS·학년·학점·수업방식,원본 미제공,synthetic 학생 이수정보와 미연결,True,code,G890
G873,동물병원현장실습,반려동물보건과,개설학과 반려동물보건과 · 영역 전공 · 교과목 구분 현장실습 · 수업방식 대면 · NCS 구분 NCS,,,,,3,1,원본 미제공,,8,True,actual_course_offerings_2026,G873,2026,1,반려동물보건과,30101400,3,전공,대면,현장실습,NCS,allowed,offline,교과목명·개설학과·교과구분·NCS·학년·학점·수업방식,원본 미제공,synthetic 학생 이수정보와 미연결,True,code,G873
G889,동물보건내과학및실습,반려동물보건과,개설학과 반려동물보건과 · 영역 전공 · 교과목 구분 일반교과 · 수업방식 대면 · NCS 구분 NCS,,,,,2,2,원본 미제공,,3,True,actual_course_offerings_2026,G889,2026,2,반려동물보건과,30101400,2,전공,대면,일반교과,NCS,allowed,offline,교과목명·개설학과·교과구분·NCS·학년·학점·수업방식,원본 미제공,synthetic 학생 이수정보와 미연결,True,code,G889
G860,동물보건복지및법규,반려동물보건과,개설학과 반려동물보건과 · 영역 전공 · 교과목 구분 일반교과 · 수업방식 대면 · NCS 구분 NCS,,,,,1,1,원본 미제공,,3,True,actual_course_offerings_2026,G860,2026,1,반려동물보건과,30101400,1,전공,대면,일반교과,NCS,allowed,offline,교과목명·개설학과·교과구분·NCS·학년·학점·수업방식,원본 미제공,synthetic 학생 이수정보와 미연결,True,code,G860
G865,동물보건복지법규특론,반려동물보건과,개설학과 반려동물보건과 · 영역 전공 · 교과목 구분 일반교과 · 수업방식 대면 · NCS 구분 NCS,,,,,3,2,원본 미제공,,1,True,actual_course_offerings_2026,G865,2026,2,반려동물보건과,30101400,3,전공,대면,일반교과,NCS,allowed,offline,교과목명·개설학과·교과구분·NCS·학년·학점·수업방식,원본 미제공,synthetic 학생 이수정보와 미연결,True,code,G865
G876,동물보건영상학및실습,반려동물보건과,개설학과 반려동물보건과 · 영역 전공 · 교과목 구분 일반교과 · 수업방식 대면 · NCS 구분 NCS,,,,,3,1,원본 미제공,,3,True,actual_course_offerings_2026,G876,2026,1,반려동물보건과,30101400,3,전공,대면,일반교과,NCS,allowed,offline,교과목명·개설학과·교과구분·NCS·학년·학점·수업방식,원본 미제공,synthetic 학생 이수정보와 미연결,True,code,G876
G878,동물보건영양학,반려동물보건과,개설학과 반려동물보건과 · 영역 전공 · 교과목 구분 제작콘텐츠 · 수업방식 대면 · NCS 구분 NCS,,,,,1,2,원본 미제공,,3,True,actual_course_offerings_2026,G878,2026,2,반려동물보건과,30101400,1,전공,대면,제작콘텐츠,NCS,allowed,offline,교과목명·개설학과·교과구분·NCS·학년·학점·수업방식,원본 미제공,synthetic 학생 이수정보와 미연결,True,code,G878
G886,동물보건외과학및실습,반려동물보건과,개설학과 반려동물보건과 · 영역 전공 · 교과목 구분 일반교과 · 수업방식 대면 · NCS 구분 NCS,,,,,2,2,원본 미제공,,3,True,actual_course_offerings_2026,G886,2026,2,반려동물보건과,30101400,2,전공,대면,일반교과,NCS,allowed,offline,교과목명·개설학과·교과구분·NCS·학년·학점·수업방식,원본 미제공,synthetic 학생 이수정보와 미연결,True,code,G886
G875,동물보건응급간호학및실습,반려동물보건과,개설학과 반려동물보건과 · 영역 전공 · 교과목 구분 일반교과 · 수업방식 대면 · NCS 구분 NCS,,,,,3,1,원본 미제공,,3,True,actual_course_offerings_2026,G875,2026,1,반려동물보건과,30101400,3,전공,대면,일반교과,NCS,allowed,offline,교과목명·개설학과·교과구분·NCS·학년·학점·수업방식,원본 미제공,synthetic 학생 이수정보와 미연결,True,code,G875
G888,동물보건임상병리학및실습,반려동물보건과,개설학과 반려동물보건과 · 영역 전공 · 교과목 구분 일반교과 · 수업방식 대면 · NCS 구분 NCS,,,,,2,2,원본 미제공,,3,True,actual_course_offerings_2026,G888,2026,2,반려동물보건과,30101400,2,전공,대면,일반교과,NCS,allowed,offline,교과목명·개설학과·교과구분·NCS·학년·학점·수업방식,원본 미제공,synthetic 학생 이수정보와 미연결,True,code,G888
G879,동물보건행동학및실습,반려동물보건과,개설학과 반려동물보건과 · 영역 전공 · 교과목 구분 일반교과 · 수업방식 대면 · NCS 구분 NCS,,,,,1,2,원본 미제공,,3,True,actual_course_offerings_2026,G879,2026,2,반려동물보건과,30101400,1,전공,대면,일반교과,NCS,allowed,offline,교과목명·개설학과·교과구분·NCS·학년·학점·수업방식,원본 미제공,synthetic 학생 이수정보와 미연결,True,code,G879
G884,동물질병학,반려동물보건과,개설학과 반려동물보건과 · 영역 전공 · 교과목 구분 일반교과 · 수업방식 대면 · NCS 구분 NCS,,,,,1,1,원본 미제공,,3,True,actual_course_offerings_2026,G884,2026,1,반려동물보건과,30101400,1,전공,대면,일반교과,NCS,allowed,offline,교과목명·개설학과·교과구분·NCS·학년·학점·수업방식,원본 미제공,synthetic 학생 이수정보와 미연결,True,code,G884
G864,동물해부생리학및실습,반려동물보건과,개설학과 반려동물보건과 · 영역 전공 · 교과목 구분 일반교과 · 수업방식 대면 · NCS 구분 NCS,,,,,1,2,원본 미제공,,3,True,actual_course_offerings_2026,G864,2026,2,반려동물보건과,30101400,1,전공,대면,일반교과,NCS,allowed,offline,교과목명·개설학과·교과구분·NCS·학년·학점·수업방식,원본 미제공,synthetic 학생 이수정보와 미연결,True,code,G864
G887,반려견기초훈련,반려동물보건과,개설학과 반려동물보건과 · 영역 전공 · 교과목 구분 일반교과 · 수업방식 대면 · NCS 구분 NCS,,,,,1,1,원본 미제공,,3,True,actual_course_offerings_2026,G887,2026,1,반려동물보건과,30101400,1,전공,대면,일반교과,NCS,allowed,offline,교과목명·개설학과·교과구분·NCS·학년·학점·수업방식,원본 미제공,synthetic 학생 이수정보와 미연결,True,code,G887
G871,반려견심화훈련,반려동물보건과,개설학과 반려동물보건과 · 영역 전공 · 교과목 구분 일반교과 · 수업방식 대면 · NCS 구분 NCS,,,,,3,2,원본 미제공,,3,True,actual_course_offerings_2026,G871,2026,2,반려동물보건과,30101400,3,전공,대면,일반교과,NCS,allowed,offline,교과목명·개설학과·교과구분·NCS·학년·학점·수업방식,원본 미제공,synthetic 학생 이수정보와 미연결,True,code,G871
G872,반려견예절교육,반려동물보건과,개설학과 반려동물보건과 · 영역 전공 · 교과목 구분 일반교과 · 수업방식 대면 · NCS 구분 NCS,,,,,1,2,원본 미제공,,3,True,actual_course_offerings_2026,G872,2026,2,반려동물보건과,30101400,1,전공,대면,일반교과,NCS,allowed,offline,교과목명·개설학과·교과구분·NCS·학년·학점·수업방식,원본 미제공,synthetic 학생 이수정보와 미연결,True,code,G872
G891,반려동물기본미용,반려동물보건과,개설학과 반려동물보건과 · 영역 전공 · 교과목 구분 일반교과 · 수업방식 대면 · NCS 구분 NCS,,,,,1,2,원본 미제공,,4,True,actual_course_offerings_2026,G891,2026,2,반려동물보건과,30101400,1,전공,대면,일반교과,NCS,allowed,offline,교과목명·개설학과·교과구분·NCS·학년·학점·수업방식,원본 미제공,synthetic 학생 이수정보와 미연결,True,code,G891
G869,반려동물심화미용,반려동물보건과,개설학과 반려동물보건과 · 영역 전공 · 교과목 구분 일반교과 · 수업방식 대면 · NCS 구분 NCS,,,,,3,1,원본 미제공,,4,True,actual_course_offerings_2026,G869,2026,1,반려동물보건과,30101400,3,전공,대면,일반교과,NCS,allowed,offline,교과목명·개설학과·교과구분·NCS·학년·학점·수업방식,원본 미제공,synthetic 학생 이수정보와 미연결,True,code,G869
G877,반려동물응용미용,반려동물보건과,개설학과 반려동물보건과 · 영역 전공 · 교과목 구분 일반교과 · 수업방식 대면 · NCS 구분 NCS,,,,,2,2,원본 미제공,,4,True,actual_course_offerings_2026,G877,2026,2,반려동물보건과,30101400,2,전공,대면,일반교과,NCS,allowed,offline,교과목명·개설학과·교과구분·NCS·학년·학점·수업방식,원본 미제공,synthetic 학생 이수정보와 미연결,True,code,G877
G880,반려동물일반미용,반려동물보건과,개설학과 반려동물보건과 · 영역 전공 · 교과목 구분 일반교과 · 수업방식 대면 · NCS 구분 NCS,,,,,2,1,원본 미제공,,3,True,actual_course_offerings_2026,G880,2026,1,반려동물보건과,30101400,2,전공,대면,일반교과,NCS,allowed,offline,교과목명·개설학과·교과구분·NCS·학년·학점·수업방식,원본 미제공,synthetic 학생 이수정보와 미연결,True,code,G880
G882,반려동물학,반려동물보건과,개설학과 반려동물보건과 · 영역 전공 · 교과목 구분 일반교과 · 수업방식 대면 · NCS 구분 NCS,,,,,1,1,원본 미제공,,3,True,actual_course_offerings_2026,G882,2026,1,반려동물보건과,30101400,1,전공,대면,일반교과,NCS,allowed,offline,교과목명·개설학과·교과구분·NCS·학년·학점·수업방식,원본 미제공,synthetic 학생 이수정보와 미연결,True,code,G882
G863,수의임상심화,반려동물보건과,개설학과 반려동물보건과 · 영역 전공 · 교과목 구분 일반교과 · 수업방식 대면 · NCS 구분 NCS,,,,,3,2,원본 미제공,,3,True,actual_course_offerings_2026,G863,2026,2,반려동물보건과,30101400,3,전공,대면,일반교과,NCS,allowed,offline,교과목명·개설학과·교과구분·NCS·학년·학점·수업방식,원본 미제공,synthetic 학생 이수정보와 미연결,True,code,G863
G883,실험동물학및실습,반려동물보건과,개설학과 반려동물보건과 · 영역 전공 · 교과목 구분 일반교과 · 수업방식 대면 · NCS 구분 NCS,,,,,2,1,원본 미제공,,3,True,actual_course_offerings_2026,G883,2026,1,반려동물보건과,30101400,2,전공,대면,일반교과,NCS,allowed,offline,교과목명·개설학과·교과구분·NCS·학년·학점·수업방식,원본 미제공,synthetic 학생 이수정보와 미연결,True,code,G883
G866,예방동물보건학특론,반려동물보건과,개설학과 반려동물보건과 · 영역 전공 · 교과목 구분 일반교과 · 수업방식 대면 · NCS 구분 NCS,,,,,3,2,원본 미제공,,1,True,actual_course_offerings_2026,G866,2026,2,반려동물보건과,30101400,3,전공,대면,일반교과,NCS,allowed,offline,교과목명·개설학과·교과구분·NCS·학년·학점·수업방식,원본 미제공,synthetic 학생 이수정보와 미연결,True,code,G866
G862,의약품관리학및실습,반려동물보건과,개설학과 반려동물보건과 · 영역 전공 · 교과목 구분 일반교과 · 수업방식 대면 · NCS 구분 NCS,,,,,2,1,원본 미제공,,3,True,actual_course_offerings_2026,G862,2026,1,반려동물보건과,30101400,2,전공,대면,일반교과,NCS,allowed,offline,교과목명·개설학과·교과구분·NCS·학년·학점·수업방식,원본 미제공,synthetic 학생 이수정보와 미연결,True,code,G862
G861,임상동물보건학특론,반려동물보건과,개설학과 반려동물보건과 · 영역 전공 · 교과목 구분 일반교과 · 수업방식 대면 · NCS 구분 NCS,,,,,3,2,원본 미제공,,1,True,actual_course_offerings_2026,G861,2026,2,반려동물보건과,30101400,3,전공,대면,일반교과,NCS,allowed,offline,교과목명·개설학과·교과구분·NCS·학년·학점·수업방식,원본 미제공,synthetic 학생 이수정보와 미연결,True,code,G861
A427,동물내과임상사례탐구,반려동물보건학과,AA,,,,,1,2,원본 미제공,,3,True,actual_course_offerings_2026,A427,2026,2,반려동물보건학과,30901000,1,전공,대면,일반교과,KBUCS,allowed,offline,교과목명·개설학과·교과구분·NCS·학년·학점·수업방식,원본 미제공,synthetic 학생 이수정보와 미연결,True,code,A427
A423,동물매개치료실전설계,반려동물보건학과,AA,,,,,1,1,원본 미제공,,3,True,actual_course_offerings_2026,A423,2026,1,반려동물보건학과,30901000,1,전공,대면,일반교과,KBUCS,allowed,offline,교과목명·개설학과·교과구분·NCS·학년·학점·수업방식,원본 미제공,synthetic 학생 이수정보와 미연결,True,code,A423
A426,동물보건외과실무,반려동물보건학과,AA,,,,,1,1,원본 미제공,,3,True,actual_course_offerings_2026,A426,2026,1,반려동물보건학과,30901000,1,전공,대면,일반교과,KBUCS,allowed,offline,교과목명·개설학과·교과구분·NCS·학년·학점·수업방식,원본 미제공,synthetic 학생 이수정보와 미연결,True,code,A426
A429,동물보건재활실무,반려동물보건학과,AA,,,,,1,2,원본 미제공,,3,True,actual_course_offerings_2026,A429,2026,2,반려동물보건학과,30901000,1,전공,대면,일반교과,KBUCS,allowed,offline,교과목명·개설학과·교과구분·NCS·학년·학점·수업방식,원본 미제공,synthetic 학생 이수정보와 미연결,True,code,A429
A428,동물보건진단의학,반려동물보건학과,AA,,,,,1,2,원본 미제공,,3,True,actual_course_offerings_2026,A428,2026,2,반려동물보건학과,30901000,1,전공,대면,일반교과,KBUCS,allowed,offline,교과목명·개설학과·교과구분·NCS·학년·학점·수업방식,원본 미제공,synthetic 학생 이수정보와 미연결,True,code,A428
A424,반려동물보호관리,반려동물보건학과,AA,,,,,1,1,원본 미제공,,3,True,actual_course_offerings_2026,A424,2026,1,반려동물보건학과,30901000,1,전공,대면,일반교과,KBUCS,allowed,offline,교과목명·개설학과·교과구분·NCS·학년·학점·수업방식,원본 미제공,synthetic 학생 이수정보와 미연결,True,code,A424
A425,반려동물장례지도,반려동물보건학과,AA,,,,,1,1,원본 미제공,,3,True,actual_course_offerings_2026,A425,2026,1,반려동물보건학과,30901000,1,전공,대면,일반교과,KBUCS,allowed,offline,교과목명·개설학과·교과구분·NCS·학년·학점·수업방식,원본 미제공,synthetic 학생 이수정보와 미연결,True,code,A425
A430,실험동물실전기술,반려동물보건학과,AA,,,,,1,2,원본 미제공,,3,True,actual_course_offerings_2026,A430,2026,2,반려동물보건학과,30901000,1,전공,대면,일반교과,KBUCS,allowed,offline,교과목명·개설학과·교과구분·NCS·학년·학점·수업방식,원본 미제공,synthetic 학생 이수정보와 미연결,True,code,A430
A560,AI코스메틱컨설팅,뷰티디자인과,AA,,,,,1,2,원본 미제공,,3,True,actual_course_offerings_2026,A560,2026,2,뷰티디자인과,30900997,1,전공,원격,제작콘텐츠,KBUCS,allowed,offline,교과목명·개설학과·교과구분·NCS·학년·학점·수업방식,원본 미제공,synthetic 학생 이수정보와 미연결,True,code,A560
A545,베이직네일아이래쉬,뷰티디자인과,AA,,,,,1,2,원본 미제공,,3,True,actual_course_offerings_2026,A545,2026,2,뷰티디자인과,30900997,1,전공,대면,일반교과,KBUCS,allowed,offline,교과목명·개설학과·교과구분·NCS·학년·학점·수업방식,원본 미제공,synthetic 학생 이수정보와 미연결,True,code,A545
A547,베이직메이크업,뷰티디자인과,AA,,,,,1,1,원본 미제공,,3,True,actual_course_offerings_2026,A547,2026,1,뷰티디자인과,30900997,1,전공,대면,일반교과,KBUCS,allowed,offline,교과목명·개설학과·교과구분·NCS·학년·학점·수업방식,원본 미제공,synthetic 학생 이수정보와 미연결,True,code,A547
A553,베이직피부관리,뷰티디자인과,AA,,,,,1,1,원본 미제공,,3,True,actual_course_offerings_2026,A553,2026,1,뷰티디자인과,30900997,1,전공,대면,일반교과,KBUCS,allowed,offline,교과목명·개설학과·교과구분·NCS·학년·학점·수업방식,원본 미제공,synthetic 학생 이수정보와 미연결,True,code,A553
A561,뷰티살롱서비스실무,뷰티디자인과,AA,,,,,1,1,원본 미제공,,3,True,actual_course_offerings_2026,A561,2026,1,뷰티디자인과,30900997,1,전공,대면,일반교과,KBUCS,allowed,offline,교과목명·개설학과·교과구분·NCS·학년·학점·수업방식,원본 미제공,synthetic 학생 이수정보와 미연결,True,code,A561
A554,스마트비만스파테라피,뷰티디자인과,AA,,,,,1,2,원본 미제공,,3,True,actual_course_offerings_2026,A554,2026,2,뷰티디자인과,30900997,1,전공,대면,일반교과,KBUCS,allowed,offline,교과목명·개설학과·교과구분·NCS·학년·학점·수업방식,원본 미제공,synthetic 학생 이수정보와 미연결,True,code,A554
A548,스테이지메이크업,뷰티디자인과,AA,,,,,1,2,원본 미제공,,3,True,actual_course_offerings_2026,A548,2026,2,뷰티디자인과,30900997,1,전공,대면,일반교과,KBUCS,allowed,offline,교과목명·개설학과·교과구분·NCS·학년·학점·수업방식,원본 미제공,synthetic 학생 이수정보와 미연결,True,code,A548
A557,헤어샴푸스타일링,뷰티디자인과,AA,,,,,1,1,원본 미제공,,3,True,actual_course_offerings_2026,A557,2026,1,뷰티디자인과,30900997,1,전공,대면,일반교과,KBUCS,allowed,offline,교과목명·개설학과·교과구분·NCS·학년·학점·수업방식,원본 미제공,synthetic 학생 이수정보와 미연결,True,code,A557
A558,헤어커트펌,뷰티디자인과,AA,,,,,1,2,원본 미제공,,3,True,actual_course_offerings_2026,A558,2026,2,뷰티디자인과,30900997,1,전공,대면,일반교과,KBUCS,allowed,offline,교과목명·개설학과·교과구분·NCS·학년·학점·수업방식,원본 미제공,synthetic 학생 이수정보와 미연결,True,code,A558
M111,M두피모발관리,뷰티코스메틱과,개설학과 뷰티코스메틱과 · 영역 전공 · 교과목 구분 일반교과 · 수업방식 대면 · NCS 구분 NCS,,,,,2,1,원본 미제공,,3,True,actual_course_offerings_2026,M111,2026,1,뷰티코스메틱과,30502200,2,전공,대면,일반교과,NCS,allowed,offline,교과목명·개설학과·교과구분·NCS·학년·학점·수업방식,원본 미제공,synthetic 학생 이수정보와 미연결,True,code,M111
H008,M맞춤형화장품이해,뷰티코스메틱과,개설학과 뷰티코스메틱과 · 영역 전공 · 교과목 구분 일반교과 · 수업방식 원격 · NCS 구분 NCS,,,,,2,2,원본 미제공,,2,True,actual_course_offerings_2026,H008,2026,2,뷰티코스메틱과,30502200,2,전공,원격,일반교과,NCS,allowed,offline,교과목명·개설학과·교과구분·NCS·학년·학점·수업방식,원본 미제공,synthetic 학생 이수정보와 미연결,True,code,H008
M127,M무대메이크업,뷰티코스메틱과,개설학과 뷰티코스메틱과 · 영역 전공 · 교과목 구분 일반교과 · 수업방식 대면 · NCS 구분 NCS,,,,,2,2,원본 미제공,,3,True,actual_course_offerings_2026,M127,2026,2,뷰티코스메틱과,30502200,2,전공,대면,일반교과,NCS,allowed,offline,교과목명·개설학과·교과구분·NCS·학년·학점·수업방식,원본 미제공,synthetic 학생 이수정보와 미연결,True,code,M127
M168,M미디어캐릭터메이크업,뷰티코스메틱과,개설학과 뷰티코스메틱과 · 영역 전공 · 교과목 구분 일반교과 · 수업방식 대면 · NCS 구분 NCS,,,,,2,1,원본 미제공,,3,True,actual_course_offerings_2026,M168,2026,1,뷰티코스메틱과,30502200,2,전공,대면,일반교과,NCS,allowed,offline,교과목명·개설학과·교과구분·NCS·학년·학점·수업방식,원본 미제공,synthetic 학생 이수정보와 미연결,True,code,M168
M261,M뷰티클리닉코디네이션,뷰티코스메틱과,개설학과 뷰티코스메틱과 · 영역 전공 · 교과목 구분 제작콘텐츠 · 수업방식 원격 · NCS 구분 KBUCS,,,,,2,1,원본 미제공,,3,True,actual_course_offerings_2026,M261,2026,1,뷰티코스메틱과,30502200,2,전공,원격,제작콘텐츠,KBUCS,allowed,offline,교과목명·개설학과·교과구분·NCS·학년·학점·수업방식,원본 미제공,synthetic 학생 이수정보와 미연결,True,code,M261
M147,M창작네일,뷰티코스메틱과,개설학과 뷰티코스메틱과 · 영역 전공 · 교과목 구분 일반교과 · 수업방식 대면 · NCS 구분 NCS,,,,,2,1,원본 미제공,,3,True,actual_course_offerings_2026,M147,2026,1,뷰티코스메틱과,30502200,2,전공,대면,일반교과,NCS,allowed,offline,교과목명·개설학과·교과구분·NCS·학년·학점·수업방식,원본 미제공,synthetic 학생 이수정보와 미연결,True,code,M147
M260,M피부미용기기사용,뷰티코스메틱과,개설학과 뷰티코스메틱과 · 영역 전공 · 교과목 구분 일반교과 · 수업방식 대면 · NCS 구분 KBUCS,,,,,2,2,원본 미제공,,3,True,actual_course_offerings_2026,M260,2026,2,뷰티코스메틱과,30502200,2,전공,대면,일반교과,KBUCS,allowed,offline,교과목명·개설학과·교과구분·NCS·학년·학점·수업방식,원본 미제공,synthetic 학생 이수정보와 미연결,True,code,M260
M263,M피부미용피부분석,뷰티코스메틱과,개설학과 뷰티코스메틱과 · 영역 전공 · 교과목 구분 제작콘텐츠 · 수업방식 원격 · NCS 구분 NCS,,,,,2,1,원본 미제공,,2,True,actual_course_offerings_2026,M263,2026,1,뷰티코스메틱과,30502200,2,전공,원격,제작콘텐츠,NCS,allowed,offline,교과목명·개설학과·교과구분·NCS·학년·학점·수업방식,원본 미제공,synthetic 학생 이수정보와 미연결,True,code,M263
M258,M헤어커트와펌,뷰티코스메틱과,개설학과 뷰티코스메틱과 · 영역 전공 · 교과목 구분 일반교과 · 수업방식 대면 · NCS 구분 KBUCS,,,,,2,2,원본 미제공,,3,True,actual_course_offerings_2026,M258,2026,2,뷰티코스메틱과,30502200,2,전공,대면,일반교과,KBUCS,allowed,offline,교과목명·개설학과·교과구분·NCS·학년·학점·수업방식,원본 미제공,synthetic 학생 이수정보와 미연결,True,code,M258
G938,기계학습실습,빅데이터과,개설학과 빅데이터과 · 영역 전공 · 교과목 구분 일반교과 · 수업방식 대면 · NCS 구분 NCS,,,,,2,1,원본 미제공,,3,True,actual_course_offerings_2026,G938,2026,1,빅데이터과,30401800,2,전공,대면,일반교과,NCS,allowed,offline,교과목명·개설학과·교과구분·NCS·학년·학점·수업방식,원본 미제공,synthetic 학생 이수정보와 미연결,True,code,G938
G947,데이터관리론,빅데이터과,개설학과 빅데이터과 · 영역 전공 · 교과목 구분 일반교과 · 수업방식 대면 · NCS 구분 NCS,,,,,2,1,원본 미제공,,3,True,actual_course_offerings_2026,G947,2026,1,빅데이터과,30401800,2,전공,대면,일반교과,NCS,allowed,offline,교과목명·개설학과·교과구분·NCS·학년·학점·수업방식,원본 미제공,synthetic 학생 이수정보와 미연결,True,code,G947
G961,데이터분석실습,빅데이터과,개설학과 빅데이터과 · 영역 전공 · 교과목 구분 일반교과 · 수업방식 대면 · NCS 구분 NCS,,,,,2,2,원본 미제공,,3,True,actual_course_offerings_2026,G961,2026,2,빅데이터과,30401800,2,전공,대면,일반교과,NCS,allowed,offline,교과목명·개설학과·교과구분·NCS·학년·학점·수업방식,원본 미제공,synthetic 학생 이수정보와 미연결,True,code,G961
G954,데이터시각화실습,빅데이터과,개설학과 빅데이터과 · 영역 전공 · 교과목 구분 일반교과 · 수업방식 대면 · NCS 구분 NCS,,,,,2,2,원본 미제공,,3,True,actual_course_offerings_2026,G954,2026,2,빅데이터과,30401800,2,전공,대면,일반교과,NCS,allowed,offline,교과목명·개설학과·교과구분·NCS·학년·학점·수업방식,원본 미제공,synthetic 학생 이수정보와 미연결,True,code,G954
G946,데이터표준화,빅데이터과,개설학과 빅데이터과 · 영역 전공 · 교과목 구분 일반교과 · 수업방식 대면 · NCS 구분 NCS,,,,,3,1,원본 미제공,,3,True,actual_course_offerings_2026,G946,2026,1,빅데이터과,30401800,3,전공,대면,일반교과,NCS,allowed,offline,교과목명·개설학과·교과구분·NCS·학년·학점·수업방식,원본 미제공,synthetic 학생 이수정보와 미연결,True,code,G946
G944,데이터활용법,빅데이터과,개설학과 빅데이터과 · 영역 전공 · 교과목 구분 일반교과 · 수업방식 대면 · NCS 구분 NCS,,,,,2,1,원본 미제공,,3,True,actual_course_offerings_2026,G944,2026,1,빅데이터과,30401800,2,전공,대면,일반교과,NCS,allowed,offline,교과목명·개설학과·교과구분·NCS·학년·학점·수업방식,원본 미제공,synthetic 학생 이수정보와 미연결,True,code,G944
G951,딥러닝실습,빅데이터과,개설학과 빅데이터과 · 영역 전공 · 교과목 구분 일반교과 · 수업방식 대면 · NCS 구분 NCS,,,,,2,2,원본 미제공,,3,True,actual_course_offerings_2026,G951,2026,2,빅데이터과,30401800,2,전공,대면,일반교과,NCS,allowed,offline,교과목명·개설학과·교과구분·NCS·학년·학점·수업방식,원본 미제공,synthetic 학생 이수정보와 미연결,True,code,G951
G942,모델구축&배포,빅데이터과,개설학과 빅데이터과 · 영역 전공 · 교과목 구분 일반교과 · 수업방식 대면 · NCS 구분 NCS,,,,,3,2,원본 미제공,,3,True,actual_course_offerings_2026,G942,2026,2,빅데이터과,30401800,3,전공,대면,일반교과,NCS,allowed,offline,교과목명·개설학과·교과구분·NCS·학년·학점·수업방식,원본 미제공,synthetic 학생 이수정보와 미연결,True,code,G942
G955,산업데이터관리,빅데이터과,개설학과 빅데이터과 · 영역 전공 · 교과목 구분 일반교과 · 수업방식 대면 · NCS 구분 NCS,,,,,3,2,원본 미제공,,3,True,actual_course_offerings_2026,G955,2026,2,빅데이터과,30401800,3,전공,대면,일반교과,NCS,allowed,offline,교과목명·개설학과·교과구분·NCS·학년·학점·수업방식,원본 미제공,synthetic 학생 이수정보와 미연결,True,code,G955
H037,서버프로그램구현(1),빅데이터과,개설학과 빅데이터과 · 영역 전공 · 교과목 구분 일반교과 · 수업방식 대면 · NCS 구분 NCS,,,,,2,1,원본 미제공,,3,True,actual_course_offerings_2026,H037,2026,1,빅데이터과,30401800,2,전공,대면,일반교과,NCS,allowed,offline,교과목명·개설학과·교과구분·NCS·학년·학점·수업방식,원본 미제공,synthetic 학생 이수정보와 미연결,True,code,H037
G966,서버프로그램구현(2),빅데이터과,개설학과 빅데이터과 · 영역 전공 · 교과목 구분 일반교과 · 수업방식 대면 · NCS 구분 NCS,,,,,2,2,원본 미제공,,3,True,actual_course_offerings_2026,G966,2026,2,빅데이터과,30401800,2,전공,대면,일반교과,NCS,allowed,offline,교과목명·개설학과·교과구분·NCS·학년·학점·수업방식,원본 미제공,synthetic 학생 이수정보와 미연결,True,code,G966
G964,앱프로그래밍(1),빅데이터과,개설학과 빅데이터과 · 영역 전공 · 교과목 구분 일반교과 · 수업방식 대면 · NCS 구분 NCS,,,,,2,1,원본 미제공,,3,True,actual_course_offerings_2026,G964,2026,1,빅데이터과,30401800,2,전공,대면,일반교과,NCS,allowed,offline,교과목명·개설학과·교과구분·NCS·학년·학점·수업방식,원본 미제공,synthetic 학생 이수정보와 미연결,True,code,G964
G965,앱프로그래밍(2),빅데이터과,개설학과 빅데이터과 · 영역 전공 · 교과목 구분 일반교과 · 수업방식 대면 · NCS 구분 NCS,,,,,2,2,원본 미제공,,3,True,actual_course_offerings_2026,G965,2026,2,빅데이터과,30401800,2,전공,대면,일반교과,NCS,allowed,offline,교과목명·개설학과·교과구분·NCS·학년·학점·수업방식,원본 미제공,synthetic 학생 이수정보와 미연결,True,code,G965
G941,인공지능개론,빅데이터과,"개설학과 빅데이터과, 사회복지과 · 영역 전공 · 교과목 구분 일반교과 · 수업방식 대면 · NCS 구분 NCS",,,,,1,1,원본 미제공,,3,True,actual_course_offerings_2026,G941,2026,1,빅데이터과|사회복지과,30401800|30901005,1|2,전공,대면,일반교과,NCS,allowed,offline,교과목명·개설학과·교과구분·NCS·학년·학점·수업방식,원본 미제공,synthetic 학생 이수정보와 미연결,True,code,G941
G952,인공지능모델운영,빅데이터과,개설학과 빅데이터과 · 영역 전공 · 교과목 구분 일반교과 · 수업방식 대면 · NCS 구분 NCS,,,,,2,2,원본 미제공,,3,True,actual_course_offerings_2026,G952,2026,2,빅데이터과,30401800,2,전공,대면,일반교과,NCS,allowed,offline,교과목명·개설학과·교과구분·NCS·학년·학점·수업방식,원본 미제공,synthetic 학생 이수정보와 미연결,True,code,G952
G943,클라우드활용,빅데이터과,개설학과 빅데이터과 · 영역 전공 · 교과목 구분 일반교과 · 수업방식 대면 · NCS 구분 NCS,,,,,3,1,원본 미제공,,3,True,actual_course_offerings_2026,G943,2026,1,빅데이터과,30401800,3,전공,대면,일반교과,NCS,allowed,offline,교과목명·개설학과·교과구분·NCS·학년·학점·수업방식,원본 미제공,synthetic 학생 이수정보와 미연결,True,code,G943
G693,M기본건강관리1,사회복지과,개설학과 사회복지과 · 영역 전공 · 교과목 구분 일반교과 · 수업방식 대면 · NCS 구분 NCS,,,,,2,2,원본 미제공,,3,True,actual_course_offerings_2026,G693,2026,2,사회복지과,30900964,2,전공,대면,일반교과,NCS,allowed,offline,교과목명·개설학과·교과구분·NCS·학년·학점·수업방식,원본 미제공,synthetic 학생 이수정보와 미연결,True,code,G693
G467,M노인건강사정,사회복지과,노인건강사정,,,,,2,2,원본 미제공,,3,True,actual_course_offerings_2026,G467,2026,2,사회복지과,30900964,2,전공,혼합,제작콘텐츠,NCS,allowed,offline,교과목명·개설학과·교과구분·NCS·학년·학점·수업방식,원본 미제공,synthetic 학생 이수정보와 미연결,True,code,G467
G687,M노인복지론,사회복지과,개설학과 사회복지과 · 영역 전공 · 교과목 구분 일반교과 · 수업방식 대면 · NCS 구분 NCS,,,,,2,2,원본 미제공,,3,True,actual_course_offerings_2026,G687,2026,2,사회복지과,30900964,2,전공,대면,일반교과,NCS,allowed,offline,교과목명·개설학과·교과구분·NCS·학년·학점·수업방식,원본 미제공,synthetic 학생 이수정보와 미연결,True,code,G687
G521,M빅데이터의이해,사회복지과,개설학과 사회복지과 · 영역 전공 · 교과목 구분 일반교과 · 수업방식 대면 · NCS 구분 NCS,,,,,1,2,원본 미제공,,3,True,actual_course_offerings_2026,G521,2026,2,사회복지과,30901005,1,전공,대면,일반교과,NCS,allowed,offline,교과목명·개설학과·교과구분·NCS·학년·학점·수업방식,원본 미제공,synthetic 학생 이수정보와 미연결,True,code,G521
G700,M사회복지개론,사회복지과,개설학과 사회복지과 · 영역 전공 · 교과목 구분 제작콘텐츠 · 수업방식 혼합 · NCS 구분 NCS,,,,,1,1,원본 미제공,,3,True,actual_course_offerings_2026,G700,2026,1,사회복지과,30901005,1,전공,혼합,제작콘텐츠,NCS,allowed,offline,교과목명·개설학과·교과구분·NCS·학년·학점·수업방식,원본 미제공,synthetic 학생 이수정보와 미연결,True,code,G700
G686,M사회복지법제와실천,사회복지과,개설학과 사회복지과 · 영역 전공 · 교과목 구분 제작콘텐츠 · 수업방식 혼합 · NCS 구분 NCS,,,,,2,1,원본 미제공,,3,True,actual_course_offerings_2026,G686,2026,1,사회복지과,30900964,2,전공,혼합,제작콘텐츠,NCS,allowed,offline,교과목명·개설학과·교과구분·NCS·학년·학점·수업방식,원본 미제공,synthetic 학생 이수정보와 미연결,True,code,G686
G695,M사회복지실천기술론,사회복지과,개설학과 사회복지과 · 영역 전공 · 교과목 구분 일반교과 · 수업방식 대면 · NCS 구분 NCS,,,,,2,2,원본 미제공,,3,True,actual_course_offerings_2026,G695,2026,2,사회복지과,30900964,2,전공,대면,일반교과,NCS,allowed,offline,교과목명·개설학과·교과구분·NCS·학년·학점·수업방식,원본 미제공,synthetic 학생 이수정보와 미연결,True,code,G695
G684,M사회복지정책론,사회복지과,개설학과 사회복지과 · 영역 전공 · 교과목 구분 일반교과 · 수업방식 대면 · NCS 구분 NCS,,,,,2,1,원본 미제공,,3,True,actual_course_offerings_2026,G684,2026,1,사회복지과,30900964,2,전공,대면,일반교과,NCS,allowed,offline,교과목명·개설학과·교과구분·NCS·학년·학점·수업방식,원본 미제공,synthetic 학생 이수정보와 미연결,True,code,G684
G701,M사회복지행정론,사회복지과,개설학과 사회복지과 · 영역 전공 · 교과목 구분 일반교과 · 수업방식 대면 · NCS 구분 NCS,,,,,1,2,원본 미제공,,3,True,actual_course_offerings_2026,G701,2026,2,사회복지과,30901005,1,전공,대면,일반교과,NCS,allowed,offline,교과목명·개설학과·교과구분·NCS·학년·학점·수업방식,원본 미제공,synthetic 학생 이수정보와 미연결,True,code,G701
G465,M의료사회복지론,사회복지과,의료사회복지론,,,,,2,1,원본 미제공,,3,True,actual_course_offerings_2026,G465,2026,1,사회복지과,30900964,2,전공,대면,일반교과,NCS,allowed,offline,교과목명·개설학과·교과구분·NCS·학년·학점·수업방식,원본 미제공,synthetic 학생 이수정보와 미연결,True,code,G465
G699,M인간행동과사회환경,사회복지과,개설학과 사회복지과 · 영역 전공 · 교과목 구분 제작콘텐츠 · 수업방식 혼합 · NCS 구분 NCS,,,,,1,1,원본 미제공,,3,True,actual_course_offerings_2026,G699,2026,1,사회복지과,30901005,1,전공,혼합,제작콘텐츠,NCS,allowed,offline,교과목명·개설학과·교과구분·NCS·학년·학점·수업방식,원본 미제공,synthetic 학생 이수정보와 미연결,True,code,G699
G702,M정신건강론,사회복지과,개설학과 사회복지과 · 영역 전공 · 교과목 구분 일반교과 · 수업방식 대면 · NCS 구분 NCS,,,,,1,2,원본 미제공,,3,True,actual_course_offerings_2026,G702,2026,2,사회복지과,30901005,1,전공,대면,일반교과,NCS,allowed,offline,교과목명·개설학과·교과구분·NCS·학년·학점·수업방식,원본 미제공,synthetic 학생 이수정보와 미연결,True,code,G702
G464,M정신건강사회복지론,사회복지과,정신건강사회복지론,,,,,1,2,원본 미제공,,3,True,actual_course_offerings_2026,G464,2026,2,사회복지과,30901005,1,전공,대면,일반교과,NCS,allowed,offline,교과목명·개설학과·교과구분·NCS·학년·학점·수업방식,원본 미제공,synthetic 학생 이수정보와 미연결,True,code,G464
G682,M지역사회복지론,사회복지과,개설학과 사회복지과 · 영역 전공 · 교과목 구분 일반교과 · 수업방식 대면 · NCS 구분 NCS,,,,,1,2,원본 미제공,,3,True,actual_course_offerings_2026,G682,2026,2,사회복지과,30901005,1,전공,대면,일반교과,NCS,allowed,offline,교과목명·개설학과·교과구분·NCS·학년·학점·수업방식,원본 미제공,synthetic 학생 이수정보와 미연결,True,code,G682
G545,M케어복지론,사회복지과,케어복지론,,,,,2,1,원본 미제공,,3,True,actual_course_offerings_2026,G545,2026,1,사회복지과,30900964,2,전공,대면,일반교과,NCS,allowed,offline,교과목명·개설학과·교과구분·NCS·학년·학점·수업방식,원본 미제공,synthetic 학생 이수정보와 미연결,True,code,G545
G692,M프로그램개발과평가,사회복지과,개설학과 사회복지과 · 영역 전공 · 교과목 구분 일반교과 · 수업방식 대면 · NCS 구분 NCS,,,,,2,2,원본 미제공,,3,True,actual_course_offerings_2026,G692,2026,2,사회복지과,30900964,2,전공,대면,일반교과,NCS,allowed,offline,교과목명·개설학과·교과구분·NCS·학년·학점·수업방식,원본 미제공,synthetic 학생 이수정보와 미연결,True,code,G692
G285,가족상담과가족치료,사회복지과,가족상담과가족치료,,,,,1,1,원본 미제공,,3,True,actual_course_offerings_2026,G285,2026,1,사회복지과,30901005,1,전공,대면,일반교과,NCS,allowed,offline,교과목명·개설학과·교과구분·NCS·학년·학점·수업방식,원본 미제공,synthetic 학생 이수정보와 미연결,True,code,G285
D098,노인복지론,사회복지과,"저출산고령화사회에 직면한 우리 사회의 노인복지 현황에 대해서 살펴보고, 사회복지전문가로서 노인복지 발전을 위해 갖춰야 할 전문적 지식과 실천기술을 습득할 수 있다.",,,,,2,2,원본 미제공,,3,True,actual_course_offerings_2026,D098,2026,2,사회복지과,30900965,2,전공,대면,일반교과,자율과목,allowed,offline,교과목명·개설학과·교과구분·NCS·학년·학점·수업방식,원본 미제공,synthetic 학생 이수정보와 미연결,True,name,G300
G267,노인질환관리,사회복지과,노인질환관리,,,,,2,1,원본 미제공,,3,True,actual_course_offerings_2026,G267,2026,1,사회복지과,30900964,2,전공,혼합,제작콘텐츠,NCS,allowed,offline,교과목명·개설학과·교과구분·NCS·학년·학점·수업방식,원본 미제공,synthetic 학생 이수정보와 미연결,True,code,G267
E322,사회문제론,사회복지과,개설학과 사회복지과 · 영역 전공 · 교과목 구분 일반교과 · 수업방식 대면 · NCS 구분 NCS,,,,,1,1,원본 미제공,,3,True,actual_course_offerings_2026,E322,2026,1,사회복지과,30901005,1,전공,대면,일반교과,NCS,allowed,offline,교과목명·개설학과·교과구분·NCS·학년·학점·수업방식,원본 미제공,synthetic 학생 이수정보와 미연결,True,code,E322
G311,사회복지법제와실천,사회복지과,"사회복지법의 개념, 이념, 목적, 사회복지법의 법적지위, 사회복지법의 구성체계, 사회복지법의 역사 등을 이해하고, 우리나라의 개별 사회복지법 등을 알아본다.",,,,,2,2,원본 미제공,,3,True,actual_course_offerings_2026,G311,2026,2,사회복지과,30900965,2,전공,대면,일반교과,자율과목,allowed,offline,교과목명·개설학과·교과구분·NCS·학년·학점·수업방식,원본 미제공,synthetic 학생 이수정보와 미연결,True,code,G311
B895,사회복지실천기술론,사회복지과,개설학과 사회복지과 · 영역 전공 · 교과목 구분 일반교과 · 수업방식 대면 · NCS 구분 자율과목,,,,,2,2,원본 미제공,,3,True,actual_course_offerings_2026,B895,2026,2,사회복지과,30900965,2,전공,대면,일반교과,자율과목,allowed,offline,교과목명·개설학과·교과구분·NCS·학년·학점·수업방식,원본 미제공,synthetic 학생 이수정보와 미연결,True,none,
C081,사회복지실천론,사회복지과,개설학과 사회복지과 · 영역 전공 · 교과목 구분 일반교과 · 수업방식 대면 · NCS 구분 자율과목,,,,,2,1,원본 미제공,,3,True,actual_course_offerings_2026,C081,2026,1,사회복지과,30900965,2,전공,대면,일반교과,자율과목,allowed,offline,교과목명·개설학과·교과구분·NCS·학년·학점·수업방식,원본 미제공,synthetic 학생 이수정보와 미연결,True,none,
C083,사회복지정책론,사회복지과,개설학과 사회복지과 · 영역 전공 · 교과목 구분 일반교과 · 수업방식 대면 · NCS 구분 자율과목,,,,,2,1,원본 미제공,,3,True,actual_course_offerings_2026,C083,2026,1,사회복지과,30900965,2,전공,대면,일반교과,자율과목,allowed,offline,교과목명·개설학과·교과구분·NCS·학년·학점·수업방식,원본 미제공,synthetic 학생 이수정보와 미연결,True,none,
D104,아동복지론,사회복지과,개설학과 사회복지과 · 영역 전공 · 교과목 구분 일반교과 · 수업방식 대면 · NCS 구분 자율과목,,,,,2,1,원본 미제공,,3,True,actual_course_offerings_2026,D104,2026,1,사회복지과,30900965,2,전공,대면,일반교과,자율과목,allowed,offline,교과목명·개설학과·교과구분·NCS·학년·학점·수업방식,원본 미제공,synthetic 학생 이수정보와 미연결,True,none,
8425,자원봉사론,사회복지과,자원봉사론,,,,,2,1,원본 미제공,,3,True,actual_course_offerings_2026,8425,2026,1,사회복지과,30900965,2,전공,대면,일반교과,자율과목,allowed,offline,교과목명·개설학과·교과구분·NCS·학년·학점·수업방식,원본 미제공,synthetic 학생 이수정보와 미연결,True,name,G263
C762,장애인복지론,사회복지과,"본 과목에서는 장애인 및 장애인복지의 특성과 현황들을 살펴봄으로써 장애에 관한 전반적 이해를 돕고, 실제생활에서 부딪치는 다양한 장애관련 이슈들을 고찰함으로써 장애인과 장애인복지에 대한 인식정립의 기회를 제공",,,,,2,2,원본 미제공,,3,True,actual_course_offerings_2026,C762,2026,2,사회복지과,30900965,2,전공,대면,일반교과,자율과목,allowed,offline,교과목명·개설학과·교과구분·NCS·학년·학점·수업방식,원본 미제공,synthetic 학생 이수정보와 미연결,True,name,G307
A333,청소년문화,사회복지과,aa,,,,,2,1,원본 미제공,,3,True,actual_course_offerings_2026,A333,2026,1,사회복지과,30900965,2,전공,대면,일반교과,자율과목,allowed,offline,교과목명·개설학과·교과구분·NCS·학년·학점·수업방식,원본 미제공,synthetic 학생 이수정보와 미연결,True,code,A333
A334,청소년복지,사회복지과,aa,,,,,2,2,원본 미제공,,3,True,actual_course_offerings_2026,A334,2026,2,사회복지과,30900965,2,전공,대면,일반교과,자율과목,allowed,offline,교과목명·개설학과·교과구분·NCS·학년·학점·수업방식,원본 미제공,synthetic 학생 이수정보와 미연결,True,code,A334
D108,평생교육경영론,사회복지과,개설학과 사회복지과 · 영역 전공 · 교과목 구분 일반교과 · 수업방식 대면 · NCS 구분 자율과목,,,,,2,2,원본 미제공,,3,True,actual_course_offerings_2026,D108,2026,2,사회복지과,30900965,2,전공,대면,일반교과,자율과목,allowed,offline,교과목명·개설학과·교과구분·NCS·학년·학점·수업방식,원본 미제공,synthetic 학생 이수정보와 미연결,True,name,E706
D105,평생교육프로그램개발론,사회복지과,개설학과 사회복지과 · 영역 전공 · 교과목 구분 일반교과 · 수업방식 대면 · NCS 구분 자율과목,,,,,2,1,원본 미제공,,3,True,actual_course_offerings_2026,D105,2026,1,사회복지과,30900965,2,전공,대면,일반교과,자율과목,allowed,offline,교과목명·개설학과·교과구분·NCS·학년·학점·수업방식,원본 미제공,synthetic 학생 이수정보와 미연결,True,name,E709
A479,건설안전관리심화,산업안전보건학과,AA,,,,,1,2,원본 미제공,,3,True,actual_course_offerings_2026,A479,2026,2,산업안전보건학과,30901001,1,전공,원격,제작콘텐츠,KBUCS,allowed,offline,교과목명·개설학과·교과구분·NCS·학년·학점·수업방식,원본 미제공,synthetic 학생 이수정보와 미연결,True,code,A479
A445,기계설비안전실무,산업안전보건학과,AA,,,,,1,1,원본 미제공,,3,True,actual_course_offerings_2026,A445,2026,1,산업안전보건학과,30901001,1,전공,대면,일반교과,KBUCS,allowed,offline,교과목명·개설학과·교과구분·NCS·학년·학점·수업방식,원본 미제공,synthetic 학생 이수정보와 미연결,True,code,A445
A454,사업장건강증진실무,산업안전보건학과,AA,,,,,1,2,원본 미제공,,3,True,actual_course_offerings_2026,A454,2026,2,산업안전보건학과,30901001,1,전공,원격,제작콘텐츠,KBUCS,allowed,offline,교과목명·개설학과·교과구분·NCS·학년·학점·수업방식,원본 미제공,synthetic 학생 이수정보와 미연결,True,code,A454
A452,산업보건관리AI적용실무,산업안전보건학과,AA,,,,,1,1,원본 미제공,,3,True,actual_course_offerings_2026,A452,2026,1,산업안전보건학과,30901001,1,전공,대면,일반교과,KBUCS,allowed,offline,교과목명·개설학과·교과구분·NCS·학년·학점·수업방식,원본 미제공,synthetic 학생 이수정보와 미연결,True,code,A452
A480,산업환기실무,산업안전보건학과,AA,,,,,1,2,원본 미제공,,3,True,actual_course_offerings_2026,A480,2026,2,산업안전보건학과,30901001,1,전공,원격,제작콘텐츠,KBUCS,allowed,offline,교과목명·개설학과·교과구분·NCS·학년·학점·수업방식,원본 미제공,synthetic 학생 이수정보와 미연결,True,code,A480
A456,안전보건AI활용,산업안전보건학과,AA,,,,,1,2,원본 미제공,,3,True,actual_course_offerings_2026,A456,2026,2,산업안전보건학과,30901001,1,전공,대면,일반교과,KBUCS,allowed,offline,교과목명·개설학과·교과구분·NCS·학년·학점·수업방식,원본 미제공,synthetic 학생 이수정보와 미연결,True,code,A456
A481,안전보건통계분석,산업안전보건학과,AA,,,,,1,2,원본 미제공,,3,True,actual_course_offerings_2026,A481,2026,2,산업안전보건학과,30901001,1,전공,대면,일반교과,KBUCS,allowed,offline,교과목명·개설학과·교과구분·NCS·학년·학점·수업방식,원본 미제공,synthetic 학생 이수정보와 미연결,True,code,A481
A455,안전프리젠테이션,산업안전보건학과,AA,,,,,1,1,원본 미제공,,3,True,actual_course_offerings_2026,A455,2026,1,산업안전보건학과,30901001,1,전공,대면,일반교과,KBUCS,allowed,offline,교과목명·개설학과·교과구분·NCS·학년·학점·수업방식,원본 미제공,synthetic 학생 이수정보와 미연결,True,code,A455
A450,작업환경측정및평가,산업안전보건학과,AA,,,,,1,1,원본 미제공,,3,True,actual_course_offerings_2026,A450,2026,1,산업안전보건학과,30901001,1,전공,대면,일반교과,KBUCS,allowed,offline,교과목명·개설학과·교과구분·NCS·학년·학점·수업방식,원본 미제공,synthetic 학생 이수정보와 미연결,True,code,A450
A453,직업병관리,산업안전보건학과,AA,,,,,1,1,원본 미제공,,3,True,actual_course_offerings_2026,A453,2026,1,산업안전보건학과,30901001,1,전공,대면,일반교과,KBUCS,allowed,offline,교과목명·개설학과·교과구분·NCS·학년·학점·수업방식,원본 미제공,synthetic 학생 이수정보와 미연결,True,code,A453
A391,AI운영과활용,서비스경영과,AA,,,,,1,1,원본 미제공,,3,True,actual_course_offerings_2026,A391,2026,1,서비스경영과,30901006,1,전공,대면,일반교과,KBUCS,allowed,offline,교과목명·개설학과·교과구분·NCS·학년·학점·수업방식,원본 미제공,synthetic 학생 이수정보와 미연결,True,code,A391
M221,MERP1,서비스경영과,개설학과 서비스경영과 · 영역 전공 · 교과목 구분 일반교과 · 수업방식 대면 · NCS 구분 NCS,,,,,3,1,원본 미제공,,3,True,actual_course_offerings_2026,M221,2026,1,서비스경영과,30900500,3,전공,대면,일반교과,NCS,allowed,offline,교과목명·개설학과·교과구분·NCS·학년·학점·수업방식,원본 미제공,synthetic 학생 이수정보와 미연결,True,code,M221
M225,MERP2,서비스경영과,개설학과 서비스경영과 · 영역 전공 · 교과목 구분 일반교과 · 수업방식 대면 · NCS 구분 NCS,,,,,3,2,원본 미제공,,2,True,actual_course_offerings_2026,M225,2026,2,서비스경영과,30900500,3,전공,대면,일반교과,NCS,allowed,offline,교과목명·개설학과·교과구분·NCS·학년·학점·수업방식,원본 미제공,synthetic 학생 이수정보와 미연결,True,code,M225
M216,M결산처리,서비스경영과,개설학과 서비스경영과 · 영역 전공 · 교과목 구분 일반교과 · 수업방식 대면 · NCS 구분 NCS,,,,,2,1,원본 미제공,,2,True,actual_course_offerings_2026,M216,2026,1,서비스경영과,30900500,2,전공,대면,일반교과,NCS,allowed,offline,교과목명·개설학과·교과구분·NCS·학년·학점·수업방식,원본 미제공,synthetic 학생 이수정보와 미연결,True,code,M216
M555,M경영관리,서비스경영과,개설학과 서비스경영과 · 영역 전공 · 교과목 구분 일반교과 · 수업방식 대면 · NCS 구분 NCS,,,,,3,2,원본 미제공,,3,True,actual_course_offerings_2026,M555,2026,2,서비스경영과,30900500,3,전공,대면,일반교과,NCS,allowed,offline,교과목명·개설학과·교과구분·NCS·학년·학점·수업방식,원본 미제공,synthetic 학생 이수정보와 미연결,True,code,M555
M032,M경영학원론,서비스경영과,개설학과 서비스경영과 · 영역 전공 · 교과목 구분 제작콘텐츠 · 수업방식 원격 · NCS 구분 자율과목,,,,,1,1,원본 미제공,,3,True,actual_course_offerings_2026,M032,2026,1,서비스경영과,30901006,1,전공,원격,제작콘텐츠,자율과목,allowed,offline,교과목명·개설학과·교과구분·NCS·학년·학점·수업방식,원본 미제공,synthetic 학생 이수정보와 미연결,True,code,M032
G427,M리테일경영분석,서비스경영과,개설학과 서비스경영과 · 영역 전공 · 교과목 구분 일반교과 · 수업방식 대면 · NCS 구분 NCS,,,,,3,2,원본 미제공,,3,True,actual_course_offerings_2026,G427,2026,2,서비스경영과,30900500,3,전공,대면,일반교과,NCS,allowed,offline,교과목명·개설학과·교과구분·NCS·학년·학점·수업방식,원본 미제공,synthetic 학생 이수정보와 미연결,True,code,G427
M551,M매장관리,서비스경영과,개설학과 서비스경영과 · 영역 전공 · 교과목 구분 일반교과 · 수업방식 대면 · NCS 구분 NCS,,,,,3,1,원본 미제공,,3,True,actual_course_offerings_2026,M551,2026,1,서비스경영과,30900500,3,전공,대면,일반교과,NCS,allowed,offline,교과목명·개설학과·교과구분·NCS·학년·학점·수업방식,원본 미제공,synthetic 학생 이수정보와 미연결,True,code,M551
M220,M법인세신고,서비스경영과,개설학과 서비스경영과 · 영역 전공 · 교과목 구분 일반교과 · 수업방식 대면 · NCS 구분 NCS,,,,,2,2,원본 미제공,,3,True,actual_course_offerings_2026,M220,2026,2,서비스경영과,30900500,2,전공,대면,일반교과,NCS,allowed,offline,교과목명·개설학과·교과구분·NCS·학년·학점·수업방식,원본 미제공,synthetic 학생 이수정보와 미연결,True,code,M220
M547,M상품기획,서비스경영과,개설학과 서비스경영과 · 영역 전공 · 교과목 구분 일반교과 · 수업방식 대면 · NCS 구분 KBUCS,,,,,3,1,원본 미제공,,3,True,actual_course_offerings_2026,M547,2026,1,서비스경영과,30900500,3,전공,대면,일반교과,KBUCS,allowed,offline,교과목명·개설학과·교과구분·NCS·학년·학점·수업방식,원본 미제공,synthetic 학생 이수정보와 미연결,True,code,M547
M059,M서비스마케팅,서비스경영과,개설학과 서비스경영과 · 영역 전공 · 교과목 구분 일반교과 · 수업방식 대면 · NCS 구분 NCS,,,,,2,1,원본 미제공,,3,True,actual_course_offerings_2026,M059,2026,1,서비스경영과,30900500,2,전공,대면,일반교과,NCS,allowed,offline,교과목명·개설학과·교과구분·NCS·학년·학점·수업방식,원본 미제공,synthetic 학생 이수정보와 미연결,True,code,M059
M219,M세무정보시스템운용,서비스경영과,개설학과 서비스경영과 · 영역 전공 · 교과목 구분 일반교과 · 수업방식 대면 · NCS 구분 NCS,,,,,3,1,원본 미제공,,3,True,actual_course_offerings_2026,M219,2026,1,서비스경영과,30900500,3,전공,대면,일반교과,NCS,allowed,offline,교과목명·개설학과·교과구분·NCS·학년·학점·수업방식,원본 미제공,synthetic 학생 이수정보와 미연결,True,code,M219
M224,M세무회계,서비스경영과,개설학과 서비스경영과 · 영역 전공 · 교과목 구분 일반교과 · 수업방식 원격 · NCS 구분 NCS,,,,,3,1,원본 미제공,,3,True,actual_course_offerings_2026,M224,2026,1,서비스경영과,30900500,3,전공,원격,일반교과,NCS,allowed,offline,교과목명·개설학과·교과구분·NCS·학년·학점·수업방식,원본 미제공,synthetic 학생 이수정보와 미연결,True,code,M224
M550,M소비자행동분석,서비스경영과,개설학과 서비스경영과 · 영역 전공 · 교과목 구분 일반교과 · 수업방식 대면 · NCS 구분 KBUCS,,,,,3,2,원본 미제공,,3,True,actual_course_offerings_2026,M550,2026,2,서비스경영과,30900500,3,전공,대면,일반교과,KBUCS,allowed,offline,교과목명·개설학과·교과구분·NCS·학년·학점·수업방식,원본 미제공,synthetic 학생 이수정보와 미연결,True,code,M550
M223,M원천징수,서비스경영과,개설학과 서비스경영과 · 영역 전공 · 교과목 구분 일반교과 · 수업방식 대면 · NCS 구분 NCS,,,,,2,2,원본 미제공,,4,True,actual_course_offerings_2026,M223,2026,2,서비스경영과,30900500,2,전공,대면,일반교과,NCS,allowed,offline,교과목명·개설학과·교과구분·NCS·학년·학점·수업방식,원본 미제공,synthetic 학생 이수정보와 미연결,True,code,M223
G419,M유통관리회계,서비스경영과,개설학과 서비스경영과 · 영역 전공 · 교과목 구분 일반교과 · 수업방식 대면 · NCS 구분 KBUCS,,,,,2,1,원본 미제공,,3,True,actual_course_offerings_2026,G419,2026,1,서비스경영과,30900500,2,전공,대면,일반교과,KBUCS,allowed,offline,교과목명·개설학과·교과구분·NCS·학년·학점·수업방식,원본 미제공,synthetic 학생 이수정보와 미연결,True,code,G419
M005,M유통마케팅,서비스경영과,개설학과 서비스경영과 · 영역 전공 · 교과목 구분 제작콘텐츠 · 수업방식 원격 · NCS 구분 KBUCS,,,,,1,2,원본 미제공,,3,True,actual_course_offerings_2026,M005,2026,2,서비스경영과,30901006,1,전공,원격,제작콘텐츠,KBUCS,allowed,offline,교과목명·개설학과·교과구분·NCS·학년·학점·수업방식,원본 미제공,synthetic 학생 이수정보와 미연결,True,code,M005
M042,M유통물류일반관리,서비스경영과,개설학과 서비스경영과 · 영역 전공 · 교과목 구분 제작콘텐츠 · 수업방식 원격 · NCS 구분 KBUCS,,,,,1,1,원본 미제공,,3,True,actual_course_offerings_2026,M042,2026,1,서비스경영과,30901006,1,전공,원격,제작콘텐츠,KBUCS,allowed,offline,교과목명·개설학과·교과구분·NCS·학년·학점·수업방식,원본 미제공,synthetic 학생 이수정보와 미연결,True,code,M042
M548,M유통빅데이터활용,서비스경영과,개설학과 서비스경영과 · 영역 전공 · 교과목 구분 일반교과 · 수업방식 대면 · NCS 구분 NCS,,,,,3,1,원본 미제공,,3,True,actual_course_offerings_2026,M548,2026,1,서비스경영과,30900500,3,전공,대면,일반교과,NCS,allowed,offline,교과목명·개설학과·교과구분·NCS·학년·학점·수업방식,원본 미제공,synthetic 학생 이수정보와 미연결,True,code,M548
G407,M유통재무관리,서비스경영과,개설학과 서비스경영과 · 영역 전공 · 교과목 구분 일반교과 · 수업방식 대면 · NCS 구분 NCS,,,,,3,1,원본 미제공,,3,True,actual_course_offerings_2026,G407,2026,1,서비스경영과,30900500,3,전공,대면,일반교과,NCS,allowed,offline,교과목명·개설학과·교과구분·NCS·학년·학점·수업방식,원본 미제공,synthetic 학생 이수정보와 미연결,True,code,G407
M557,M자금관리,서비스경영과,개설학과 서비스경영과 · 영역 전공 · 교과목 구분 일반교과 · 수업방식 대면 · NCS 구분 NCS,,,,,3,2,원본 미제공,,3,True,actual_course_offerings_2026,M557,2026,2,서비스경영과,30900500,3,전공,대면,일반교과,NCS,allowed,offline,교과목명·개설학과·교과구분·NCS·학년·학점·수업방식,원본 미제공,synthetic 학생 이수정보와 미연결,True,code,M557
M222,M재무비율분석,서비스경영과,개설학과 서비스경영과 · 영역 전공 · 교과목 구분 일반교과 · 수업방식 대면 · NCS 구분 NCS,,,,,3,1,원본 미제공,,2,True,actual_course_offerings_2026,M222,2026,1,서비스경영과,30900500,3,전공,대면,일반교과,NCS,allowed,offline,교과목명·개설학과·교과구분·NCS·학년·학점·수업방식,원본 미제공,synthetic 학생 이수정보와 미연결,True,code,M222
G430,M재무제표작성1,서비스경영과,개설학과 서비스경영과 · 영역 전공 · 교과목 구분 일반교과 · 수업방식 대면 · NCS 구분 NCS,,,,,2,2,원본 미제공,,3,True,actual_course_offerings_2026,G430,2026,2,서비스경영과,30900500,2,전공,대면,일반교과,NCS,allowed,offline,교과목명·개설학과·교과구분·NCS·학년·학점·수업방식,원본 미제공,synthetic 학생 이수정보와 미연결,True,code,G430
M217,M재무제표작성2,서비스경영과,개설학과 서비스경영과 · 영역 전공 · 교과목 구분 일반교과 · 수업방식 대면 · NCS 구분 NCS,,,,,3,1,원본 미제공,,3,True,actual_course_offerings_2026,M217,2026,1,서비스경영과,30900500,3,전공,대면,일반교과,NCS,allowed,offline,교과목명·개설학과·교과구분·NCS·학년·학점·수업방식,원본 미제공,synthetic 학생 이수정보와 미연결,True,code,M217
M215,M전표관리,서비스경영과,개설학과 서비스경영과 · 영역 전공 · 교과목 구분 일반교과 · 수업방식 대면 · NCS 구분 NCS,,,,,2,1,원본 미제공,,4,True,actual_course_offerings_2026,M215,2026,1,서비스경영과,30900500,2,전공,대면,일반교과,NCS,allowed,offline,교과목명·개설학과·교과구분·NCS·학년·학점·수업방식,원본 미제공,synthetic 학생 이수정보와 미연결,True,code,M215
M229,M종합소득세신고,서비스경영과,개설학과 서비스경영과 · 영역 전공 · 교과목 구분 제작콘텐츠 · 수업방식 원격 · NCS 구분 NCS,,,,,2,1,원본 미제공,,3,True,actual_course_offerings_2026,M229,2026,1,서비스경영과,30900500,2,전공,원격,제작콘텐츠,NCS,allowed,offline,교과목명·개설학과·교과구분·NCS·학년·학점·수업방식,원본 미제공,synthetic 학생 이수정보와 미연결,True,code,M229
M044,M판매데이터분석,서비스경영과,개설학과 서비스경영과 · 영역 전공 · 교과목 구분 일반교과 · 수업방식 대면 · NCS 구분 NCS,,,,,2,1,원본 미제공,,3,True,actual_course_offerings_2026,M044,2026,1,서비스경영과,30900500,2,전공,대면,일반교과,NCS,allowed,offline,교과목명·개설학과·교과구분·NCS·학년·학점·수업방식,원본 미제공,synthetic 학생 이수정보와 미연결,True,code,M044
M549,M판매촉진관리,서비스경영과,개설학과 서비스경영과 · 영역 전공 · 교과목 구분 일반교과 · 수업방식 대면 · NCS 구분 NCS,,,,,3,1,원본 미제공,,3,True,actual_course_offerings_2026,M549,2026,1,서비스경영과,30900500,3,전공,대면,일반교과,NCS,allowed,offline,교과목명·개설학과·교과구분·NCS·학년·학점·수업방식,원본 미제공,synthetic 학생 이수정보와 미연결,True,code,M549
G409,M화물운송론,서비스경영과,개설학과 서비스경영과 · 영역 전공 · 교과목 구분 일반교과 · 수업방식 원격 · NCS 구분 NCS,,,,,3,1,원본 미제공,,3,True,actual_course_offerings_2026,G409,2026,1,서비스경영과,30900500,3,전공,원격,일반교과,NCS,allowed,offline,교과목명·개설학과·교과구분·NCS·학년·학점·수업방식,원본 미제공,synthetic 학생 이수정보와 미연결,True,code,G409
M556,M회계감사,서비스경영과,개설학과 서비스경영과 · 영역 전공 · 교과목 구분 일반교과 · 수업방식 대면 · NCS 구분 NCS,,,,,3,2,원본 미제공,,3,True,actual_course_offerings_2026,M556,2026,2,서비스경영과,30900500,3,전공,대면,일반교과,NCS,allowed,offline,교과목명·개설학과·교과구분·NCS·학년·학점·수업방식,원본 미제공,synthetic 학생 이수정보와 미연결,True,code,M556
M212,M회계정보시스템운용1,서비스경영과,개설학과 서비스경영과 · 영역 전공 · 교과목 구분 일반교과 · 수업방식 대면 · NCS 구분 NCS,,,,,2,1,원본 미제공,,3,True,actual_course_offerings_2026,M212,2026,1,서비스경영과,30900500,2,전공,대면,일반교과,NCS,allowed,offline,교과목명·개설학과·교과구분·NCS·학년·학점·수업방식,원본 미제공,synthetic 학생 이수정보와 미연결,True,code,M212
M218,M회계정보시스템운용2,서비스경영과,개설학과 서비스경영과 · 영역 전공 · 교과목 구분 일반교과 · 수업방식 대면 · NCS 구분 NCS,,,,,2,2,원본 미제공,,3,True,actual_course_offerings_2026,M218,2026,2,서비스경영과,30900500,2,전공,대면,일반교과,NCS,allowed,offline,교과목명·개설학과·교과구분·NCS·학년·학점·수업방식,원본 미제공,synthetic 학생 이수정보와 미연결,True,code,M218
A376,마케팅 원론,서비스경영과,AA,,,,,1,2,원본 미제공,,3,True,actual_course_offerings_2026,A376,2026,2,서비스경영과,30901006,1,전공,원격,제작콘텐츠,KBUCS,allowed,offline,교과목명·개설학과·교과구분·NCS·학년·학점·수업방식,원본 미제공,synthetic 학생 이수정보와 미연결,True,code,A376
A381,부가가치세,서비스경영과,AA,,,,,1,2,원본 미제공,,3,True,actual_course_offerings_2026,A381,2026,2,서비스경영과,30901006,1,전공,대면,일반교과,KBUCS,allowed,offline,교과목명·개설학과·교과구분·NCS·학년·학점·수업방식,원본 미제공,synthetic 학생 이수정보와 미연결,True,code,A381
A385,비즈니스 커뮤니케이션,서비스경영과,AA,,,,,1,1,원본 미제공,,3,True,actual_course_offerings_2026,A385,2026,1,서비스경영과,30901006,1,전공,대면,일반교과,KBUCS,allowed,offline,교과목명·개설학과·교과구분·NCS·학년·학점·수업방식,원본 미제공,synthetic 학생 이수정보와 미연결,True,code,A385
5950,원가회계,서비스경영과,개설학과 서비스경영과 · 영역 전공 · 교과목 구분 일반교과 · 수업방식 대면 · NCS 구분 KBUCS,,,,,1,2,원본 미제공,,3,True,actual_course_offerings_2026,5950,2026,2,서비스경영과,30901006,1,전공,대면,일반교과,KBUCS,allowed,offline,교과목명·개설학과·교과구분·NCS·학년·학점·수업방식,원본 미제공,synthetic 학생 이수정보와 미연결,True,none,
A390,컴퓨터활용능력,서비스경영과,AA,,,,,1,2,원본 미제공,,3,True,actual_course_offerings_2026,A390,2026,2,서비스경영과,30901006,1,전공,대면,일반교과,KBUCS,allowed,offline,교과목명·개설학과·교과구분·NCS·학년·학점·수업방식,원본 미제공,synthetic 학생 이수정보와 미연결,True,code,A390
C047,회계원리,서비스경영과,개설학과 서비스경영과 · 영역 전공 · 교과목 구분 일반교과 · 수업방식 대면 · NCS 구분 KBUCS,,,,,1,1,원본 미제공,,3,True,actual_course_offerings_2026,C047,2026,1,서비스경영과,30901006,1,전공,대면,일반교과,KBUCS,allowed,offline,교과목명·개설학과·교과구분·NCS·학년·학점·수업방식,원본 미제공,synthetic 학생 이수정보와 미연결,True,none,
H154,AI애플리케이션개발,소프트웨어융합과,개설학과 소프트웨어융합과 · 영역 전공 · 교과목 구분 일반교과 · 수업방식 대면 · NCS 구분 KBUCS,,,,,1,2,원본 미제공,,3,True,actual_course_offerings_2026,H154,2026,2,소프트웨어융합과,30901016,1,전공,대면,일반교과,KBUCS,allowed,offline,교과목명·개설학과·교과구분·NCS·학년·학점·수업방식,원본 미제공,synthetic 학생 이수정보와 미연결,True,code,H154
M430,MIoT설계,소프트웨어융합과,개설학과 소프트웨어융합과 · 영역 전공 · 교과목 구분 일반교과 · 수업방식 대면 · NCS 구분 NCS,,,,,1,1,원본 미제공,,3,True,actual_course_offerings_2026,M430,2026,1,소프트웨어융합과,30901015,1,전공,대면,일반교과,NCS,allowed,offline,교과목명·개설학과·교과구분·NCS·학년·학점·수업방식,원본 미제공,synthetic 학생 이수정보와 미연결,True,code,M430
M431,MIoT응용,소프트웨어융합과,개설학과 소프트웨어융합과 · 영역 전공 · 교과목 구분 일반교과 · 수업방식 대면 · NCS 구분 NCS,,,,,3,2,원본 미제공,,3,True,actual_course_offerings_2026,M431,2026,2,소프트웨어융합과,30401700,3,전공,대면,일반교과,NCS,allowed,offline,교과목명·개설학과·교과구분·NCS·학년·학점·수업방식,원본 미제공,synthetic 학생 이수정보와 미연결,True,code,M431
M432,MSQL활용(1),소프트웨어융합과,개설학과 소프트웨어융합과 · 영역 전공 · 교과목 구분 일반교과 · 수업방식 대면 · NCS 구분 NCS,,,,,1,1,원본 미제공,,3,True,actual_course_offerings_2026,M432,2026,1,소프트웨어융합과,30901015,1,전공,대면,일반교과,NCS,allowed,offline,교과목명·개설학과·교과구분·NCS·학년·학점·수업방식,원본 미제공,synthetic 학생 이수정보와 미연결,True,code,M432
M433,MSQL활용(2),소프트웨어융합과,"개설학과 소프트웨어융합과 · 영역 전공 · 교과목 구분 일반교과 · 수업방식 대면 · NCS 구분 KBUCS, NCS",,,,,1,1,원본 미제공,,3,True,actual_course_offerings_2026,M433,2026,1|2,소프트웨어융합과,30401200|30901015,1|2,전공,대면,일반교과,KBUCS|NCS,allowed,offline,교과목명·개설학과·교과구분·NCS·학년·학점·수업방식,원본 미제공,synthetic 학생 이수정보와 미연결,True,code,M433
M434,MUI테스트,소프트웨어융합과,개설학과 소프트웨어융합과 · 영역 전공 · 교과목 구분 일반교과 · 수업방식 대면 · NCS 구분 NCS,,,,,3,1,원본 미제공,,3,True,actual_course_offerings_2026,M434,2026,1,소프트웨어융합과,30401700,3,전공,대면,일반교과,NCS,allowed,offline,교과목명·개설학과·교과구분·NCS·학년·학점·수업방식,원본 미제공,synthetic 학생 이수정보와 미연결,True,code,M434
M427,M네트워크관리,소프트웨어융합과,"개설학과 소프트웨어융합과 · 영역 전공 · 교과목 구분 일반교과 · 수업방식 대면 · NCS 구분 KBUCS, NCS",,,,,1,1,원본 미제공,,3,True,actual_course_offerings_2026,M427,2026,1|2,소프트웨어융합과,30401200|30901015,1|2,전공,대면,일반교과,KBUCS|NCS,allowed,offline,교과목명·개설학과·교과구분·NCS·학년·학점·수업방식,원본 미제공,synthetic 학생 이수정보와 미연결,True,code,M427
M428,M네트워크보안운영,소프트웨어융합과,개설학과 소프트웨어융합과 · 영역 전공 · 교과목 구분 일반교과 · 수업방식 대면 · NCS 구분 NCS,,,,,2,2,원본 미제공,,3,True,actual_course_offerings_2026,M428,2026,2,소프트웨어융합과,30401200,2,전공,대면,일반교과,NCS,allowed,offline,교과목명·개설학과·교과구분·NCS·학년·학점·수업방식,원본 미제공,synthetic 학생 이수정보와 미연결,True,code,M428
M435,M데이터분석,소프트웨어융합과,"개설학과 소프트웨어융합과 · 영역 전공 · 교과목 구분 제작콘텐츠 · 수업방식 원격 · NCS 구분 NCS, 일반",,,,,1,1,원본 미제공,,3,True,actual_course_offerings_2026,M435,2026,1|2,소프트웨어융합과,30401200|30901015,1|2,전공,원격,제작콘텐츠,NCS|일반,allowed,offline,교과목명·개설학과·교과구분·NCS·학년·학점·수업방식,원본 미제공,synthetic 학생 이수정보와 미연결,True,code,M435
M420,M보안장비운용,소프트웨어융합과,개설학과 소프트웨어융합과 · 영역 전공 · 교과목 구분 일반교과 · 수업방식 대면 · NCS 구분 NCS,,,,,2,2,원본 미제공,,3,True,actual_course_offerings_2026,M420,2026,2,소프트웨어융합과,30401200,2,전공,대면,일반교과,NCS,allowed,offline,교과목명·개설학과·교과구분·NCS·학년·학점·수업방식,원본 미제공,synthetic 학생 이수정보와 미연결,True,code,M420
M436,M빅데이터처리,소프트웨어융합과,개설학과 소프트웨어융합과 · 영역 전공 · 교과목 구분 일반교과 · 수업방식 대면 · NCS 구분 NCS,,,,,3,2,원본 미제공,,3,True,actual_course_offerings_2026,M436,2026,2,소프트웨어융합과,30401700,3,전공,대면,일반교과,NCS,allowed,offline,교과목명·개설학과·교과구분·NCS·학년·학점·수업방식,원본 미제공,synthetic 학생 이수정보와 미연결,True,code,M436
M429,M서버프로그램구현(1),소프트웨어융합과,개설학과 소프트웨어융합과 · 영역 전공 · 교과목 구분 일반교과 · 수업방식 대면 · NCS 구분 NCS,,,,,2,2,원본 미제공,,3,True,actual_course_offerings_2026,M429,2026,2,소프트웨어융합과,30401200,2,전공,대면,일반교과,NCS,allowed,offline,교과목명·개설학과·교과구분·NCS·학년·학점·수업방식,원본 미제공,synthetic 학생 이수정보와 미연결,True,code,M429
M437,M서버프로그램구현(2),소프트웨어융합과,개설학과 소프트웨어융합과 · 영역 전공 · 교과목 구분 일반교과 · 수업방식 대면 · NCS 구분 NCS,,,,,3,1,원본 미제공,,3,True,actual_course_offerings_2026,M437,2026,1,소프트웨어융합과,30401700,3,전공,대면,일반교과,NCS,allowed,offline,교과목명·개설학과·교과구분·NCS·학년·학점·수업방식,원본 미제공,synthetic 학생 이수정보와 미연결,True,code,M437
M424,M시스템보안운영,소프트웨어융합과,개설학과 소프트웨어융합과 · 영역 전공 · 교과목 구분 일반교과 · 수업방식 대면 · NCS 구분 NCS,,,,,2,1,원본 미제공,,3,True,actual_course_offerings_2026,M424,2026,1,소프트웨어융합과,30401200,2,전공,대면,일반교과,NCS,allowed,offline,교과목명·개설학과·교과구분·NCS·학년·학점·수업방식,원본 미제공,synthetic 학생 이수정보와 미연결,True,code,M424
M438,M애플리케이션배포,소프트웨어융합과,"개설학과 소프트웨어융합과 · 영역 전공 · 교과목 구분 일반교과 · 수업방식 대면 · NCS 구분 KBUCS, NCS, 일반",,,,,1,2,원본 미제공,,3,True,actual_course_offerings_2026,M438,2026,2,소프트웨어융합과,30401200|30901015,1|2,전공,대면,일반교과,KBUCS|NCS|일반,allowed,offline,교과목명·개설학과·교과구분·NCS·학년·학점·수업방식,원본 미제공,synthetic 학생 이수정보와 미연결,True,code,M438
M439,M애플리케이션테스트수행,소프트웨어융합과,개설학과 소프트웨어융합과 · 영역 전공 · 교과목 구분 일반교과 · 수업방식 대면 · NCS 구분 NCS,,,,,2,2,원본 미제공,,3,True,actual_course_offerings_2026,M439,2026,2,소프트웨어융합과,30401200,2,전공,대면,일반교과,NCS,allowed,offline,교과목명·개설학과·교과구분·NCS·학년·학점·수업방식,원본 미제공,synthetic 학생 이수정보와 미연결,True,code,M439
M440,M앱프로그래밍(1),소프트웨어융합과,개설학과 소프트웨어융합과 · 영역 전공 · 교과목 구분 일반교과 · 수업방식 대면 · NCS 구분 NCS,,,,,2,2,원본 미제공,,3,True,actual_course_offerings_2026,M440,2026,2,소프트웨어융합과,30401200,2,전공,대면,일반교과,NCS,allowed,offline,교과목명·개설학과·교과구분·NCS·학년·학점·수업방식,원본 미제공,synthetic 학생 이수정보와 미연결,True,code,M440
M441,M앱프로그래밍(2),소프트웨어융합과,개설학과 소프트웨어융합과 · 영역 전공 · 교과목 구분 일반교과 · 수업방식 대면 · NCS 구분 NCS,,,,,3,1,원본 미제공,,3,True,actual_course_offerings_2026,M441,2026,1,소프트웨어융합과,30401700,3,전공,대면,일반교과,NCS,allowed,offline,교과목명·개설학과·교과구분·NCS·학년·학점·수업방식,원본 미제공,synthetic 학생 이수정보와 미연결,True,code,M441
M442,M요구사항확인,소프트웨어융합과,개설학과 소프트웨어융합과 · 영역 전공 · 교과목 구분 제작콘텐츠 · 수업방식 원격 · NCS 구분 NCS,,,,,2,1,원본 미제공,,3,True,actual_course_offerings_2026,M442,2026,1,소프트웨어융합과,30401200,2,전공,원격,제작콘텐츠,NCS,allowed,offline,교과목명·개설학과·교과구분·NCS·학년·학점·수업방식,원본 미제공,synthetic 학생 이수정보와 미연결,True,code,M442
M443,M응용SW기초기술활용,소프트웨어융합과,개설학과 소프트웨어융합과 · 영역 전공 · 교과목 구분 일반교과 · 수업방식 대면 · NCS 구분 NCS,,,,,1,1,원본 미제공,,3,True,actual_course_offerings_2026,M443,2026,1,소프트웨어융합과,30901015,1,전공,대면,일반교과,NCS,allowed,offline,교과목명·개설학과·교과구분·NCS·학년·학점·수업방식,원본 미제공,synthetic 학생 이수정보와 미연결,True,code,M443
M444,M인공지능실습,소프트웨어융합과,개설학과 소프트웨어융합과 · 영역 전공 · 교과목 구분 일반교과 · 수업방식 대면 · NCS 구분 NCS,,,,,3,2,원본 미제공,,3,True,actual_course_offerings_2026,M444,2026,2,소프트웨어융합과,30401700,3,전공,대면,일반교과,NCS,allowed,offline,교과목명·개설학과·교과구분·NCS·학년·학점·수업방식,원본 미제공,synthetic 학생 이수정보와 미연결,True,code,M444
M421,M정보시스템진단,소프트웨어융합과,개설학과 소프트웨어융합과 · 영역 전공 · 교과목 구분 일반교과 · 수업방식 대면 · NCS 구분 NCS,,,,,3,1,원본 미제공,,3,True,actual_course_offerings_2026,M421,2026,1,소프트웨어융합과,30401700,3,전공,대면,일반교과,NCS,allowed,offline,교과목명·개설학과·교과구분·NCS·학년·학점·수업방식,원본 미제공,synthetic 학생 이수정보와 미연결,True,code,M421
M447,M프로그래밍언어활용(2),소프트웨어융합과,개설학과 소프트웨어융합과 · 영역 전공 · 교과목 구분 일반교과 · 수업방식 대면 · NCS 구분 NCS,,,,,2,1,원본 미제공,,3,True,actual_course_offerings_2026,M447,2026,1,소프트웨어융합과,30401200,2,전공,대면,일반교과,NCS,allowed,offline,교과목명·개설학과·교과구분·NCS·학년·학점·수업방식,원본 미제공,synthetic 학생 이수정보와 미연결,True,code,M447
M448,M프로젝트실습(1),소프트웨어융합과,"멀티미디어 프로그램, 다양한 데이터 전처리(결측치, 이상치 등) 및 파생변수 생성, 자료 시각화 등으로 데이터분석과 머신러닝 예측에 투입될 학습용 마트 구성 등에 대한 이론과 기술 등 실습",,,,,2,2,원본 미제공,,3,True,actual_course_offerings_2026,M448,2026,2,소프트웨어융합과,30401200,2,전공,대면,일반교과,NCS,allowed,offline,교과목명·개설학과·교과구분·NCS·학년·학점·수업방식,원본 미제공,synthetic 학생 이수정보와 미연결,True,code,M448
M449,M프로젝트실습(2),소프트웨어융합과,개설학과 소프트웨어융합과 · 영역 전공 · 교과목 구분 일반교과 · 수업방식 대면 · NCS 구분 NCS,,,,,3,1,원본 미제공,,3,True,actual_course_offerings_2026,M449,2026,1,소프트웨어융합과,30401700,3,전공,대면,일반교과,NCS,allowed,offline,교과목명·개설학과·교과구분·NCS·학년·학점·수업방식,원본 미제공,synthetic 학생 이수정보와 미연결,True,code,M449
H152,빅데이터시스템개발,소프트웨어융합과,개설학과 소프트웨어융합과 · 영역 전공 · 교과목 구분 일반교과 · 수업방식 대면 · NCS 구분 자율과목,,,,,1,1,원본 미제공,,3,True,actual_course_offerings_2026,H152,2026,1,소프트웨어융합과,30901016,1,전공,대면,일반교과,자율과목,allowed,offline,교과목명·개설학과·교과구분·NCS·학년·학점·수업방식,원본 미제공,synthetic 학생 이수정보와 미연결,True,code,H152
A432,시뮬레이션콘텐츠개발,소프트웨어융합과,AA,,,,,1,2,원본 미제공,,3,True,actual_course_offerings_2026,A432,2026,2,소프트웨어융합과,30901016,1,전공,대면,일반교과,KBUCS,allowed,offline,교과목명·개설학과·교과구분·NCS·학년·학점·수업방식,원본 미제공,synthetic 학생 이수정보와 미연결,True,code,A432
H149,융합프로젝트실무,소프트웨어융합과,개설학과 소프트웨어융합과 · 영역 전공 · 교과목 구분 일반교과 · 수업방식 대면 · NCS 구분 자율과목,,,,,1,1,원본 미제공,,5,True,actual_course_offerings_2026,H149,2026,1,소프트웨어융합과,30901016,1,전공,대면,일반교과,자율과목,allowed,offline,교과목명·개설학과·교과구분·NCS·학년·학점·수업방식,원본 미제공,synthetic 학생 이수정보와 미연결,True,code,H149
H150,캡스톤디자인심화실무,소프트웨어융합과,개설학과 소프트웨어융합과 · 영역 전공 · 교과목 구분 일반교과 · 수업방식 대면 · NCS 구분 KBUCS,,,,,1,2,원본 미제공,,5,True,actual_course_offerings_2026,H150,2026,2,소프트웨어융합과,30901016,1,전공,대면,일반교과,KBUCS,allowed,offline,교과목명·개설학과·교과구분·NCS·학년·학점·수업방식,원본 미제공,synthetic 학생 이수정보와 미연결,True,code,H150
H151,클라우드서비스개발,소프트웨어융합과,개설학과 소프트웨어융합과 · 영역 전공 · 교과목 구분 일반교과 · 수업방식 대면 · NCS 구분 자율과목,,,,,1,1,원본 미제공,,3,True,actual_course_offerings_2026,H151,2026,1,소프트웨어융합과,30901016,1,전공,대면,일반교과,자율과목,allowed,offline,교과목명·개설학과·교과구분·NCS·학년·학점·수업방식,원본 미제공,synthetic 학생 이수정보와 미연결,True,code,H151
A442,파이썬프로그래밍,소프트웨어융합과,AA,,,,,1,1,원본 미제공,,3,True,actual_course_offerings_2026,A442,2026,1,소프트웨어융합과,30901015,1,전공,대면,일반교과,NCS,allowed,offline,교과목명·개설학과·교과구분·NCS·학년·학점·수업방식,원본 미제공,synthetic 학생 이수정보와 미연결,True,code,A442
A437,프로그래밍언어활용,소프트웨어융합과,AA,,,,,1,2,원본 미제공,,3,True,actual_course_offerings_2026,A437,2026,2,소프트웨어융합과,30901015,1,전공,대면,일반교과,KBUCS,allowed,offline,교과목명·개설학과·교과구분·NCS·학년·학점·수업방식,원본 미제공,synthetic 학생 이수정보와 미연결,True,code,A437
D187,현장실습,소프트웨어융합과,"개설학과 공간디자인과, 뷰티코스메틱과, 빅데이터과, 서비스경영과, 소프트웨어융합과, 시각디자인과, 안전보건과, 약손피부미용과, 영상미디어콘텐츠과, 준오헤어디자인과 · 영역 전공 · 교과목 구분 현장실습 · 수업방식 대면 · NCS 구분 KBUCS, NCS, 자율과목",,,,,2,2,원본 미제공,,8,True,actual_course_offerings_2026,D187,2026,2,공간디자인과|뷰티코스메틱과|빅데이터과|서비스경영과|소프트웨어융합과|시각디자인과|안전보건과|약손피부미용과|영상미디어콘텐츠과|준오헤어디자인과,30101500|30401700|30401800|30500700|30501300|30501800|30502000|30502200|30502400|30900500,2|3,전공,대면,현장실습,KBUCS|NCS|자율과목,allowed,offline,교과목명·개설학과·교과구분·NCS·학년·학점·수업방식,원본 미제공,synthetic 학생 이수정보와 미연결,True,none,
A436,화면구현,소프트웨어융합과,AA,,,,,1,1,원본 미제공,,3,True,actual_course_offerings_2026,A436,2026,1,소프트웨어융합과,30901015,1,전공,대면,일반교과,NCS,allowed,offline,교과목명·개설학과·교과구분·NCS·학년·학점·수업방식,원본 미제공,synthetic 학생 이수정보와 미연결,True,code,A436
A411,AI브랜드기획,시각디자인과,AA,,,,,1,2,원본 미제공,,3,True,actual_course_offerings_2026,A411,2026,2,시각디자인과,30901010,1,전공,대면,일반교과,KBUCS,allowed,offline,교과목명·개설학과·교과구분·NCS·학년·학점·수업방식,원본 미제공,synthetic 학생 이수정보와 미연결,True,code,A411
G734,M3D스컬프팅,시각디자인과,개설학과 시각디자인과 · 영역 전공 · 교과목 구분 일반교과 · 수업방식 대면 · NCS 구분 NCS,,,,,3,2,원본 미제공,,3,True,actual_course_offerings_2026,G734,2026,2,시각디자인과,30502000,3,전공,대면,일반교과,NCS,allowed,offline,교과목명·개설학과·교과구분·NCS·학년·학점·수업방식,원본 미제공,synthetic 학생 이수정보와 미연결,True,code,G734
M268,M3D애니메이션,시각디자인과,개설학과 시각디자인과 · 영역 전공 · 교과목 구분 일반교과 · 수업방식 대면 · NCS 구분 NCS,,,,,3,1,원본 미제공,,4,True,actual_course_offerings_2026,M268,2026,1,시각디자인과,30502000,3,전공,대면,일반교과,NCS,allowed,offline,교과목명·개설학과·교과구분·NCS·학년·학점·수업방식,원본 미제공,synthetic 학생 이수정보와 미연결,True,code,M268
G730,MAR/VR인터액션,시각디자인과,개설학과 시각디자인과 · 영역 전공 · 교과목 구분 일반교과 · 수업방식 대면 · NCS 구분 NCS,,,,,3,2,원본 미제공,,3,True,actual_course_offerings_2026,G730,2026,2,시각디자인과,30502000,3,전공,대면,일반교과,NCS,allowed,offline,교과목명·개설학과·교과구분·NCS·학년·학점·수업방식,원본 미제공,synthetic 학생 이수정보와 미연결,True,code,G730
M265,ME-book,시각디자인과,개설학과 시각디자인과 · 영역 전공 · 교과목 구분 일반교과 · 수업방식 대면 · NCS 구분 NCS,,,,,2,1,원본 미제공,,2,True,actual_course_offerings_2026,M265,2026,1,시각디자인과,30502000,2,전공,대면,일반교과,NCS,allowed,offline,교과목명·개설학과·교과구분·NCS·학년·학점·수업방식,원본 미제공,synthetic 학생 이수정보와 미연결,True,code,M265
M115,MUX_UI디자인,시각디자인과,개설학과 시각디자인과 · 영역 전공 · 교과목 구분 일반교과 · 수업방식 대면 · NCS 구분 NCS,,,,,2,1,원본 미제공,,3,True,actual_course_offerings_2026,M115,2026,1,시각디자인과,30502000,2,전공,대면,일반교과,NCS,allowed,offline,교과목명·개설학과·교과구분·NCS·학년·학점·수업방식,원본 미제공,synthetic 학생 이수정보와 미연결,True,code,M115
G731,MUnity엔진,시각디자인과,개설학과 시각디자인과 · 영역 전공 · 교과목 구분 일반교과 · 수업방식 대면 · NCS 구분 NCS,,,,,3,1,원본 미제공,,3,True,actual_course_offerings_2026,G731,2026,1,시각디자인과,30502000,3,전공,대면,일반교과,NCS,allowed,offline,교과목명·개설학과·교과구분·NCS·학년·학점·수업방식,원본 미제공,synthetic 학생 이수정보와 미연결,True,code,G731
M106,M드로잉,시각디자인과,개설학과 시각디자인과 · 영역 전공 · 교과목 구분 일반교과 · 수업방식 대면 · NCS 구분 KBUCS,,,,,1,1,원본 미제공,,3,True,actual_course_offerings_2026,M106,2026,1,시각디자인과,30901010,1,전공,대면,일반교과,KBUCS,allowed,offline,교과목명·개설학과·교과구분·NCS·학년·학점·수업방식,원본 미제공,synthetic 학생 이수정보와 미연결,True,code,M106
M264,M디자인기획,시각디자인과,개설학과 시각디자인과 · 영역 전공 · 교과목 구분 일반교과 · 수업방식 대면 · NCS 구분 NCS,,,,,3,1,원본 미제공,,4,True,actual_course_offerings_2026,M264,2026,1,시각디자인과,30502000,3,전공,대면,일반교과,NCS,allowed,offline,교과목명·개설학과·교과구분·NCS·학년·학점·수업방식,원본 미제공,synthetic 학생 이수정보와 미연결,True,code,M264
M269,M랜더링라이팅,시각디자인과,개설학과 시각디자인과 · 영역 전공 · 교과목 구분 일반교과 · 수업방식 대면 · NCS 구분 NCS,,,,,2,1,원본 미제공,,4,True,actual_course_offerings_2026,M269,2026,1,시각디자인과,30502000,2,전공,대면,일반교과,NCS,allowed,offline,교과목명·개설학과·교과구분·NCS·학년·학점·수업방식,원본 미제공,synthetic 학생 이수정보와 미연결,True,code,M269
M096,M모션그래픽,시각디자인과,개설학과 시각디자인과 · 영역 전공 · 교과목 구분 일반교과 · 수업방식 대면 · NCS 구분 NCS,,,,,2,2,원본 미제공,,3,True,actual_course_offerings_2026,M096,2026,2,시각디자인과,30502000,2,전공,대면,일반교과,NCS,allowed,offline,교과목명·개설학과·교과구분·NCS·학년·학점·수업방식,원본 미제공,synthetic 학생 이수정보와 미연결,True,code,M096
M113,M비주얼아이데이션구상,시각디자인과,개설학과 시각디자인과 · 영역 전공 · 교과목 구분 일반교과 · 수업방식 대면 · NCS 구분 NCS,,,,,2,1,원본 미제공,,3,True,actual_course_offerings_2026,M113,2026,1,시각디자인과,30502000,2,전공,대면,일반교과,NCS,allowed,offline,교과목명·개설학과·교과구분·NCS·학년·학점·수업방식,원본 미제공,synthetic 학생 이수정보와 미연결,True,code,M113
M112,M비주얼아이데이션전개,시각디자인과,개설학과 시각디자인과 · 영역 전공 · 교과목 구분 일반교과 · 수업방식 대면 · NCS 구분 NCS,,,,,2,2,원본 미제공,,4,True,actual_course_offerings_2026,M112,2026,2,시각디자인과,30502000,2,전공,대면,일반교과,NCS,allowed,offline,교과목명·개설학과·교과구분·NCS·학년·학점·수업방식,원본 미제공,synthetic 학생 이수정보와 미연결,True,code,M112
M176,M시안디자인,시각디자인과,개설학과 시각디자인과 · 영역 전공 · 교과목 구분 일반교과 · 수업방식 대면 · NCS 구분 NCS,,,,,3,1,원본 미제공,,3,True,actual_course_offerings_2026,M176,2026,1,시각디자인과,30502000,3,전공,대면,일반교과,NCS,allowed,offline,교과목명·개설학과·교과구분·NCS·학년·학점·수업방식,원본 미제공,synthetic 학생 이수정보와 미연결,True,code,M176
M110,M시안디자인개발심화(포트폴리오),시각디자인과,개설학과 시각디자인과 · 영역 전공 · 교과목 구분 일반교과 · 수업방식 대면 · NCS 구분 NCS,,,,,3,2,원본 미제공,,4,True,actual_course_offerings_2026,M110,2026,2,시각디자인과,30502000,3,전공,대면,일반교과,NCS,allowed,offline,교과목명·개설학과·교과구분·NCS·학년·학점·수업방식,원본 미제공,synthetic 학생 이수정보와 미연결,True,code,M110
G729,M실감콘텐츠기획,시각디자인과,개설학과 시각디자인과 · 영역 전공 · 교과목 구분 일반교과 · 수업방식 대면 · NCS 구분 NCS,,,,,2,2,원본 미제공,,3,True,actual_course_offerings_2026,G729,2026,2,시각디자인과,30502000,2,전공,대면,일반교과,NCS,allowed,offline,교과목명·개설학과·교과구분·NCS·학년·학점·수업방식,원본 미제공,synthetic 학생 이수정보와 미연결,True,code,G729
G728,M영상광고디자인,시각디자인과,개설학과 시각디자인과 · 영역 전공 · 교과목 구분 일반교과 · 수업방식 대면 · NCS 구분 NCS,,,,,2,2,원본 미제공,,3,True,actual_course_offerings_2026,G728,2026,2,시각디자인과,30502000,2,전공,대면,일반교과,NCS,allowed,offline,교과목명·개설학과·교과구분·NCS·학년·학점·수업방식,원본 미제공,synthetic 학생 이수정보와 미연결,True,code,G728
G727,M영상편집,시각디자인과,개설학과 시각디자인과 · 영역 전공 · 교과목 구분 일반교과 · 수업방식 대면 · NCS 구분 NCS,,,,,2,1,원본 미제공,,3,True,actual_course_offerings_2026,G727,2026,1,시각디자인과,30502000,2,전공,대면,일반교과,NCS,allowed,offline,교과목명·개설학과·교과구분·NCS·학년·학점·수업방식,원본 미제공,synthetic 학생 이수정보와 미연결,True,code,G727
M104,M컬러디자인,시각디자인과,개설학과 시각디자인과 · 영역 전공 · 교과목 구분 일반교과 · 수업방식 대면 · NCS 구분 KBUCS,,,,,1,1,원본 미제공,,3,True,actual_course_offerings_2026,M104,2026,1,시각디자인과,30901010,1,전공,대면,일반교과,KBUCS,allowed,offline,교과목명·개설학과·교과구분·NCS·학년·학점·수업방식,원본 미제공,synthetic 학생 이수정보와 미연결,True,code,M104
M091,M타이포그래피,시각디자인과,개설학과 시각디자인과 · 영역 전공 · 교과목 구분 일반교과 · 수업방식 대면 · NCS 구분 NCS,,,,,2,1,원본 미제공,,4,True,actual_course_offerings_2026,M091,2026,1,시각디자인과,30502000,2,전공,대면,일반교과,NCS,allowed,offline,교과목명·개설학과·교과구분·NCS·학년·학점·수업방식,원본 미제공,synthetic 학생 이수정보와 미연결,True,code,M091
M266,M편집디자인실무,시각디자인과,개설학과 시각디자인과 · 영역 전공 · 교과목 구분 일반교과 · 수업방식 대면 · NCS 구분 NCS,,,,,2,2,원본 미제공,,2,True,actual_course_offerings_2026,M266,2026,2,시각디자인과,30502000,2,전공,대면,일반교과,NCS,allowed,offline,교과목명·개설학과·교과구분·NCS·학년·학점·수업방식,원본 미제공,synthetic 학생 이수정보와 미연결,True,code,M266
A401,디자인씽킹,시각디자인과,AA,,,,,1,1,원본 미제공,,3,True,actual_course_offerings_2026,A401,2026,1,시각디자인과,30901010,1,전공,대면,일반교과,KBUCS,allowed,offline,교과목명·개설학과·교과구분·NCS·학년·학점·수업방식,원본 미제공,synthetic 학생 이수정보와 미연결,True,code,A401
A402,일러스트기초,시각디자인과,AA,,,,,1,1,원본 미제공,,3,True,actual_course_offerings_2026,A402,2026,1,시각디자인과,30901010,1,전공,대면,일반교과,KBUCS,allowed,offline,교과목명·개설학과·교과구분·NCS·학년·학점·수업방식,원본 미제공,synthetic 학생 이수정보와 미연결,True,code,A402
A405,일러스트실무,시각디자인과,AA,,,,,1,2,원본 미제공,,3,True,actual_course_offerings_2026,A405,2026,2,시각디자인과,30901010,1,전공,대면,일반교과,KBUCS,allowed,offline,교과목명·개설학과·교과구분·NCS·학년·학점·수업방식,원본 미제공,synthetic 학생 이수정보와 미연결,True,code,A405
C814,캡스톤디자인,시각디자인과,개설학과 시각디자인과 · 영역 전공 · 교과목 구분 캡스톤 · 수업방식 대면 · NCS 구분 NCS,,,,,3,2,원본 미제공,,3,True,actual_course_offerings_2026,C814,2026,2,시각디자인과,30502000,3,전공,대면,캡스톤,NCS,allowed,offline,교과목명·개설학과·교과구분·NCS·학년·학점·수업방식,원본 미제공,synthetic 학생 이수정보와 미연결,True,none,
F276,타이포그래피,시각디자인과,개설학과 시각디자인과 · 영역 전공 · 교과목 구분 일반교과 · 수업방식 대면 · NCS 구분 KBUCS,,,,,1,2,원본 미제공,,3,True,actual_course_offerings_2026,F276,2026,2,시각디자인과,30901010,1,전공,대면,일반교과,KBUCS,allowed,offline,교과목명·개설학과·교과구분·NCS·학년·학점·수업방식,원본 미제공,synthetic 학생 이수정보와 미연결,True,code,F276
6490,편집디자인,시각디자인과,개설학과 시각디자인과 · 영역 전공 · 교과목 구분 일반교과 · 수업방식 대면 · NCS 구분 KBUCS,,,,,1,2,원본 미제공,,3,True,actual_course_offerings_2026,6490,2026,2,시각디자인과,30901010,1,전공,대면,일반교과,KBUCS,allowed,offline,교과목명·개설학과·교과구분·NCS·학년·학점·수업방식,원본 미제공,synthetic 학생 이수정보와 미연결,True,none,
A403,포토샵기초,시각디자인과,AA,,,,,1,1,원본 미제공,,3,True,actual_course_offerings_2026,A403,2026,1,시각디자인과,30901010,1,전공,대면,일반교과,KBUCS,allowed,offline,교과목명·개설학과·교과구분·NCS·학년·학점·수업방식,원본 미제공,synthetic 학생 이수정보와 미연결,True,code,A403
A406,포토샵실무,시각디자인과,AA,,,,,1,2,원본 미제공,,3,True,actual_course_offerings_2026,A406,2026,2,시각디자인과,30901010,1,전공,대면,일반교과,KBUCS,allowed,offline,교과목명·개설학과·교과구분·NCS·학년·학점·수업방식,원본 미제공,synthetic 학생 이수정보와 미연결,True,code,A406
G772,UX_UI프로젝트,시각디자인학과,개설학과 시각디자인학과 · 영역 전공 · 교과목 구분 일반교과 · 수업방식 대면 · NCS 구분 NCS,,,,,1,1,원본 미제공,,3,True,actual_course_offerings_2026,G772,2026,1,시각디자인학과,30901011,1,전공,대면,일반교과,NCS,allowed,offline,교과목명·개설학과·교과구분·NCS·학년·학점·수업방식,원본 미제공,synthetic 학생 이수정보와 미연결,True,code,G772
G777,가상현실디자인,시각디자인학과,개설학과 시각디자인학과 · 영역 전공 · 교과목 구분 일반교과 · 수업방식 대면 · NCS 구분 KBUCS,,,,,1,2,원본 미제공,,3,True,actual_course_offerings_2026,G777,2026,2,시각디자인학과,30901011,1,전공,대면,일반교과,KBUCS,allowed,offline,교과목명·개설학과·교과구분·NCS·학년·학점·수업방식,원본 미제공,synthetic 학생 이수정보와 미연결,True,code,G777
G778,디자인콜로키움,시각디자인학과,개설학과 시각디자인학과 · 영역 전공 · 교과목 구분 일반교과 · 수업방식 대면 · NCS 구분 KBUCS,,,,,1,2,원본 미제공,,3,True,actual_course_offerings_2026,G778,2026,2,시각디자인학과,30901011,1,전공,대면,일반교과,KBUCS,allowed,offline,교과목명·개설학과·교과구분·NCS·학년·학점·수업방식,원본 미제공,synthetic 학생 이수정보와 미연결,True,code,G778
G779,디자인트렌드,시각디자인학과,개설학과 시각디자인학과 · 영역 전공 · 교과목 구분 일반교과 · 수업방식 대면 · NCS 구분 KBUCS,,,,,1,2,원본 미제공,,3,True,actual_course_offerings_2026,G779,2026,2,시각디자인학과,30901011,1,전공,대면,일반교과,KBUCS,allowed,offline,교과목명·개설학과·교과구분·NCS·학년·학점·수업방식,원본 미제공,synthetic 학생 이수정보와 미연결,True,code,G779
G776,시각디자인프로젝트,시각디자인학과,개설학과 시각디자인학과 · 영역 전공 · 교과목 구분 일반교과 · 수업방식 대면 · NCS 구분 KBUCS,,,,,1,2,원본 미제공,,3,True,actual_course_offerings_2026,G776,2026,2,시각디자인학과,30901011,1,전공,대면,일반교과,KBUCS,allowed,offline,교과목명·개설학과·교과구분·NCS·학년·학점·수업방식,원본 미제공,synthetic 학생 이수정보와 미연결,True,code,G776
G775,시각이미지연구,시각디자인학과,개설학과 시각디자인학과 · 영역 전공 · 교과목 구분 일반교과 · 수업방식 대면 · NCS 구분 NCS,,,,,1,1,원본 미제공,,3,True,actual_course_offerings_2026,G775,2026,1,시각디자인학과,30901011,1,전공,대면,일반교과,NCS,allowed,offline,교과목명·개설학과·교과구분·NCS·학년·학점·수업방식,원본 미제공,synthetic 학생 이수정보와 미연결,True,code,G775
H088,아트디자인스튜디오,시각디자인학과,개설학과 시각디자인학과 · 영역 전공 · 교과목 구분 일반교과 · 수업방식 대면 · NCS 구분 NCS,,,,,1,1,원본 미제공,,3,True,actual_course_offerings_2026,H088,2026,1,시각디자인학과,30901011,1,전공,대면,일반교과,NCS,allowed,offline,교과목명·개설학과·교과구분·NCS·학년·학점·수업방식,원본 미제공,synthetic 학생 이수정보와 미연결,True,code,H088
G774,영상크리에이터,시각디자인학과,개설학과 시각디자인학과 · 영역 전공 · 교과목 구분 일반교과 · 수업방식 대면 · NCS 구분 NCS,,,,,1,1,원본 미제공,,3,True,actual_course_offerings_2026,G774,2026,1,시각디자인학과,30901011,1,전공,대면,일반교과,NCS,allowed,offline,교과목명·개설학과·교과구분·NCS·학년·학점·수업방식,원본 미제공,synthetic 학생 이수정보와 미연결,True,code,G774
M510,MAI작곡실습기초,실용음악과(3년제),개설학과 실용음악과(3년제) · 영역 전공 · 교과목 구분 일반교과 · 수업방식 대면 · NCS 구분 NCS,,,,,2,1,원본 미제공,,4,True,actual_course_offerings_2026,M510,2026,1,실용음악과(3년제),30502300,2,전공,대면,일반교과,NCS,allowed,offline,교과목명·개설학과·교과구분·NCS·학년·학점·수업방식,원본 미제공,synthetic 학생 이수정보와 미연결,True,code,M510
M521,MAI작곡실습심화,실용음악과(3년제),개설학과 실용음악과(3년제) · 영역 전공 · 교과목 구분 일반교과 · 수업방식 대면 · NCS 구분 NCS,,,,,2,2,원본 미제공,,4,True,actual_course_offerings_2026,M521,2026,2,실용음악과(3년제),30502300,2,전공,대면,일반교과,NCS,allowed,offline,교과목명·개설학과·교과구분·NCS·학년·학점·수업방식,원본 미제공,synthetic 학생 이수정보와 미연결,True,code,M521
M496,M개인레슨(전공실기)(1),실용음악과(3년제),개설학과 실용음악과(3년제) · 영역 전공 · 교과목 구분 일반교과 · 수업방식 대면 · NCS 구분 NCS,,,,,1,1,원본 미제공,,2,True,actual_course_offerings_2026,M496,2026,1,실용음악과(3년제),30901024,1,전공,대면,일반교과,NCS,allowed,offline,교과목명·개설학과·교과구분·NCS·학년·학점·수업방식,원본 미제공,synthetic 학생 이수정보와 미연결,True,code,M496
M507,M개인레슨(전공실기)(2),실용음악과(3년제),개설학과 실용음악과(3년제) · 영역 전공 · 교과목 구분 일반교과 · 수업방식 대면 · NCS 구분 KBUCS,,,,,1,2,원본 미제공,,2,True,actual_course_offerings_2026,M507,2026,2,실용음악과(3년제),30901024,1,전공,대면,일반교과,KBUCS,allowed,offline,교과목명·개설학과·교과구분·NCS·학년·학점·수업방식,원본 미제공,synthetic 학생 이수정보와 미연결,True,code,M507
M511,M개인레슨(전공실기)(3),실용음악과(3년제),개설학과 실용음악과(3년제) · 영역 전공 · 교과목 구분 일반교과 · 수업방식 대면 · NCS 구분 NCS,,,,,2,1,원본 미제공,,2,True,actual_course_offerings_2026,M511,2026,1,실용음악과(3년제),30502300,2,전공,대면,일반교과,NCS,allowed,offline,교과목명·개설학과·교과구분·NCS·학년·학점·수업방식,원본 미제공,synthetic 학생 이수정보와 미연결,True,code,M511
M516,M개인레슨(전공실기)(4),실용음악과(3년제),개설학과 실용음악과(3년제) · 영역 전공 · 교과목 구분 일반교과 · 수업방식 대면 · NCS 구분 NCS,,,,,2,2,원본 미제공,,2,True,actual_course_offerings_2026,M516,2026,2,실용음악과(3년제),30502300,2,전공,대면,일반교과,NCS,allowed,offline,교과목명·개설학과·교과구분·NCS·학년·학점·수업방식,원본 미제공,synthetic 학생 이수정보와 미연결,True,code,M516
M526,M개인레슨(전공실기)(5),실용음악과(3년제),개설학과 실용음악과(3년제) · 영역 전공 · 교과목 구분 일반교과 · 수업방식 대면 · NCS 구분 NCS,,,,,3,1,원본 미제공,,2,True,actual_course_offerings_2026,M526,2026,1,실용음악과(3년제),30502300,3,전공,대면,일반교과,NCS,allowed,offline,교과목명·개설학과·교과구분·NCS·학년·학점·수업방식,원본 미제공,synthetic 학생 이수정보와 미연결,True,code,M526
M528,M개인레슨(전공실기)(6),실용음악과(3년제),개설학과 실용음악과(3년제) · 영역 전공 · 교과목 구분 일반교과 · 수업방식 대면 · NCS 구분 자율과목,,,,,3,2,원본 미제공,,2,True,actual_course_offerings_2026,M528,2026,2,실용음악과(3년제),30502300,3,전공,대면,일반교과,자율과목,allowed,offline,교과목명·개설학과·교과구분·NCS·학년·학점·수업방식,원본 미제공,synthetic 학생 이수정보와 미연결,True,code,M528
M120,M건반과화성,실용음악과(3년제),개설학과 실용음악과(3년제) · 영역 전공 · 교과목 구분 일반교과 · 수업방식 대면 · NCS 구분 NCS,,,,,1,1,원본 미제공,,2,True,actual_course_offerings_2026,M120,2026,1,실용음악과(3년제),30901024,1,전공,대면,일반교과,NCS,allowed,offline,교과목명·개설학과·교과구분·NCS·학년·학점·수업방식,원본 미제공,synthetic 학생 이수정보와 미연결,True,code,M120
M512,M공연제작실습기초,실용음악과(3년제),개설학과 실용음악과(3년제) · 영역 전공 · 교과목 구분 일반교과 · 수업방식 대면 · NCS 구분 NCS,,,,,2,1,원본 미제공,,3,True,actual_course_offerings_2026,M512,2026,1,실용음악과(3년제),30502300,2,전공,대면,일반교과,NCS,allowed,offline,교과목명·개설학과·교과구분·NCS·학년·학점·수업방식,원본 미제공,synthetic 학생 이수정보와 미연결,True,code,M512
M517,M공연제작실습심화,실용음악과(3년제),개설학과 실용음악과(3년제) · 영역 전공 · 교과목 구분 일반교과 · 수업방식 대면 · NCS 구분 NCS,,,,,2,2,원본 미제공,,3,True,actual_course_offerings_2026,M517,2026,2,실용음악과(3년제),30502300,2,전공,대면,일반교과,NCS,allowed,offline,교과목명·개설학과·교과구분·NCS·학년·학점·수업방식,원본 미제공,synthetic 학생 이수정보와 미연결,True,code,M517
M527,M공연제작실습응용,실용음악과(3년제),개설학과 실용음악과(3년제) · 영역 전공 · 교과목 구분 일반교과 · 수업방식 대면 · NCS 구분 NCS,,,,,3,1,원본 미제공,,3,True,actual_course_offerings_2026,M527,2026,1,실용음악과(3년제),30502300,3,전공,대면,일반교과,NCS,allowed,offline,교과목명·개설학과·교과구분·NCS·학년·학점·수업방식,원본 미제공,synthetic 학생 이수정보와 미연결,True,code,M527
M529,M문화예술교육개론,실용음악과(3년제),개설학과 실용음악과(3년제) · 영역 전공 · 교과목 구분 일반교과 · 수업방식 원격 · NCS 구분 자율과목,,,,,3,2,원본 미제공,,2,True,actual_course_offerings_2026,M529,2026,2,실용음악과(3년제),30502300,3,전공,원격,일반교과,자율과목,allowed,offline,교과목명·개설학과·교과구분·NCS·학년·학점·수업방식,원본 미제공,synthetic 학생 이수정보와 미연결,True,code,M529
M500,M미디작곡기초,실용음악과(3년제),개설학과 실용음악과(3년제) · 영역 전공 · 교과목 구분 일반교과 · 수업방식 대면 · NCS 구분 NCS,,,,,1,1,원본 미제공,,4,True,actual_course_offerings_2026,M500,2026,1,실용음악과(3년제),30901024,1,전공,대면,일반교과,NCS,allowed,offline,교과목명·개설학과·교과구분·NCS·학년·학점·수업방식,원본 미제공,synthetic 학생 이수정보와 미연결,True,code,M500
M502,M미디작곡심화,실용음악과(3년제),개설학과 실용음악과(3년제) · 영역 전공 · 교과목 구분 일반교과 · 수업방식 대면 · NCS 구분 KBUCS,,,,,1,2,원본 미제공,,4,True,actual_course_offerings_2026,M502,2026,2,실용음악과(3년제),30901024,1,전공,대면,일반교과,KBUCS,allowed,offline,교과목명·개설학과·교과구분·NCS·학년·학점·수업방식,원본 미제공,synthetic 학생 이수정보와 미연결,True,code,M502
M497,M발성트레이닝,실용음악과(3년제),개설학과 실용음악과(3년제) · 영역 전공 · 교과목 구분 일반교과 · 수업방식 대면 · NCS 구분 NCS,,,,,1,1,원본 미제공,,2,True,actual_course_offerings_2026,M497,2026,1,실용음악과(3년제),30901024,1,전공,대면,일반교과,NCS,allowed,offline,교과목명·개설학과·교과구분·NCS·학년·학점·수업방식,원본 미제공,synthetic 학생 이수정보와 미연결,True,code,M497
M504,M보컬Lab,실용음악과(3년제),개설학과 실용음악과(3년제) · 영역 전공 · 교과목 구분 일반교과 · 수업방식 대면 · NCS 구분 KBUCS,,,,,1,2,원본 미제공,,2,True,actual_course_offerings_2026,M504,2026,2,실용음악과(3년제),30901024,1,전공,대면,일반교과,KBUCS,allowed,offline,교과목명·개설학과·교과구분·NCS·학년·학점·수업방식,원본 미제공,synthetic 학생 이수정보와 미연결,True,code,M504
M515,M보컬디렉팅기초,실용음악과(3년제),개설학과 실용음악과(3년제) · 영역 전공 · 교과목 구분 일반교과 · 수업방식 대면 · NCS 구분 NCS,,,,,2,1,원본 미제공,,4,True,actual_course_offerings_2026,M515,2026,1,실용음악과(3년제),30502300,2,전공,대면,일반교과,NCS,allowed,offline,교과목명·개설학과·교과구분·NCS·학년·학점·수업방식,원본 미제공,synthetic 학생 이수정보와 미연결,True,code,M515
M519,M보컬디렉팅심화,실용음악과(3년제),개설학과 실용음악과(3년제) · 영역 전공 · 교과목 구분 일반교과 · 수업방식 대면 · NCS 구분 NCS,,,,,2,2,원본 미제공,,4,True,actual_course_offerings_2026,M519,2026,2,실용음악과(3년제),30502300,2,전공,대면,일반교과,NCS,allowed,offline,교과목명·개설학과·교과구분·NCS·학년·학점·수업방식,원본 미제공,synthetic 학생 이수정보와 미연결,True,code,M519
M505,M보컬무대연주실습,실용음악과(3년제),개설학과 실용음악과(3년제) · 영역 전공 · 교과목 구분 일반교과 · 수업방식 대면 · NCS 구분 KBUCS,,,,,1,2,원본 미제공,,3,True,actual_course_offerings_2026,M505,2026,2,실용음악과(3년제),30901024,1,전공,대면,일반교과,KBUCS,allowed,offline,교과목명·개설학과·교과구분·NCS·학년·학점·수업방식,원본 미제공,synthetic 학생 이수정보와 미연결,True,code,M505
M524,M보컬스튜디오테크닉,실용음악과(3년제),개설학과 실용음악과(3년제) · 영역 전공 · 교과목 구분 일반교과 · 수업방식 대면 · NCS 구분 NCS,,,,,3,1,원본 미제공,,4,True,actual_course_offerings_2026,M524,2026,1,실용음악과(3년제),30502300,3,전공,대면,일반교과,NCS,allowed,offline,교과목명·개설학과·교과구분·NCS·학년·학점·수업방식,원본 미제공,synthetic 학생 이수정보와 미연결,True,code,M524
M532,M보컬스튜디오프로듀싱,실용음악과(3년제),개설학과 실용음악과(3년제) · 영역 전공 · 교과목 구분 일반교과 · 수업방식 대면 · NCS 구분 자율과목,,,,,3,2,원본 미제공,,4,True,actual_course_offerings_2026,M532,2026,2,실용음악과(3년제),30502300,3,전공,대면,일반교과,자율과목,allowed,offline,교과목명·개설학과·교과구분·NCS·학년·학점·수업방식,원본 미제공,synthetic 학생 이수정보와 미연결,True,code,M532
M503,M보컬앙상블,실용음악과(3년제),개설학과 실용음악과(3년제) · 영역 전공 · 교과목 구분 일반교과 · 수업방식 대면 · NCS 구분 KBUCS,,,,,1,2,원본 미제공,,2,True,actual_course_offerings_2026,M503,2026,2,실용음악과(3년제),30901024,1,전공,대면,일반교과,KBUCS,allowed,offline,교과목명·개설학과·교과구분·NCS·학년·학점·수업방식,원본 미제공,synthetic 학생 이수정보와 미연결,True,code,M503
M501,M보컬퍼포먼스,실용음악과(3년제),개설학과 실용음악과(3년제) · 영역 전공 · 교과목 구분 일반교과 · 수업방식 대면 · NCS 구분 NCS,,,,,1,1,원본 미제공,,3,True,actual_course_offerings_2026,M501,2026,1,실용음악과(3년제),30901024,1,전공,대면,일반교과,NCS,allowed,offline,교과목명·개설학과·교과구분·NCS·학년·학점·수업방식,원본 미제공,synthetic 학생 이수정보와 미연결,True,code,M501
M499,M시창청음기초,실용음악과(3년제),개설학과 실용음악과(3년제) · 영역 전공 · 교과목 구분 일반교과 · 수업방식 대면 · NCS 구분 KBUCS,,,,,1,1,원본 미제공,,2,True,actual_course_offerings_2026,M499,2026,1,실용음악과(3년제),30901024,1,전공,대면,일반교과,KBUCS,allowed,offline,교과목명·개설학과·교과구분·NCS·학년·학점·수업방식,원본 미제공,synthetic 학생 이수정보와 미연결,True,code,M499
M506,M시창청음심화,실용음악과(3년제),개설학과 실용음악과(3년제) · 영역 전공 · 교과목 구분 일반교과 · 수업방식 대면 · NCS 구분 KBUCS,,,,,1,2,원본 미제공,,2,True,actual_course_offerings_2026,M506,2026,2,실용음악과(3년제),30901024,1,전공,대면,일반교과,KBUCS,allowed,offline,교과목명·개설학과·교과구분·NCS·학년·학점·수업방식,원본 미제공,synthetic 학생 이수정보와 미연결,True,code,M506
M132,M앙상블의이해,실용음악과(3년제),개설학과 실용음악과(3년제) · 영역 전공 · 교과목 구분 일반교과 · 수업방식 대면 · NCS 구분 NCS,,,,,1,1,원본 미제공,,2,True,actual_course_offerings_2026,M132,2026,1,실용음악과(3년제),30901024,1,전공,대면,일반교과,NCS,allowed,offline,교과목명·개설학과·교과구분·NCS·학년·학점·수업방식,원본 미제공,synthetic 학생 이수정보와 미연결,True,code,M132
M175,M음악교수학습방법,실용음악과(3년제),개설학과 실용음악과(3년제) · 영역 전공 · 교과목 구분 일반교과 · 수업방식 원격 · NCS 구분 NCS,,,,,2,2,원본 미제공,,2,True,actual_course_offerings_2026,M175,2026,2,실용음악과(3년제),30502300,2,전공,원격,일반교과,NCS,allowed,offline,교과목명·개설학과·교과구분·NCS·학년·학점·수업방식,원본 미제공,synthetic 학생 이수정보와 미연결,True,code,M175
M315,M음악교육론,실용음악과(3년제),개설학과 실용음악과(3년제) · 영역 전공 · 교과목 구분 일반교과 · 수업방식 원격 · NCS 구분 NCS,,,,,2,1,원본 미제공,,2,True,actual_course_offerings_2026,M315,2026,1,실용음악과(3년제),30502300,2,전공,원격,일반교과,NCS,allowed,offline,교과목명·개설학과·교과구분·NCS·학년·학점·수업방식,원본 미제공,synthetic 학생 이수정보와 미연결,True,code,M315
M305,M음악교육프로그램개발,실용음악과(3년제),개설학과 실용음악과(3년제) · 영역 전공 · 교과목 구분 일반교과 · 수업방식 원격 · NCS 구분 NCS,,,,,3,1,원본 미제공,,2,True,actual_course_offerings_2026,M305,2026,1,실용음악과(3년제),30502300,3,전공,원격,일반교과,NCS,allowed,offline,교과목명·개설학과·교과구분·NCS·학년·학점·수업방식,원본 미제공,synthetic 학생 이수정보와 미연결,True,code,M305
M177,M음악콘텐츠의이해,실용음악과(3년제),개설학과 실용음악과(3년제) · 영역 전공 · 교과목 구분 일반교과 · 수업방식 대면 · NCS 구분 NCS,,,,,3,1,원본 미제공,,2,True,actual_course_offerings_2026,M177,2026,1,실용음악과(3년제),30502300,3,전공,대면,일반교과,NCS,allowed,offline,교과목명·개설학과·교과구분·NCS·학년·학점·수업방식,원본 미제공,synthetic 학생 이수정보와 미연결,True,code,M177
M509,M작사,실용음악과(3년제),개설학과 실용음악과(3년제) · 영역 전공 · 교과목 구분 제작콘텐츠 · 수업방식 원격 · NCS 구분 NCS,,,,,2,1,원본 미제공,,2,True,actual_course_offerings_2026,M509,2026,1,실용음악과(3년제),30502300,2,전공,원격,제작콘텐츠,NCS,allowed,offline,교과목명·개설학과·교과구분·NCS·학년·학점·수업방식,원본 미제공,synthetic 학생 이수정보와 미연결,True,code,M509
M513,M코러스실습,실용음악과(3년제),개설학과 실용음악과(3년제) · 영역 전공 · 교과목 구분 일반교과 · 수업방식 대면 · NCS 구분 NCS,,,,,2,1,원본 미제공,,2,True,actual_course_offerings_2026,M513,2026,1,실용음악과(3년제),30502300,2,전공,대면,일반교과,NCS,allowed,offline,교과목명·개설학과·교과구분·NCS·학년·학점·수업방식,원본 미제공,synthetic 학생 이수정보와 미연결,True,code,M513
M518,M코러스응용,실용음악과(3년제),개설학과 실용음악과(3년제) · 영역 전공 · 교과목 구분 일반교과 · 수업방식 대면 · NCS 구분 NCS,,,,,2,2,원본 미제공,,2,True,actual_course_offerings_2026,M518,2026,2,실용음악과(3년제),30502300,2,전공,대면,일반교과,NCS,allowed,offline,교과목명·개설학과·교과구분·NCS·학년·학점·수업방식,원본 미제공,synthetic 학생 이수정보와 미연결,True,code,M518
M523,M콘텐츠기획기초,실용음악과(3년제),개설학과 실용음악과(3년제) · 영역 전공 · 교과목 구분 일반교과 · 수업방식 원격 · NCS 구분 NCS,,,,,3,1,원본 미제공,,2,True,actual_course_offerings_2026,M523,2026,1,실용음악과(3년제),30502300,3,전공,원격,일반교과,NCS,allowed,offline,교과목명·개설학과·교과구분·NCS·학년·학점·수업방식,원본 미제공,synthetic 학생 이수정보와 미연결,True,code,M523
M533,M콘텐츠기획실습,실용음악과(3년제),개설학과 실용음악과(3년제) · 영역 전공 · 교과목 구분 일반교과 · 수업방식 대면 · NCS 구분 자율과목,,,,,3,2,원본 미제공,,2,True,actual_course_offerings_2026,M533,2026,2,실용음악과(3년제),30502300,3,전공,대면,일반교과,자율과목,allowed,offline,교과목명·개설학과·교과구분·NCS·학년·학점·수업방식,원본 미제공,synthetic 학생 이수정보와 미연결,True,code,M533
M525,M콰이어실습,실용음악과(3년제),개설학과 실용음악과(3년제) · 영역 전공 · 교과목 구분 일반교과 · 수업방식 대면 · NCS 구분 NCS,,,,,3,1,원본 미제공,,2,True,actual_course_offerings_2026,M525,2026,1,실용음악과(3년제),30502300,3,전공,대면,일반교과,NCS,allowed,offline,교과목명·개설학과·교과구분·NCS·학년·학점·수업방식,원본 미제공,synthetic 학생 이수정보와 미연결,True,code,M525
M530,M콰이어응용,실용음악과(3년제),개설학과 실용음악과(3년제) · 영역 전공 · 교과목 구분 일반교과 · 수업방식 대면 · NCS 구분 자율과목,,,,,3,2,원본 미제공,,2,True,actual_course_offerings_2026,M530,2026,2,실용음악과(3년제),30502300,3,전공,대면,일반교과,자율과목,allowed,offline,교과목명·개설학과·교과구분·NCS·학년·학점·수업방식,원본 미제공,synthetic 학생 이수정보와 미연결,True,code,M530
M316,M키보드Lab,실용음악과(3년제),개설학과 실용음악과(3년제) · 영역 전공 · 교과목 구분 일반교과 · 수업방식 대면 · NCS 구분 KBUCS,,,,,1,2,원본 미제공,,2,True,actual_course_offerings_2026,M316,2026,2,실용음악과(3년제),30901024,1,전공,대면,일반교과,KBUCS,allowed,offline,교과목명·개설학과·교과구분·NCS·학년·학점·수업방식,원본 미제공,synthetic 학생 이수정보와 미연결,True,code,M316
A293,레코딩프로젝트,실용음악과(3년제),aa,,,,,1,1,원본 미제공,,3,True,actual_course_offerings_2026,A293,2026,1,실용음악과(3년제),30900988,1,전공,대면,일반교과,자율과목,allowed,offline,교과목명·개설학과·교과구분·NCS·학년·학점·수업방식,원본 미제공,synthetic 학생 이수정보와 미연결,True,code,A293
A564,문화예술교육현장의 이해와실습,실용음악과(3년제),AA,,,,,1,1,원본 미제공,,2,True,actual_course_offerings_2026,A564,2026,1,실용음악과(3년제),30900988,1,전공,대면,일반교과,KBUCS,allowed,offline,교과목명·개설학과·교과구분·NCS·학년·학점·수업방식,원본 미제공,synthetic 학생 이수정보와 미연결,True,code,A564
A297,보컬연주기법,실용음악과(3년제),aa,,,,,1,1,원본 미제공,,3,True,actual_course_offerings_2026,A297,2026,1,실용음악과(3년제),30900988,1,전공,대면,일반교과,자율과목,allowed,offline,교과목명·개설학과·교과구분·NCS·학년·학점·수업방식,원본 미제공,synthetic 학생 이수정보와 미연결,True,code,A297
A294,사운드디자인,실용음악과(3년제),aa,,,,,1,2,원본 미제공,,3,True,actual_course_offerings_2026,A294,2026,2,실용음악과(3년제),30900988,1,전공,대면,일반교과,KBUCS,allowed,offline,교과목명·개설학과·교과구분·NCS·학년·학점·수업방식,원본 미제공,synthetic 학생 이수정보와 미연결,True,code,A294
A295,송라이팅,실용음악과(3년제),aa,,,,,1,2,원본 미제공,,3,True,actual_course_offerings_2026,A295,2026,2,실용음악과(3년제),30900988,1,전공,대면,일반교과,KBUCS,allowed,offline,교과목명·개설학과·교과구분·NCS·학년·학점·수업방식,원본 미제공,synthetic 학생 이수정보와 미연결,True,code,A295
A292,전공실기(7),실용음악과(3년제),aa,,,,,1,1,원본 미제공,,1,True,actual_course_offerings_2026,A292,2026,1,실용음악과(3년제),30900988,1,전공,대면,일반교과,자율과목,allowed,offline,교과목명·개설학과·교과구분·NCS·학년·학점·수업방식,원본 미제공,synthetic 학생 이수정보와 미연결,True,code,A292
A289,졸업작품공연,실용음악과(3년제),aa,,,,,1,2,원본 미제공,,3,True,actual_course_offerings_2026,A289,2026,2,실용음악과(3년제),30900988,1,전공,대면,일반교과,KBUCS,allowed,offline,교과목명·개설학과·교과구분·NCS·학년·학점·수업방식,원본 미제공,synthetic 학생 이수정보와 미연결,True,code,A289
A288,졸업작품제작,실용음악과(3년제),aa,,,,,1,1,원본 미제공,,3,True,actual_course_offerings_2026,A288,2026,1,실용음악과(3년제),30900988,1,전공,대면,일반교과,KBUCS,allowed,offline,교과목명·개설학과·교과구분·NCS·학년·학점·수업방식,원본 미제공,synthetic 학생 이수정보와 미연결,True,code,A288
A298,트레이닝전문사,실용음악과(3년제),aa,,,,,1,2,원본 미제공,,3,True,actual_course_offerings_2026,A298,2026,2,실용음악과(3년제),30900988,1,전공,대면,일반교과,KBUCS,allowed,offline,교과목명·개설학과·교과구분·NCS·학년·학점·수업방식,원본 미제공,synthetic 학생 이수정보와 미연결,True,code,A298
G894,건설재료관리,안전보건과,개설학과 안전보건과 · 영역 전공 · 교과목 구분 일반교과 · 수업방식 원격 · NCS 구분 자율과목,,,,,2,1,원본 미제공,,3,True,actual_course_offerings_2026,G894,2026,1,안전보건과,30101500,2,전공,원격,일반교과,자율과목,allowed,offline,교과목명·개설학과·교과구분·NCS·학년·학점·수업방식,원본 미제공,synthetic 학생 이수정보와 미연결,True,code,G894
H071,기계안전,안전보건과,2024학년도 안전보건과 교육과정 개편으로 인한 '기계안전' 교과목 신청,,,,,2,1,원본 미제공,,3,True,actual_course_offerings_2026,H071,2026,1,안전보건과,30101500,2,전공,원격,일반교과,NCS,allowed,offline,교과목명·개설학과·교과구분·NCS·학년·학점·수업방식,원본 미제공,synthetic 학생 이수정보와 미연결,True,code,H071
A471,산업보건입문,안전보건과,AA,,,,,1,1,원본 미제공,,3,True,actual_course_offerings_2026,A471,2026,1,안전보건과,30900999,1,전공,대면,일반교과,KBUCS,allowed,offline,교과목명·개설학과·교과구분·NCS·학년·학점·수업방식,원본 미제공,synthetic 학생 이수정보와 미연결,True,code,A471
G897,산업심리,안전보건과,개설학과 안전보건과 · 영역 전공 · 교과목 구분 일반교과 · 수업방식 대면 · NCS 구분 자율과목,,,,,2,1,원본 미제공,,3,True,actual_course_offerings_2026,G897,2026,1,안전보건과,30101500,2,전공,대면,일반교과,자율과목,allowed,offline,교과목명·개설학과·교과구분·NCS·학년·학점·수업방식,원본 미제공,synthetic 학생 이수정보와 미연결,True,code,G897
G906,산업안전관리,안전보건과,개설학과 안전보건과 · 영역 전공 · 교과목 구분 일반교과 · 수업방식 대면 · NCS 구분 KBUCS,,,,,1,2,원본 미제공,,3,True,actual_course_offerings_2026,G906,2026,2,안전보건과,30900999,1,전공,대면,일반교과,KBUCS,allowed,offline,교과목명·개설학과·교과구분·NCS·학년·학점·수업방식,원본 미제공,synthetic 학생 이수정보와 미연결,True,code,G906
H067,산업안전보건법규,안전보건과,2024학년도 안전보건과 교육과정 개편으로 인한 '산업안전보건법규' 교과목 신청,,,,,1,2,원본 미제공,,3,True,actual_course_offerings_2026,H067,2026,2,안전보건과,30900999,1,전공,원격,제작콘텐츠,KBUCS,allowed,offline,교과목명·개설학과·교과구분·NCS·학년·학점·수업방식,원본 미제공,synthetic 학생 이수정보와 미연결,True,code,H067
A470,산업안전입문,안전보건과,AA,,,,,1,1,원본 미제공,,3,True,actual_course_offerings_2026,A470,2026,1,안전보건과,30900999,1,전공,대면,일반교과,KBUCS,allowed,offline,교과목명·개설학과·교과구분·NCS·학년·학점·수업방식,원본 미제공,synthetic 학생 이수정보와 미연결,True,code,A470
G901,시공환경관리,안전보건과,개설학과 안전보건과 · 영역 전공 · 교과목 구분 일반교과 · 수업방식 원격 · NCS 구분 NCS,,,,,2,1,원본 미제공,,3,True,actual_course_offerings_2026,G901,2026,1,안전보건과,30101500,2,전공,원격,일반교과,NCS,allowed,offline,교과목명·개설학과·교과구분·NCS·학년·학점·수업방식,원본 미제공,synthetic 학생 이수정보와 미연결,True,code,G901
H073,안전데이터활용,안전보건과,2024학년도 안전보건과 교육과정 개편으로 인한 '안전데이터활용' 교과목 신청,,,,,1,2,원본 미제공,,3,True,actual_course_offerings_2026,H073,2026,2,안전보건과,30900999,1,전공,대면,일반교과,KBUCS,allowed,offline,교과목명·개설학과·교과구분·NCS·학년·학점·수업방식,원본 미제공,synthetic 학생 이수정보와 미연결,True,code,H073
A472,안전보건AI활용,안전보건과,AA,,,,,1,1,원본 미제공,,3,True,actual_course_offerings_2026,A472,2026,1,안전보건과,30900999,1,전공,대면,일반교과,KBUCS,allowed,offline,교과목명·개설학과·교과구분·NCS·학년·학점·수업방식,원본 미제공,synthetic 학생 이수정보와 미연결,True,code,A472
G893,안전보건경영시스템,안전보건과,개설학과 안전보건과 · 영역 전공 · 교과목 구분 일반교과 · 수업방식 대면 · NCS 구분 자율과목,,,,,2,1,원본 미제공,,3,True,actual_course_offerings_2026,G893,2026,1,안전보건과,30101500,2,전공,대면,일반교과,자율과목,allowed,offline,교과목명·개설학과·교과구분·NCS·학년·학점·수업방식,원본 미제공,synthetic 학생 이수정보와 미연결,True,code,G893
H074,안전보건교육,안전보건과,2024학년도 안전보건과 교육과정 개편으로 인한 '안전보건교육' 교과목 신청,,,,,1,1,원본 미제공,,3,True,actual_course_offerings_2026,H074,2026,1|2,안전보건과,30101500|30900999,1|2,전공,대면,일반교과,KBUCS|NCS,allowed,offline,교과목명·개설학과·교과구분·NCS·학년·학점·수업방식,원본 미제공,synthetic 학생 이수정보와 미연결,True,code,H074
G902,안전보건매뉴얼,안전보건과,개설학과 안전보건과 · 영역 전공 · 교과목 구분 일반교과 · 수업방식 대면 · NCS 구분 자율과목,,,,,2,2,원본 미제공,,3,True,actual_course_offerings_2026,G902,2026,2,안전보건과,30101500,2,전공,대면,일반교과,자율과목,allowed,offline,교과목명·개설학과·교과구분·NCS·학년·학점·수업방식,원본 미제공,synthetic 학생 이수정보와 미연결,True,code,G902
G907,안전보건문서실무,안전보건과,개설학과 안전보건과 · 영역 전공 · 교과목 구분 일반교과 · 수업방식 대면 · NCS 구분 NCS,,,,,1,1,원본 미제공,,3,True,actual_course_offerings_2026,G907,2026,1,안전보건과,30900999,1,전공,대면,일반교과,NCS,allowed,offline,교과목명·개설학과·교과구분·NCS·학년·학점·수업방식,원본 미제공,synthetic 학생 이수정보와 미연결,True,code,G907
A473,안전프리젠테이션,안전보건과,AA,,,,,1,1,원본 미제공,,3,True,actual_course_offerings_2026,A473,2026,1,안전보건과,30900999,1,전공,대면,일반교과,KBUCS,allowed,offline,교과목명·개설학과·교과구분·NCS·학년·학점·수업방식,원본 미제공,synthetic 학생 이수정보와 미연결,True,code,A473
H072,위험성평가및안전관리,안전보건과,2024학년도 안전보건과 교육과정 개편으로 인한 '위험성평가및안전관리' 교과목 신청,,,,,2,2,원본 미제공,,3,True,actual_course_offerings_2026,H072,2026,2,안전보건과,30101500,2,전공,대면,일반교과,NCS,allowed,offline,교과목명·개설학과·교과구분·NCS·학년·학점·수업방식,원본 미제공,synthetic 학생 이수정보와 미연결,True,code,H072
8285,인간공학,안전보건과,개설학과 안전보건과 · 영역 전공 · 교과목 구분 일반교과 · 수업방식 대면 · NCS 구분 KBUCS,,,,,1,2,원본 미제공,,3,True,actual_course_offerings_2026,8285,2026,2,안전보건과,30900999,1,전공,대면,일반교과,KBUCS,allowed,offline,교과목명·개설학과·교과구분·NCS·학년·학점·수업방식,원본 미제공,synthetic 학생 이수정보와 미연결,True,none,
M469,M림프와아로마,약손피부미용과,개설학과 약손피부미용과 · 영역 전공 · 교과목 구분 일반교과 · 수업방식 대면 · NCS 구분 NCS,,,,,2,1,원본 미제공,,3,True,actual_course_offerings_2026,M469,2026,1,약손피부미용과,30501300,2,전공,대면,일반교과,NCS,allowed,offline,교과목명·개설학과·교과구분·NCS·학년·학점·수업방식,원본 미제공,synthetic 학생 이수정보와 미연결,True,code,M469
M472,M뷰티마케팅실무,약손피부미용과,개설학과 약손피부미용과 · 영역 전공 · 교과목 구분 일반교과 · 수업방식 대면 · NCS 구분 NCS,,,,,2,2,원본 미제공,,3,True,actual_course_offerings_2026,M472,2026,2,약손피부미용과,30501300,2,전공,대면,일반교과,NCS,allowed,offline,교과목명·개설학과·교과구분·NCS·학년·학점·수업방식,원본 미제공,synthetic 학생 이수정보와 미연결,True,code,M472
M464,M비만스파테라피,약손피부미용과,개설학과 약손피부미용과 · 영역 전공 · 교과목 구분 일반교과 · 수업방식 대면 · NCS 구분 NCS,,,,,2,1,원본 미제공,,3,True,actual_course_offerings_2026,M464,2026,1,약손피부미용과,30501300,2,전공,대면,일반교과,NCS,allowed,offline,교과목명·개설학과·교과구분·NCS·학년·학점·수업방식,원본 미제공,synthetic 학생 이수정보와 미연결,True,code,M464
M589,M스톤과두피관리,약손피부미용과,개설학과 약손피부미용과 · 영역 전공 · 교과목 구분 일반교과 · 수업방식 대면 · NCS 구분 NCS,,,,,2,1,원본 미제공,,3,True,actual_course_offerings_2026,M589,2026,1,약손피부미용과,30501300,2,전공,대면,일반교과,NCS,allowed,offline,교과목명·개설학과·교과구분·NCS·학년·학점·수업방식,원본 미제공,synthetic 학생 이수정보와 미연결,True,code,M589
M467,M약손CS,약손피부미용과,개설학과 약손피부미용과 · 영역 전공 · 교과목 구분 일반교과 · 수업방식 대면 · NCS 구분 NCS,,,,,2,1,원본 미제공,,2,True,actual_course_offerings_2026,M467,2026,1,약손피부미용과,30501300,2,전공,대면,일반교과,NCS,allowed,offline,교과목명·개설학과·교과구분·NCS·학년·학점·수업방식,원본 미제공,synthetic 학생 이수정보와 미연결,True,code,M467
M465,M약손균형관리,약손피부미용과,개설학과 약손피부미용과 · 영역 전공 · 교과목 구분 일반교과 · 수업방식 대면 · NCS 구분 KBUCS,,,,,2,1,원본 미제공,,3,True,actual_course_offerings_2026,M465,2026,1,약손피부미용과,30501300,2,전공,대면,일반교과,KBUCS,allowed,offline,교과목명·개설학과·교과구분·NCS·학년·학점·수업방식,원본 미제공,synthetic 학생 이수정보와 미연결,True,code,M465
M466,M약손리프팅관리,약손피부미용과,개설학과 약손피부미용과 · 영역 전공 · 교과목 구분 일반교과 · 수업방식 대면 · NCS 구분 KBUCS,,,,,2,1,원본 미제공,,3,True,actual_course_offerings_2026,M466,2026,1,약손피부미용과,30501300,2,전공,대면,일반교과,KBUCS,allowed,offline,교과목명·개설학과·교과구분·NCS·학년·학점·수업방식,원본 미제공,synthetic 학생 이수정보와 미연결,True,code,M466
M471,M약손토탈바디,약손피부미용과,개설학과 약손피부미용과 · 영역 전공 · 교과목 구분 일반교과 · 수업방식 대면 · NCS 구분 KBUCS,,,,,2,2,원본 미제공,,3,True,actual_course_offerings_2026,M471,2026,2,약손피부미용과,30501300,2,전공,대면,일반교과,KBUCS,allowed,offline,교과목명·개설학과·교과구분·NCS·학년·학점·수업방식,원본 미제공,synthetic 학생 이수정보와 미연결,True,code,M471
M470,M약손토탈페이스,약손피부미용과,개설학과 약손피부미용과 · 영역 전공 · 교과목 구분 일반교과 · 수업방식 대면 · NCS 구분 KBUCS,,,,,2,2,원본 미제공,,3,True,actual_course_offerings_2026,M470,2026,2,약손피부미용과,30501300,2,전공,대면,일반교과,KBUCS,allowed,offline,교과목명·개설학과·교과구분·NCS·학년·학점·수업방식,원본 미제공,synthetic 학생 이수정보와 미연결,True,code,M470
G917,360파노라마,영상미디어콘텐츠과,개설학과 영상미디어콘텐츠과 · 영역 전공 · 교과목 구분 일반교과 · 수업방식 대면 · NCS 구분 NCS,,,,,2,1,원본 미제공,,3,True,actual_course_offerings_2026,G917,2026,1,영상미디어콘텐츠과,30502400,2,전공,대면,일반교과,NCS,allowed,offline,교과목명·개설학과·교과구분·NCS·학년·학점·수업방식,원본 미제공,synthetic 학생 이수정보와 미연결,True,code,G917
C394,3D애니메이션,영상미디어콘텐츠과,개설학과 영상미디어콘텐츠과 · 영역 전공 · 교과목 구분 일반교과 · 수업방식 대면 · NCS 구분 NCS,,,,,2,1,원본 미제공,,3,True,actual_course_offerings_2026,C394,2026,1,영상미디어콘텐츠과,30502400,2,전공,대면,일반교과,NCS,allowed,offline,교과목명·개설학과·교과구분·NCS·학년·학점·수업방식,원본 미제공,synthetic 학생 이수정보와 미연결,True,none,
G929,ARVR인터렉션,영상미디어콘텐츠과,개설학과 영상미디어콘텐츠과 · 영역 전공 · 교과목 구분 일반교과 · 수업방식 대면 · NCS 구분 NCS,,,,,2,2,원본 미제공,,3,True,actual_course_offerings_2026,G929,2026,2,영상미디어콘텐츠과,30502400,2,전공,대면,일반교과,NCS,allowed,offline,교과목명·개설학과·교과구분·NCS·학년·학점·수업방식,원본 미제공,synthetic 학생 이수정보와 미연결,True,code,G929
G918,AR콘텐츠디자인,영상미디어콘텐츠과,개설학과 영상미디어콘텐츠과 · 영역 전공 · 교과목 구분 일반교과 · 수업방식 대면 · NCS 구분 NCS,,,,,2,2,원본 미제공,,3,True,actual_course_offerings_2026,G918,2026,2,영상미디어콘텐츠과,30502400,2,전공,대면,일반교과,NCS,allowed,offline,교과목명·개설학과·교과구분·NCS·학년·학점·수업방식,원본 미제공,synthetic 학생 이수정보와 미연결,True,code,G918
A509,MAYA BASIC,영상미디어콘텐츠과,AA,,,,,1,2,원본 미제공,,3,True,actual_course_offerings_2026,A509,2026,2,영상미디어콘텐츠과,30901012,1,전공,대면,일반교과,KBUCS,allowed,offline,교과목명·개설학과·교과구분·NCS·학년·학점·수업방식,원본 미제공,synthetic 학생 이수정보와 미연결,True,code,A509
A499,UI/UX디자인1,영상미디어콘텐츠과,AA,,,,,1,1,원본 미제공,,3,True,actual_course_offerings_2026,A499,2026,1,영상미디어콘텐츠과,30901012,1,전공,대면,일반교과,KBUCS,allowed,offline,교과목명·개설학과·교과구분·NCS·학년·학점·수업방식,원본 미제공,synthetic 학생 이수정보와 미연결,True,code,A499
A505,UI/UX디자인2,영상미디어콘텐츠과,AA,,,,,1,2,원본 미제공,,3,True,actual_course_offerings_2026,A505,2026,2,영상미디어콘텐츠과,30901012,1,전공,대면,일반교과,KBUCS,allowed,offline,교과목명·개설학과·교과구분·NCS·학년·학점·수업방식,원본 미제공,synthetic 학생 이수정보와 미연결,True,code,A505
G934,Unity엔진,영상미디어콘텐츠과,개설학과 영상미디어콘텐츠과 · 영역 전공 · 교과목 구분 일반교과 · 수업방식 대면 · NCS 구분 NCS,,,,,3,1,원본 미제공,,3,True,actual_course_offerings_2026,G934,2026,1,영상미디어콘텐츠과,30502400,3,전공,대면,일반교과,NCS,allowed,offline,교과목명·개설학과·교과구분·NCS·학년·학점·수업방식,원본 미제공,synthetic 학생 이수정보와 미연결,True,code,G934
G928,VR콘텐츠디자인,영상미디어콘텐츠과,개설학과 영상미디어콘텐츠과 · 영역 전공 · 교과목 구분 일반교과 · 수업방식 대면 · NCS 구분 NCS,,,,,3,1,원본 미제공,,3,True,actual_course_offerings_2026,G928,2026,1,영상미디어콘텐츠과,30502400,3,전공,대면,일반교과,NCS,allowed,offline,교과목명·개설학과·교과구분·NCS·학년·학점·수업방식,원본 미제공,synthetic 학생 이수정보와 미연결,True,code,G928
G935,메타버스크리에이터,영상미디어콘텐츠과,개설학과 영상미디어콘텐츠과 · 영역 전공 · 교과목 구분 일반교과 · 수업방식 대면 · NCS 구분 자율과목,,,,,3,1,원본 미제공,,3,True,actual_course_offerings_2026,G935,2026,1,영상미디어콘텐츠과,30502400,3,전공,대면,일반교과,자율과목,allowed,offline,교과목명·개설학과·교과구분·NCS·학년·학점·수업방식,원본 미제공,synthetic 학생 이수정보와 미연결,True,code,G935
B516,모션그래픽,영상미디어콘텐츠과,개설학과 영상미디어콘텐츠과 · 영역 전공 · 교과목 구분 일반교과 · 수업방식 대면 · NCS 구분 NCS,,,,,2,1,원본 미제공,,3,True,actual_course_offerings_2026,B516,2026,1,영상미디어콘텐츠과,30502400,2,전공,대면,일반교과,NCS,allowed,offline,교과목명·개설학과·교과구분·NCS·학년·학점·수업방식,원본 미제공,synthetic 학생 이수정보와 미연결,True,none,
A504,버추얼 휴먼,영상미디어콘텐츠과,AA,,,,,1,1,원본 미제공,,3,True,actual_course_offerings_2026,A504,2026,1,영상미디어콘텐츠과,30901012,1,전공,대면,일반교과,KBUCS,allowed,offline,교과목명·개설학과·교과구분·NCS·학년·학점·수업방식,원본 미제공,synthetic 학생 이수정보와 미연결,True,code,A504
A502,블렌더1,영상미디어콘텐츠과,AA,,,,,1,1,원본 미제공,,3,True,actual_course_offerings_2026,A502,2026,1,영상미디어콘텐츠과,30901012,1,전공,대면,일반교과,KBUCS,allowed,offline,교과목명·개설학과·교과구분·NCS·학년·학점·수업방식,원본 미제공,synthetic 학생 이수정보와 미연결,True,code,A502
A510,블렌더2,영상미디어콘텐츠과,AA,,,,,1,2,원본 미제공,,3,True,actual_course_offerings_2026,A510,2026,2,영상미디어콘텐츠과,30901012,1,전공,대면,일반교과,KBUCS,allowed,offline,교과목명·개설학과·교과구분·NCS·학년·학점·수업방식,원본 미제공,synthetic 학생 이수정보와 미연결,True,code,A510
G914,시네마4D,영상미디어콘텐츠과,개설학과 영상미디어콘텐츠과 · 영역 전공 · 교과목 구분 일반교과 · 수업방식 대면 · NCS 구분 NCS,,,,,2,2,원본 미제공,,3,True,actual_course_offerings_2026,G914,2026,2,영상미디어콘텐츠과,30502400,2,전공,대면,일반교과,NCS,allowed,offline,교과목명·개설학과·교과구분·NCS·학년·학점·수업방식,원본 미제공,synthetic 학생 이수정보와 미연결,True,code,G914
G916,실감콘텐츠기획,영상미디어콘텐츠과,개설학과 영상미디어콘텐츠과 · 영역 전공 · 교과목 구분 일반교과 · 수업방식 대면 · NCS 구분 NCS,,,,,2,2,원본 미제공,,3,True,actual_course_offerings_2026,G916,2026,2,영상미디어콘텐츠과,30502400,2,전공,대면,일반교과,NCS,allowed,offline,교과목명·개설학과·교과구분·NCS·학년·학점·수업방식,원본 미제공,synthetic 학생 이수정보와 미연결,True,code,G916
G921,실감콘텐츠앱개발,영상미디어콘텐츠과,개설학과 영상미디어콘텐츠과 · 영역 전공 · 교과목 구분 일반교과 · 수업방식 대면 · NCS 구분 NCS,,,,,2,2,원본 미제공,,3,True,actual_course_offerings_2026,G921,2026,2,영상미디어콘텐츠과,30502400,2,전공,대면,일반교과,NCS,allowed,offline,교과목명·개설학과·교과구분·NCS·학년·학점·수업방식,원본 미제공,synthetic 학생 이수정보와 미연결,True,code,G921
G920,실감콘텐츠앱기획,영상미디어콘텐츠과,개설학과 영상미디어콘텐츠과 · 영역 전공 · 교과목 구분 일반교과 · 수업방식 대면 · NCS 구분 NCS,,,,,2,1,원본 미제공,,3,True,actual_course_offerings_2026,G920,2026,1,영상미디어콘텐츠과,30502400,2,전공,대면,일반교과,NCS,allowed,offline,교과목명·개설학과·교과구분·NCS·학년·학점·수업방식,원본 미제공,synthetic 학생 이수정보와 미연결,True,code,G920
A508,영상촬영편집,영상미디어콘텐츠과,AA,,,,,1,2,원본 미제공,,3,True,actual_course_offerings_2026,A508,2026,2,영상미디어콘텐츠과,30901012,1,전공,대면,일반교과,KBUCS,allowed,offline,교과목명·개설학과·교과구분·NCS·학년·학점·수업방식,원본 미제공,synthetic 학생 이수정보와 미연결,True,code,A508
G919,인터렉티브미디어,영상미디어콘텐츠과,개설학과 영상미디어콘텐츠과 · 영역 전공 · 교과목 구분 일반교과 · 수업방식 대면 · NCS 구분 NCS,,,,,2,1,원본 미제공,,3,True,actual_course_offerings_2026,G919,2026,1,영상미디어콘텐츠과,30502400,2,전공,대면,일반교과,NCS,allowed,offline,교과목명·개설학과·교과구분·NCS·학년·학점·수업방식,원본 미제공,synthetic 학생 이수정보와 미연결,True,code,G919
A507,일러스트 고급,영상미디어콘텐츠과,AA,,,,,1,2,원본 미제공,,3,True,actual_course_offerings_2026,A507,2026,2,영상미디어콘텐츠과,30901012,1,전공,대면,일반교과,KBUCS,allowed,offline,교과목명·개설학과·교과구분·NCS·학년·학점·수업방식,원본 미제공,synthetic 학생 이수정보와 미연결,True,code,A507
A501,일러스트 기초,영상미디어콘텐츠과,AA,,,,,1,1,원본 미제공,,3,True,actual_course_offerings_2026,A501,2026,1,영상미디어콘텐츠과,30901012,1,전공,대면,일반교과,KBUCS,allowed,offline,교과목명·개설학과·교과구분·NCS·학년·학점·수업방식,원본 미제공,synthetic 학생 이수정보와 미연결,True,code,A501
A503,카메라촬영연출,영상미디어콘텐츠과,AA,,,,,1,1,원본 미제공,,3,True,actual_course_offerings_2026,A503,2026,1,영상미디어콘텐츠과,30901012,1,전공,대면,일반교과,KBUCS,allowed,offline,교과목명·개설학과·교과구분·NCS·학년·학점·수업방식,원본 미제공,synthetic 학생 이수정보와 미연결,True,code,A503
G913,캐릭터이모티콘출시,영상미디어콘텐츠과,개설학과 영상미디어콘텐츠과 · 영역 전공 · 교과목 구분 일반교과 · 수업방식 대면 · NCS 구분 자율과목,,,,,3,1,원본 미제공,,3,True,actual_course_offerings_2026,G913,2026,1,영상미디어콘텐츠과,30502400,3,전공,대면,일반교과,자율과목,allowed,offline,교과목명·개설학과·교과구분·NCS·학년·학점·수업방식,원본 미제공,synthetic 학생 이수정보와 미연결,True,code,G913
G926,크로마키스튜디오,영상미디어콘텐츠과,개설학과 영상미디어콘텐츠과 · 영역 전공 · 교과목 구분 일반교과 · 수업방식 대면 · NCS 구분 자율과목,,,,,3,1,원본 미제공,,3,True,actual_course_offerings_2026,G926,2026,1,영상미디어콘텐츠과,30502400,3,전공,대면,일반교과,자율과목,allowed,offline,교과목명·개설학과·교과구분·NCS·학년·학점·수업방식,원본 미제공,synthetic 학생 이수정보와 미연결,True,code,G926
A506,포토샵 고급,영상미디어콘텐츠과,AA,,,,,1,2,원본 미제공,,3,True,actual_course_offerings_2026,A506,2026,2,영상미디어콘텐츠과,30901012,1,전공,대면,일반교과,KBUCS,allowed,offline,교과목명·개설학과·교과구분·NCS·학년·학점·수업방식,원본 미제공,synthetic 학생 이수정보와 미연결,True,code,A506
A500,포토샵 기초,영상미디어콘텐츠과,AA,,,,,1,1,원본 미제공,,3,True,actual_course_offerings_2026,A500,2026,1,영상미디어콘텐츠과,30901012,1,전공,대면,일반교과,KBUCS,allowed,offline,교과목명·개설학과·교과구분·NCS·학년·학점·수업방식,원본 미제공,synthetic 학생 이수정보와 미연결,True,code,A500
G915,포트폴리오기획,영상미디어콘텐츠과,개설학과 영상미디어콘텐츠과 · 영역 전공 · 교과목 구분 일반교과 · 수업방식 대면 · NCS 구분 NCS,,,,,3,1,원본 미제공,,3,True,actual_course_offerings_2026,G915,2026,1,영상미디어콘텐츠과,30502400,3,전공,대면,일반교과,NCS,allowed,offline,교과목명·개설학과·교과구분·NCS·학년·학점·수업방식,원본 미제공,synthetic 학생 이수정보와 미연결,True,code,G915
G933,포트폴리오제작,영상미디어콘텐츠과,개설학과 영상미디어콘텐츠과 · 영역 전공 · 교과목 구분 일반교과 · 수업방식 대면 · NCS 구분 NCS,,,,,3,2,원본 미제공,,4,True,actual_course_offerings_2026,G933,2026,2,영상미디어콘텐츠과,30502400,3,전공,대면,일반교과,NCS,allowed,offline,교과목명·개설학과·교과구분·NCS·학년·학점·수업방식,원본 미제공,synthetic 학생 이수정보와 미연결,True,code,G933
G922,프로그램코딩,영상미디어콘텐츠과,개설학과 영상미디어콘텐츠과 · 영역 전공 · 교과목 구분 일반교과 · 수업방식 대면 · NCS 구분 NCS,,,,,2,1,원본 미제공,,3,True,actual_course_offerings_2026,G922,2026,1,영상미디어콘텐츠과,30502400,2,전공,대면,일반교과,NCS,allowed,offline,교과목명·개설학과·교과구분·NCS·학년·학점·수업방식,원본 미제공,synthetic 학생 이수정보와 미연결,True,code,G922
H148,4차산업환경과유아교육,유아교육과,개설학과 유아교육과 · 영역 전공 · 교과목 구분 일반교과 · 수업방식 원격 · NCS 구분 자율과목,,,,,1,1,원본 미제공,,3,True,actual_course_offerings_2026,H148,2026,1,유아교육과,30900975,1,전공,원격,일반교과,자율과목,allowed,offline,교과목명·개설학과·교과구분·NCS·학년·학점·수업방식,원본 미제공,synthetic 학생 이수정보와 미연결,True,none,
F701,개별화교육계획,유아교육과,개설학과 유아교육과 · 영역 전공 · 교과목 구분 제작콘텐츠 · 수업방식 원격 · NCS 구분 KBUCS,,,,,1,1,원본 미제공,,3,True,actual_course_offerings_2026,F701,2026,1,유아교육과,30900975,1,전공,원격,제작콘텐츠,KBUCS,allowed,offline,교과목명·개설학과·교과구분·NCS·학년·학점·수업방식,원본 미제공,synthetic 학생 이수정보와 미연결,True,code,F701
B582,교육과정,유아교육과,"개설학과 간호학과, 유아교육과 · 영역 교직 · 교과목 구분 일반교과 · 수업방식 혼합 · NCS 구분 KBUCS, 자율과목",,,,,2,1,원본 미제공,,3,True,actual_course_offerings_2026,B582,2026,1,간호학과|유아교육과,30100100|30200400,2,교직,혼합,일반교과,KBUCS|자율과목,allowed,offline,교과목명·개설학과·교과구분·NCS·학년·학점·수업방식,원본 미제공,synthetic 학생 이수정보와 미연결,True,name,E338
G513,교육방법및교육공학,유아교육과,"개설학과 간호학과, 유아교육과 · 영역 교직 · 교과목 구분 일반교과 · 수업방식 혼합 · NCS 구분 KBUCS, 자율과목",,,,,2,2,원본 미제공,,3,True,actual_course_offerings_2026,G513,2026,2,간호학과|유아교육과,30100100|30200400,2,교직,혼합,일반교과,KBUCS|자율과목,allowed,offline,교과목명·개설학과·교과구분·NCS·학년·학점·수업방식,원본 미제공,synthetic 학생 이수정보와 미연결,True,code,G513
B585,교육봉사활동,유아교육과,"개설학과 간호학과, 유아교육과 · 영역 교직 · 교과목 구분 사회봉사 · 수업방식 대면 · NCS 구분 KBUCS, 자율과목",,,,,3,2,원본 미제공,,2,True,actual_course_offerings_2026,B585,2026,2,간호학과|유아교육과,30100100|30200400,3|4,교직,대면,사회봉사,KBUCS|자율과목,allowed,offline,교과목명·개설학과·교과구분·NCS·학년·학점·수업방식,원본 미제공,synthetic 학생 이수정보와 미연결,True,none,
8630,교육사회,유아교육과,"개설학과 간호학과, 유아교육과 · 영역 교직 · 교과목 구분 일반교과 · 수업방식 혼합 · NCS 구분 KBUCS, 자율과목",,,,,2,1,원본 미제공,,3,True,actual_course_offerings_2026,8630,2026,1,간호학과|유아교육과,30100100|30200400,2,교직,혼합,일반교과,KBUCS|자율과목,allowed,offline,교과목명·개설학과·교과구분·NCS·학년·학점·수업방식,원본 미제공,synthetic 학생 이수정보와 미연결,True,none,
8581,교육심리,유아교육과,"개설학과 간호학과, 유아교육과 · 영역 교직 · 교과목 구분 일반교과 · 수업방식 혼합 · NCS 구분 KBUCS, 자율과목",,,,,1,2,원본 미제공,,3,True,actual_course_offerings_2026,8581,2026,2,간호학과|유아교육과,30100100|30901004,1|2,교직,혼합,일반교과,KBUCS|자율과목,allowed,offline,교과목명·개설학과·교과구분·NCS·학년·학점·수업방식,원본 미제공,synthetic 학생 이수정보와 미연결,True,none,
Y680,교육철학및교육사,유아교육과,"개설학과 간호학과, 유아교육과 · 영역 교직 · 교과목 구분 일반교과 · 수업방식 혼합 · NCS 구분 KBUCS, 자율과목",,,,,1,2,원본 미제공,,3,True,actual_course_offerings_2026,Y680,2026,2,간호학과|유아교육과,30100100|30901004,1|2,교직,혼합,일반교과,KBUCS|자율과목,allowed,offline,교과목명·개설학과·교과구분·NCS·학년·학점·수업방식,원본 미제공,synthetic 학생 이수정보와 미연결,True,none,
9605,교육학개론,유아교육과,"개설학과 간호학과, 유아교육과 · 영역 교직 · 교과목 구분 일반교과 · 수업방식 혼합 · NCS 구분 KBUCS, 자율과목",,,,,1,1,원본 미제공,,3,True,actual_course_offerings_2026,9605,2026,1,간호학과|유아교육과,30100100|30901004,1|2,교직,혼합,일반교과,KBUCS|자율과목,allowed,offline,교과목명·개설학과·교과구분·NCS·학년·학점·수업방식,원본 미제공,synthetic 학생 이수정보와 미연결,True,none,
G515,교직실무,유아교육과,개설학과 유아교육과 · 영역 교직 · 교과목 구분 일반교과 · 수업방식 대면 · NCS 구분 KBUCS,,,,,2,2,원본 미제공,,3,True,actual_course_offerings_2026,G515,2026,2,유아교육과,30200400,2,교직,대면,일반교과,KBUCS,allowed,offline,교과목명·개설학과·교과구분·NCS·학년·학점·수업방식,원본 미제공,synthetic 학생 이수정보와 미연결,True,code,G515
H044,디지털교육,유아교육과,2024학년도 유아교육과 교육과정 개편으로 디지털교육 교과목 신설,,,,,2,2,원본 미제공,,3,True,actual_course_offerings_2026,H044,2026,2,간호학과|유아교육과,30100100|30200400,2|3,교직,혼합,일반교과|제작콘텐츠,KBUCS|자율과목,allowed,offline,교과목명·개설학과·교과구분·NCS·학년·학점·수업방식,원본 미제공,synthetic 학생 이수정보와 미연결,True,code,H044
C665,보육실습,유아교육과,개설학과 유아교육과 · 영역 전공 · 교과목 구분 현장실습 · 수업방식 대면 · NCS 구분 NCS,,,,,3,1,원본 미제공,,3,True,actual_course_offerings_2026,C665,2026,1,유아교육과,30200400,3,전공,대면,현장실습,NCS,allowed,offline,교과목명·개설학과·교과구분·NCS·학년·학점·수업방식,원본 미제공,synthetic 학생 이수정보와 미연결,True,name,G739
U940,부모교육,유아교육과,개설학과 유아교육과 · 영역 전공 · 교과목 구분 일반교과 · 수업방식 대면 · NCS 구분 KBUCS,,,,,3,1,원본 미제공,,3,True,actual_course_offerings_2026,U940,2026,1,유아교육과,30200400,3,전공,대면,일반교과,KBUCS,allowed,offline,교과목명·개설학과·교과구분·NCS·학년·학점·수업방식,원본 미제공,synthetic 학생 이수정보와 미연결,True,none,
G345,사전사후현장실습,유아교육과,개설학과 유아교육과 · 영역 전공 · 교과목 구분 일반교과 · 수업방식 대면 · NCS 구분 KBUCS,,,,,3,2,원본 미제공,,1,True,actual_course_offerings_2026,G345,2026,2,유아교육과,30200400,3,전공,대면,일반교과,KBUCS,allowed,offline,교과목명·개설학과·교과구분·NCS·학년·학점·수업방식,원본 미제공,synthetic 학생 이수정보와 미연결,True,code,G345
D404,아동관찰및행동연구,유아교육과,개설학과 유아교육과 · 영역 전공 · 교과목 구분 일반교과 · 수업방식 대면 · NCS 구분 NCS+KBUCS,,,,,2,2,원본 미제공,,3,True,actual_course_offerings_2026,D404,2026,2,유아교육과,30200400,2,전공,대면,일반교과,NCS+KBUCS,allowed,offline,교과목명·개설학과·교과구분·NCS·학년·학점·수업방식,원본 미제공,synthetic 학생 이수정보와 미연결,True,none,
E859,아동권리와복지,유아교육과,개설학과 유아교육과 · 영역 전공 · 교과목 구분 제작콘텐츠 · 수업방식 혼합 · NCS 구분 NCS,,,,,1,2,원본 미제공,,3,True,actual_course_offerings_2026,E859,2026,2,유아교육과,30901004,1,전공,혼합,제작콘텐츠,NCS,allowed,offline,교과목명·개설학과·교과구분·NCS·학년·학점·수업방식,원본 미제공,synthetic 학생 이수정보와 미연결,True,code,E859
G333,아동생활지도,유아교육과,개설학과 유아교육과 · 영역 전공 · 교과목 구분 일반교과 · 수업방식 대면 · NCS 구분 NCS,,,,,2,2,원본 미제공,,3,True,actual_course_offerings_2026,G333,2026,2,유아교육과,30200400,2,전공,대면,일반교과,NCS,allowed,offline,교과목명·개설학과·교과구분·NCS·학년·학점·수업방식,원본 미제공,synthetic 학생 이수정보와 미연결,True,code,G333
F694,언어장애아교육,유아교육과,개설학과 유아교육과 · 영역 전공 · 교과목 구분 제작콘텐츠 · 수업방식 원격 · NCS 구분 KBUCS,,,,,1,1,원본 미제공,,3,True,actual_course_offerings_2026,F694,2026,1,유아교육과,30900975,1,전공,원격,제작콘텐츠,KBUCS,allowed,offline,교과목명·개설학과·교과구분·NCS·학년·학점·수업방식,원본 미제공,synthetic 학생 이수정보와 미연결,True,code,F694
A253,영유아교수방법론,유아교육과,개설학과 유아교육과 · 영역 전공 · 교과목 구분 일반교과 · 수업방식 대면 · NCS 구분 NCS+KBUCS,,,,,2,1,원본 미제공,,3,True,actual_course_offerings_2026,A253,2026,1,유아교육과,30200400,2,전공,대면,일반교과,NCS+KBUCS,allowed,offline,교과목명·개설학과·교과구분·NCS·학년·학점·수업방식,원본 미제공,synthetic 학생 이수정보와 미연결,True,name,E320
G812,영유아발달과교육,유아교육과,개설학과 유아교육과 · 영역 전공 · 교과목 구분 일반교과 · 수업방식 혼합 · NCS 구분 NCS,,,,,1,2,원본 미제공,,3,True,actual_course_offerings_2026,G812,2026,2,유아교육과,30901004,1,전공,혼합,일반교과,NCS,allowed,offline,교과목명·개설학과·교과구분·NCS·학년·학점·수업방식,원본 미제공,synthetic 학생 이수정보와 미연결,True,code,G812
5970,유아건강교육,유아교육과,개설학과 유아교육과 · 영역 전공 · 교과목 구분 일반교과 · 수업방식 대면 · NCS 구분 KBUCS,,,,,2,2,원본 미제공,,3,True,actual_course_offerings_2026,5970,2026,2,유아교육과,30200400,2,전공,대면,일반교과,KBUCS,allowed,offline,교과목명·개설학과·교과구분·NCS·학년·학점·수업방식,원본 미제공,synthetic 학생 이수정보와 미연결,True,none,
E337,유아과학교육,유아교육과,개설학과 유아교육과 · 영역 전공 · 교과목 구분 일반교과 · 수업방식 대면 · NCS 구분 NCS,,,,,1,2,원본 미제공,,3,True,actual_course_offerings_2026,E337,2026,2,유아교육과,30901004,1,전공,대면,일반교과,NCS,allowed,offline,교과목명·개설학과·교과구분·NCS·학년·학점·수업방식,원본 미제공,synthetic 학생 이수정보와 미연결,True,code,E337
B839,유아교과교육론,유아교육과,개설학과 유아교육과 · 영역 전공 · 교과목 구분 일반교과 · 수업방식 대면 · NCS 구분 KBUCS,,,,,3,1,원본 미제공,,3,True,actual_course_offerings_2026,B839,2026,1,유아교육과,30200400,3,전공,대면,일반교과,KBUCS,allowed,offline,교과목명·개설학과·교과구분·NCS·학년·학점·수업방식,원본 미제공,synthetic 학생 이수정보와 미연결,True,name,E862
B840,유아교과교재연구및지도법,유아교육과,개설학과 유아교육과 · 영역 전공 · 교과목 구분 일반교과 · 수업방식 대면 · NCS 구분 KBUCS,,,,,3,1,원본 미제공,,3,True,actual_course_offerings_2026,B840,2026,1,유아교육과,30200400,3,전공,대면,일반교과,KBUCS,allowed,offline,교과목명·개설학과·교과구분·NCS·학년·학점·수업방식,원본 미제공,synthetic 학생 이수정보와 미연결,True,name,E863
G511,유아교과논리및논술,유아교육과,개설학과 유아교육과 · 영역 전공 · 교과목 구분 일반교과 · 수업방식 대면 · NCS 구분 KBUCS,,,,,3,2,원본 미제공,,3,True,actual_course_offerings_2026,G511,2026,2,유아교육과,30200400,3,전공,대면,일반교과,KBUCS,allowed,offline,교과목명·개설학과·교과구분·NCS·학년·학점·수업방식,원본 미제공,synthetic 학생 이수정보와 미연결,True,code,G511
D905,유아교사론,유아교육과,개설학과 유아교육과 · 영역 전공 · 교과목 구분 일반교과 · 수업방식 혼합 · NCS 구분 KBUCS,,,,,3,1,원본 미제공,,3,True,actual_course_offerings_2026,D905,2026,1,유아교육과,30200400,3,전공,혼합,일반교과,KBUCS,allowed,offline,교과목명·개설학과·교과구분·NCS·학년·학점·수업방식,원본 미제공,synthetic 학생 이수정보와 미연결,True,code,D905
G518,유아교육과멀티미디어·AI,유아교육과,개설학과 유아교육과 · 영역 전공 · 교과목 구분 일반교과 · 수업방식 대면 · NCS 구분 KBUCS,,,,,3,2,원본 미제공,,3,True,actual_course_offerings_2026,G518,2026,2,유아교육과,30200400,3,전공,대면,일반교과,KBUCS,allowed,offline,교과목명·개설학과·교과구분·NCS·학년·학점·수업방식,원본 미제공,synthetic 학생 이수정보와 미연결,True,code,G518
2650,유아교육과정,유아교육과,개설학과 유아교육과 · 영역 전공 · 교과목 구분 일반교과 · 수업방식 대면 · NCS 구분 KBUCS,,,,,2,2,원본 미제공,,3,True,actual_course_offerings_2026,2650,2026,2,유아교육과,30200400,2,전공,대면,일반교과,KBUCS,allowed,offline,교과목명·개설학과·교과구분·NCS·학년·학점·수업방식,원본 미제공,synthetic 학생 이수정보와 미연결,True,none,
A244,유아교육론,유아교육과,개설학과 유아교육과 · 영역 전공 · 교과목 구분 일반교과 · 수업방식 혼합 · NCS 구분 KBUCS,,,,,1,1,원본 미제공,,3,True,actual_course_offerings_2026,A244,2026,1,유아교육과,30901004,1,전공,혼합,일반교과,KBUCS,allowed,offline,교과목명·개설학과·교과구분·NCS·학년·학점·수업방식,원본 미제공,synthetic 학생 이수정보와 미연결,True,none,
2670,유아놀이지도,유아교육과,개설학과 유아교육과 · 영역 전공 · 교과목 구분 일반교과 · 수업방식 대면 · NCS 구분 KBUCS,,,,,2,1,원본 미제공,,3,True,actual_course_offerings_2026,2670,2026,1,유아교육과,30200400,2,전공,대면,일반교과,KBUCS,allowed,offline,교과목명·개설학과·교과구분·NCS·학년·학점·수업방식,원본 미제공,synthetic 학생 이수정보와 미연결,True,none,
A278,유아다문화교육,유아교육과,aa,,,,,1,1,원본 미제공,,6,True,actual_course_offerings_2026,A278,2026,1,유아교육과,30900975,1,전공,대면,일반교과,자율과목,allowed,offline,교과목명·개설학과·교과구분·NCS·학년·학점·수업방식,원본 미제공,synthetic 학생 이수정보와 미연결,True,code,A278
G813,유아문학교육,유아교육과,개설학과 유아교육과 · 영역 전공 · 교과목 구분 일반교과 · 수업방식 대면 · NCS 구분 KBUCS,,,,,1,2,원본 미제공,,3,True,actual_course_offerings_2026,G813,2026,2,유아교육과,30901004,1,전공,대면,일반교과,KBUCS,allowed,offline,교과목명·개설학과·교과구분·NCS·학년·학점·수업방식,원본 미제공,synthetic 학생 이수정보와 미연결,True,code,G813
D904,유아미술교육,유아교육과,개설학과 유아교육과 · 영역 전공 · 교과목 구분 일반교과 · 수업방식 대면 · NCS 구분 NCS+KBUCS,,,,,1,1,원본 미제공,,3,True,actual_course_offerings_2026,D904,2026,1,유아교육과,30901004,1,전공,대면,일반교과,NCS+KBUCS,allowed,offline,교과목명·개설학과·교과구분·NCS·학년·학점·수업방식,원본 미제공,synthetic 학생 이수정보와 미연결,True,code,D904
E207,유아사회교육,유아교육과,개설학과 유아교육과 · 영역 전공 · 교과목 구분 일반교과 · 수업방식 대면 · NCS 구분 KBUCS,,,,,2,1,원본 미제공,,3,True,actual_course_offerings_2026,E207,2026,1,유아교육과,30200400,2,전공,대면,일반교과,KBUCS,allowed,offline,교과목명·개설학과·교과구분·NCS·학년·학점·수업방식,원본 미제공,synthetic 학생 이수정보와 미연결,True,code,E207
A282,유아상호작용연구,유아교육과,AA,,,,,1,2,원본 미제공,,3,True,actual_course_offerings_2026,A282,2026,2,유아교육과,30900975,1,전공,원격,제작콘텐츠,KBUCS,allowed,offline,교과목명·개설학과·교과구분·NCS·학년·학점·수업방식,원본 미제공,synthetic 학생 이수정보와 미연결,True,code,A282
3655,유아언어교육,유아교육과,개설학과 유아교육과 · 영역 전공 · 교과목 구분 일반교과 · 수업방식 대면 · NCS 구분 NCS+KBUCS,,,,,1,1,원본 미제공,,3,True,actual_course_offerings_2026,3655,2026,1,유아교육과,30901004,1,전공,대면,일반교과,NCS+KBUCS,allowed,offline,교과목명·개설학과·교과구분·NCS·학년·학점·수업방식,원본 미제공,synthetic 학생 이수정보와 미연결,True,none,
A279,유아예술통합교육,유아교육과,aa,,,,,1,2,원본 미제공,,6,True,actual_course_offerings_2026,A279,2026,2,유아교육과,30900975,1,전공,대면,일반교과,KBUCS,allowed,offline,교과목명·개설학과·교과구분·NCS·학년·학점·수업방식,원본 미제공,synthetic 학생 이수정보와 미연결,True,code,A279
B356,유아음악교육,유아교육과,개설학과 유아교육과 · 영역 전공 · 교과목 구분 일반교과 · 수업방식 대면 · NCS 구분 KBUCS,,,,,1,1,원본 미제공,,3,True,actual_course_offerings_2026,B356,2026,1,유아교육과,30901004,1,전공,대면,일반교과,KBUCS,allowed,offline,교과목명·개설학과·교과구분·NCS·학년·학점·수업방식,원본 미제공,synthetic 학생 이수정보와 미연결,True,name,E865
C782,자폐장애교육,유아교육과,개설학과 유아교육과 · 영역 전공 · 교과목 구분 제작콘텐츠 · 수업방식 원격 · NCS 구분 KBUCS,,,,,1,2,원본 미제공,,3,True,actual_course_offerings_2026,C782,2026,2,유아교육과,30900975,1,전공,원격,제작콘텐츠,KBUCS,allowed,offline,교과목명·개설학과·교과구분·NCS·학년·학점·수업방식,원본 미제공,synthetic 학생 이수정보와 미연결,True,none,
F700,정서장애아교육,유아교육과,개설학과 유아교육과 · 영역 전공 · 교과목 구분 제작콘텐츠 · 수업방식 원격 · NCS 구분 KBUCS,,,,,1,2,원본 미제공,,3,True,actual_course_offerings_2026,F700,2026,2,유아교육과,30900975,1,전공,원격,제작콘텐츠,KBUCS,allowed,offline,교과목명·개설학과·교과구분·NCS·학년·학점·수업방식,원본 미제공,synthetic 학생 이수정보와 미연결,True,code,F700
C779,정신지체아교육,유아교육과,개설학과 유아교육과 · 영역 전공 · 교과목 구분 제작콘텐츠 · 수업방식 원격 · NCS 구분 KBUCS,,,,,1,1,원본 미제공,,3,True,actual_course_offerings_2026,C779,2026,1,유아교육과,30900975,1,전공,원격,제작콘텐츠,KBUCS,allowed,offline,교과목명·개설학과·교과구분·NCS·학년·학점·수업방식,원본 미제공,synthetic 학생 이수정보와 미연결,True,none,
F706,통합교육,유아교육과,개설학과 유아교육과 · 영역 전공 · 교과목 구분 제작콘텐츠 · 수업방식 원격 · NCS 구분 KBUCS,,,,,1,2,원본 미제공,,3,True,actual_course_offerings_2026,F706,2026,2,유아교육과,30900975,1,전공,원격,제작콘텐츠,KBUCS,allowed,offline,교과목명·개설학과·교과구분·NCS·학년·학점·수업방식,원본 미제공,synthetic 학생 이수정보와 미연결,True,code,F706
G517,특수교육학개론,유아교육과,"개설학과 간호학과, 유아교육과 · 영역 교직 · 교과목 구분 일반교과 · 수업방식 혼합 · NCS 구분 KBUCS, 자율과목",,,,,3,1,원본 미제공,,3,True,actual_course_offerings_2026,G517,2026,1,간호학과|유아교육과,30100100|30200400,3,교직,혼합,일반교과,KBUCS|자율과목,allowed,offline,교과목명·개설학과·교과구분·NCS·학년·학점·수업방식,원본 미제공,synthetic 학생 이수정보와 미연결,True,code,G517
G514,학교폭력예방및학생의이해,유아교육과,"개설학과 간호학과, 유아교육과 · 영역 교직 · 교과목 구분 일반교과 · 수업방식 혼합 · NCS 구분 KBUCS, 자율과목",,,,,3,1,원본 미제공,,3,True,actual_course_offerings_2026,G514,2026,1,간호학과|유아교육과,30100100|30200400,3,교직,혼합,일반교과,KBUCS|자율과목,allowed,offline,교과목명·개설학과·교과구분·NCS·학년·학점·수업방식,원본 미제공,synthetic 학생 이수정보와 미연결,True,code,G514
B586,학교현장실습,유아교육과,"개설학과 간호학과, 유아교육과 · 영역 교직 · 교과목 구분 현장실습 · 수업방식 대면 · NCS 구분 KBUCS, 자율과목",,,,,3,2,원본 미제공,,2,True,actual_course_offerings_2026,B586,2026,2,간호학과|유아교육과,30100100|30200400,3|4,교직,대면,현장실습,KBUCS|자율과목,allowed,offline,교과목명·개설학과·교과구분·NCS·학년·학점·수업방식,원본 미제공,synthetic 학생 이수정보와 미연결,True,none,
H157,ERP융합경영,융합서비스경영학과,개설학과 융합서비스경영학과 · 영역 전공 · 교과목 구분 일반교과 · 수업방식 대면 · NCS 구분 자율과목,,,,,1,1,원본 미제공,,3,True,actual_course_offerings_2026,H157,2026,1,융합서비스경영학과,30901008,1,전공,대면,일반교과,자율과목,allowed,offline,교과목명·개설학과·교과구분·NCS·학년·학점·수업방식,원본 미제공,synthetic 학생 이수정보와 미연결,True,none,
H156,ESG융합경영,융합서비스경영학과,개설학과 융합서비스경영학과 · 영역 전공 · 교과목 구분 일반교과 · 수업방식 원격 · NCS 구분 자율과목,,,,,1,1,원본 미제공,,3,True,actual_course_offerings_2026,H156,2026,1,융합서비스경영학과,30901008,1,전공,원격,일반교과,자율과목,allowed,offline,교과목명·개설학과·교과구분·NCS·학년·학점·수업방식,원본 미제공,synthetic 학생 이수정보와 미연결,True,none,
G988,글로벌인터뷰실전,융합서비스경영학과,개설학과 융합서비스경영학과 · 영역 전공 · 교과목 구분 일반교과 · 수업방식 대면 · NCS 구분 KBUCS,,,,,1,2,원본 미제공,,3,True,actual_course_offerings_2026,G988,2026,2,융합서비스경영학과,30901008,1,전공,대면,일반교과,KBUCS,allowed,offline,교과목명·개설학과·교과구분·NCS·학년·학점·수업방식,원본 미제공,synthetic 학생 이수정보와 미연결,True,none,
H159,기업윤리와사회적가치,융합서비스경영학과,개설학과 융합서비스경영학과 · 영역 전공 · 교과목 구분 일반교과 · 수업방식 원격 · NCS 구분 자율과목,,,,,1,1,원본 미제공,,3,True,actual_course_offerings_2026,H159,2026,1,융합서비스경영학과,30901008,1,전공,원격,일반교과,자율과목,allowed,offline,교과목명·개설학과·교과구분·NCS·학년·학점·수업방식,원본 미제공,synthetic 학생 이수정보와 미연결,True,none,
H160,미래예측과경영혁신,융합서비스경영학과,개설학과 융합서비스경영학과 · 영역 전공 · 교과목 구분 제작콘텐츠 · 수업방식 원격 · NCS 구분 KBUCS,,,,,1,2,원본 미제공,,3,True,actual_course_offerings_2026,H160,2026,2,융합서비스경영학과,30901008,1,전공,원격,제작콘텐츠,KBUCS,allowed,offline,교과목명·개설학과·교과구분·NCS·학년·학점·수업방식,원본 미제공,synthetic 학생 이수정보와 미연결,True,none,
7980,벤처창업론,융합서비스경영학과,개설학과 융합서비스경영학과 · 영역 전공 · 교과목 구분 제작콘텐츠 · 수업방식 원격 · NCS 구분 KBUCS,,,,,1,2,원본 미제공,,3,True,actual_course_offerings_2026,7980,2026,2,융합서비스경영학과,30901008,1,전공,원격,제작콘텐츠,KBUCS,allowed,offline,교과목명·개설학과·교과구분·NCS·학년·학점·수업방식,원본 미제공,synthetic 학생 이수정보와 미연결,True,none,
H155,융합경영세미나,융합서비스경영학과,개설학과 융합서비스경영학과 · 영역 전공 · 교과목 구분 일반교과 · 수업방식 대면 · NCS 구분 자율과목,,,,,1,1,원본 미제공,,3,True,actual_course_offerings_2026,H155,2026,1,융합서비스경영학과,30901008,1,전공,대면,일반교과,자율과목,allowed,offline,교과목명·개설학과·교과구분·NCS·학년·학점·수업방식,원본 미제공,synthetic 학생 이수정보와 미연결,True,none,
H158,융합경영연구방법론,융합서비스경영학과,개설학과 융합서비스경영학과 · 영역 전공 · 교과목 구분 일반교과 · 수업방식 대면 · NCS 구분 KBUCS,,,,,1,2,원본 미제공,,3,True,actual_course_offerings_2026,H158,2026,2,융합서비스경영학과,30901008,1,전공,대면,일반교과,KBUCS,allowed,offline,교과목명·개설학과·교과구분·NCS·학년·학점·수업방식,원본 미제공,synthetic 학생 이수정보와 미연결,True,none,
H001,M기초메디컬레이저,의료미용과,개설학과 의료미용과 · 영역 전공 · 교과목 구분 일반교과 · 수업방식 대면 · NCS 구분 KBUCS,,,,,2,1,원본 미제공,,3,True,actual_course_offerings_2026,H001,2026,1,의료미용과,30100700,2,전공,대면,일반교과,KBUCS,allowed,offline,교과목명·개설학과·교과구분·NCS·학년·학점·수업방식,원본 미제공,synthetic 학생 이수정보와 미연결,True,code,H001
H003,M네일디자인,의료미용과,개설학과 의료미용과 · 영역 전공 · 교과목 구분 일반교과 · 수업방식 대면 · NCS 구분 KBUCS,,,,,1,1,원본 미제공,,3,True,actual_course_offerings_2026,H003,2026,1,의료미용과,30100700|30900992,1,전공,대면,일반교과,KBUCS,allowed,offline,교과목명·개설학과·교과구분·NCS·학년·학점·수업방식,원본 미제공,synthetic 학생 이수정보와 미연결,True,code,H003
G444,M메디컬림프관리,의료미용과,개설학과 의료미용과 · 영역 전공 · 교과목 구분 일반교과 · 수업방식 대면 · NCS 구분 KBUCS,,,,,3,2,원본 미제공,,3,True,actual_course_offerings_2026,G444,2026,2,의료미용과,30100700,3,전공,대면,일반교과,KBUCS,allowed,offline,교과목명·개설학과·교과구분·NCS·학년·학점·수업방식,원본 미제공,synthetic 학생 이수정보와 미연결,True,code,G444
G847,M메디컬메이크업,의료미용과,개설학과 의료미용과 · 영역 전공 · 교과목 구분 일반교과 · 수업방식 대면 · NCS 구분 KBUCS,,,,,2,1,원본 미제공,,3,True,actual_course_offerings_2026,G847,2026,1,의료미용과,30100700,2,전공,대면,일반교과,KBUCS,allowed,offline,교과목명·개설학과·교과구분·NCS·학년·학점·수업방식,원본 미제공,synthetic 학생 이수정보와 미연결,True,code,G847
G448,M메디컬아로마테라피,의료미용과,개설학과 의료미용과 · 영역 전공 · 교과목 구분 일반교과 · 수업방식 대면 · NCS 구분 KBUCS,,,,,2,2,원본 미제공,,3,True,actual_course_offerings_2026,G448,2026,2,의료미용과,30100700,2,전공,대면,일반교과,KBUCS,allowed,offline,교과목명·개설학과·교과구분·NCS·학년·학점·수업방식,원본 미제공,synthetic 학생 이수정보와 미연결,True,code,G448
G440,M메디컬체형관리,의료미용과,개설학과 의료미용과 · 영역 전공 · 교과목 구분 일반교과 · 수업방식 대면 · NCS 구분 KBUCS,,,,,2,1,원본 미제공,,3,True,actual_course_offerings_2026,G440,2026,1,의료미용과,30100700,2,전공,대면,일반교과,KBUCS,allowed,offline,교과목명·개설학과·교과구분·NCS·학년·학점·수업방식,원본 미제공,synthetic 학생 이수정보와 미연결,True,code,G440
G856,M메디컬카모플라주,의료미용과,개설학과 의료미용과 · 영역 전공 · 교과목 구분 일반교과 · 수업방식 대면 · NCS 구분 KBUCS,,,,,2,2,원본 미제공,,4,True,actual_course_offerings_2026,G856,2026,2,의료미용과,30100700,2,전공,대면,일반교과,KBUCS,allowed,offline,교과목명·개설학과·교과구분·NCS·학년·학점·수업방식,원본 미제공,synthetic 학생 이수정보와 미연결,True,code,G856
G441,M메디컬트리콜로지,의료미용과,개설학과 의료미용과 · 영역 전공 · 교과목 구분 일반교과 · 수업방식 대면 · NCS 구분 KBUCS,,,,,2,1,원본 미제공,,3,True,actual_course_offerings_2026,G441,2026,1,의료미용과,30100700,2,전공,대면,일반교과,KBUCS,allowed,offline,교과목명·개설학과·교과구분·NCS·학년·학점·수업방식,원본 미제공,synthetic 학생 이수정보와 미연결,True,code,G441
G452,M모발이식케어,의료미용과,"개설학과 의료미용과 · 영역 전공 · 교과목 구분 일반교과 · 수업방식 대면 · NCS 구분 KBUCS, 자율과목",,,,,2,2,원본 미제공,,3,True,actual_course_offerings_2026,G452,2026,2,의료미용과,30100700|30900992,2,전공,대면,일반교과,KBUCS|자율과목,allowed,offline,교과목명·개설학과·교과구분·NCS·학년·학점·수업방식,원본 미제공,synthetic 학생 이수정보와 미연결,True,code,G452
G738,M미용성형기록,의료미용과,개설학과 의료미용과 · 영역 전공 · 교과목 구분 일반교과 · 수업방식 대면 · NCS 구분 KBUCS,,,,,2,2,원본 미제공,,3,True,actual_course_offerings_2026,G738,2026,2,의료미용과,30100700,2,전공,대면,일반교과,KBUCS,allowed,offline,교과목명·개설학과·교과구분·NCS·학년·학점·수업방식,원본 미제공,synthetic 학생 이수정보와 미연결,True,code,G738
G443,M미용성형수술상담설계,의료미용과,개설학과 의료미용과 · 영역 전공 · 교과목 구분 일반교과 · 수업방식 대면 · NCS 구분 KBUCS,,,,,3,2,원본 미제공,,3,True,actual_course_offerings_2026,G443,2026,2,의료미용과,30100700,3,전공,대면,일반교과,KBUCS,allowed,offline,교과목명·개설학과·교과구분·NCS·학년·학점·수업방식,원본 미제공,synthetic 학생 이수정보와 미연결,True,code,G443
G846,M미용실기헤어메이크업,의료미용과,개설학과 의료미용과 · 영역 전공 · 교과목 구분 일반교과 · 수업방식 대면 · NCS 구분 KBUCS,,,,,1,2,원본 미제공,,3,True,actual_course_offerings_2026,G846,2026,2,의료미용과,30100700|30900992,1,전공,대면,일반교과,KBUCS,allowed,offline,교과목명·개설학과·교과구분·NCS·학년·학점·수업방식,원본 미제공,synthetic 학생 이수정보와 미연결,True,code,G846
H005,M병원감염관리,의료미용과,개설학과 의료미용과 · 영역 전공 · 교과목 구분 일반교과 · 수업방식 대면 · NCS 구분 KBUCS,,,,,2,1,원본 미제공,,3,True,actual_course_offerings_2026,H005,2026,1,의료미용과,30100700,2,전공,대면,일반교과,KBUCS,allowed,offline,교과목명·개설학과·교과구분·NCS·학년·학점·수업방식,원본 미제공,synthetic 학생 이수정보와 미연결,True,code,H005
G435,M비만기기관리,의료미용과,개설학과 의료미용과 · 영역 전공 · 교과목 구분 일반교과 · 수업방식 대면 · NCS 구분 KBUCS,,,,,2,2,원본 미제공,,3,True,actual_course_offerings_2026,G435,2026,2,의료미용과,30100700,2,전공,대면,일반교과,KBUCS,allowed,offline,교과목명·개설학과·교과구분·NCS·학년·학점·수업방식,원본 미제공,synthetic 학생 이수정보와 미연결,True,code,G435
G437,M수술기계기구준비,의료미용과,개설학과 의료미용과 · 영역 전공 · 교과목 구분 일반교과 · 수업방식 대면 · NCS 구분 KBUCS,,,,,3,1,원본 미제공,,3,True,actual_course_offerings_2026,G437,2026,1,의료미용과,30100700,3,전공,대면,일반교과,KBUCS,allowed,offline,교과목명·개설학과·교과구분·NCS·학년·학점·수업방식,원본 미제공,synthetic 학생 이수정보와 미연결,True,code,G437
G445,M심화메디컬레이저,의료미용과,개설학과 의료미용과 · 영역 전공 · 교과목 구분 일반교과 · 수업방식 대면 · NCS 구분 KBUCS,,,,,2,2,원본 미제공,,3,True,actual_course_offerings_2026,G445,2026,2,의료미용과,30100700,2,전공,대면,일반교과,KBUCS,allowed,offline,교과목명·개설학과·교과구분·NCS·학년·학점·수업방식,원본 미제공,synthetic 학생 이수정보와 미연결,True,code,G445
G439,M심화메디컬에스데틱,의료미용과,개설학과 의료미용과 · 영역 전공 · 교과목 구분 일반교과 · 수업방식 대면 · NCS 구분 KBUCS,,,,,2,1,원본 미제공,,3,True,actual_course_offerings_2026,G439,2026,1,의료미용과,30100700,2,전공,대면,일반교과,KBUCS,allowed,offline,교과목명·개설학과·교과구분·NCS·학년·학점·수업방식,원본 미제공,synthetic 학생 이수정보와 미연결,True,code,G439
G836,M심화메디컬피부케어,의료미용과,개설학과 의료미용과 · 영역 전공 · 교과목 구분 일반교과 · 수업방식 대면 · NCS 구분 KBUCS,,,,,3,1,원본 미제공,,3,True,actual_course_offerings_2026,G836,2026,1,의료미용과,30100700,3,전공,대면,일반교과,KBUCS,allowed,offline,교과목명·개설학과·교과구분·NCS·학년·학점·수업방식,원본 미제공,synthetic 학생 이수정보와 미연결,True,code,G836
G434,M의료마케팅,의료미용과,개설학과 의료미용과 · 영역 전공 · 교과목 구분 일반교과 · 수업방식 대면 · NCS 구분 KBUCS,,,,,3,1,원본 미제공,,3,True,actual_course_offerings_2026,G434,2026,1,의료미용과,30100700,3,전공,대면,일반교과,KBUCS,allowed,offline,교과목명·개설학과·교과구분·NCS·학년·학점·수업방식,원본 미제공,synthetic 학생 이수정보와 미연결,True,code,G434
G450,M의료커뮤니케이션,의료미용과,개설학과 의료미용과 · 영역 전공 · 교과목 구분 제작콘텐츠 · 수업방식 원격 · NCS 구분 KBUCS,,,,,1,1,원본 미제공,,3,True,actual_course_offerings_2026,G450,2026,1,의료미용과,30100700,1,전공,원격,제작콘텐츠,KBUCS,allowed,offline,교과목명·개설학과·교과구분·NCS·학년·학점·수업방식,원본 미제공,synthetic 학생 이수정보와 미연결,True,code,G450
G442,M현장의료미용중국어,의료미용과,개설학과 의료미용과 · 영역 전공 · 교과목 구분 일반교과 · 수업방식 대면 · NCS 구분 KBUCS,,,,,3,1,원본 미제공,,3,True,actual_course_offerings_2026,G442,2026,1,의료미용과,30100700,3,전공,대면,일반교과,KBUCS,allowed,offline,교과목명·개설학과·교과구분·NCS·학년·학점·수업방식,원본 미제공,synthetic 학생 이수정보와 미연결,True,code,G442
G781,국제의료관광코디네이터,의료미용과,개설학과 의료미용과 · 영역 전공 · 교과목 구분 일반교과 · 수업방식 대면,,,,,1,2,원본 미제공,,3,True,actual_course_offerings_2026,G781,2026,2,의료미용과,30900992,1,전공,대면,일반교과,,allowed,offline,교과목명·개설학과·교과구분·NCS·학년·학점·수업방식,원본 미제공,synthetic 학생 이수정보와 미연결,True,code,G781
H120,국제의료관광코디네이터,의료미용과,개설학과 의료미용과 · 영역 전공 · 교과목 구분 일반교과 · 수업방식 대면 · NCS 구분 KBUCS,,,,,1,2,원본 미제공,,3,True,actual_course_offerings_2026,H120,2026,2,의료미용과,30100700,1,전공,대면,일반교과,KBUCS,allowed,offline,교과목명·개설학과·교과구분·NCS·학년·학점·수업방식,원본 미제공,synthetic 학생 이수정보와 미연결,True,code,H120
A371,기초간호실무,의료미용과,AA,,,,,1,1,원본 미제공,,3,True,actual_course_offerings_2026,A371,2026,1,의료미용과,30100700|30900992,1,전공,대면,일반교과,KBUCS,allowed,offline,교과목명·개설학과·교과구분·NCS·학년·학점·수업방식,원본 미제공,synthetic 학생 이수정보와 미연결,True,code,A371
A370,기초메디컬스킨케어,의료미용과,AA,,,,,1,1,원본 미제공,,3,True,actual_course_offerings_2026,A370,2026,1,의료미용과,30100700|30900992,1,전공,대면,일반교과,KBUCS,allowed,offline,교과목명·개설학과·교과구분·NCS·학년·학점·수업방식,원본 미제공,synthetic 학생 이수정보와 미연결,True,code,A370
G239,림프와아로마,의료미용과,개설학과 의료미용과 · 영역 전공 · 교과목 구분 일반교과 · 수업방식 대면,,,,,1,2,원본 미제공,,3,True,actual_course_offerings_2026,G239,2026,2,의료미용과,30900992,1,전공,대면,일반교과,,allowed,offline,교과목명·개설학과·교과구분·NCS·학년·학점·수업방식,원본 미제공,synthetic 학생 이수정보와 미연결,True,code,G239
A358,메디컬반영구메이크업,의료미용과,AA,,,,,2,1,원본 미제공,,3,True,actual_course_offerings_2026,A358,2026,1,의료미용과,30900992,2,전공,대면,일반교과,KBUCS,allowed,offline,교과목명·개설학과·교과구분·NCS·학년·학점·수업방식,원본 미제공,synthetic 학생 이수정보와 미연결,True,code,A358
A493,메디컬비만관리실무,의료미용과,AA,,,,,1,2,원본 미제공,,3,True,actual_course_offerings_2026,A493,2026,2,의료미용과,30100700,1,전공,대면,일반교과,KBUCS,allowed,offline,교과목명·개설학과·교과구분·NCS·학년·학점·수업방식,원본 미제공,synthetic 학생 이수정보와 미연결,True,code,A493
A352,메디컬비만관리학,의료미용과,AA,,,,,2,2,원본 미제공,,3,True,actual_course_offerings_2026,A352,2026,2,의료미용과,30900992,2,전공,원격,제작콘텐츠,자율과목,allowed,offline,교과목명·개설학과·교과구분·NCS·학년·학점·수업방식,원본 미제공,synthetic 학생 이수정보와 미연결,True,code,A352
A351,메디컬코스메틱,의료미용과,AA,,,,,2,1,원본 미제공,,3,True,actual_course_offerings_2026,A351,2026,1,의료미용과,30900992,2,전공,원격,제작콘텐츠,자율과목,allowed,offline,교과목명·개설학과·교과구분·NCS·학년·학점·수업방식,원본 미제공,synthetic 학생 이수정보와 미연결,True,code,A351
A350,모발과학,의료미용과,AA,,,,,2,1,원본 미제공,,3,True,actual_course_offerings_2026,A350,2026,1,의료미용과,30900992,2,전공,원격,제작콘텐츠,자율과목,allowed,offline,교과목명·개설학과·교과구분·NCS·학년·학점·수업방식,원본 미제공,synthetic 학생 이수정보와 미연결,True,code,A350
G019,미용성형트렌드,의료미용과,개설학과 의료미용과 · 영역 전공 · 교과목 구분 일반교과 · 수업방식 대면,,,,,1,2,원본 미제공,,3,True,actual_course_offerings_2026,G019,2026,2,의료미용과,30900992,1,전공,대면,일반교과,,allowed,offline,교과목명·개설학과·교과구분·NCS·학년·학점·수업방식,원본 미제공,synthetic 학생 이수정보와 미연결,True,code,G019
G279,미용인체학,의료미용과,개설학과 의료미용과 · 영역 전공 · 교과목 구분 제작콘텐츠 · 수업방식 원격 · NCS 구분 자율과목,,,,,2,2,원본 미제공,,3,True,actual_course_offerings_2026,G279,2026,2,의료미용과,30900992,2,전공,원격,제작콘텐츠,자율과목,allowed,offline,교과목명·개설학과·교과구분·NCS·학년·학점·수업방식,원본 미제공,synthetic 학생 이수정보와 미연결,True,code,G279
G278,바디매뉴얼테크닉,의료미용과,개설학과 의료미용과 · 영역 전공 · 교과목 구분 일반교과 · 수업방식 대면 · NCS 구분 자율과목,,,,,2,2,원본 미제공,,3,True,actual_course_offerings_2026,G278,2026,2,의료미용과,30900992,2,전공,대면,일반교과,자율과목,allowed,offline,교과목명·개설학과·교과구분·NCS·학년·학점·수업방식,원본 미제공,synthetic 학생 이수정보와 미연결,True,code,G278
A369,뷰티이미지컨설팅,의료미용과,AA,,,,,1,1,원본 미제공,,3,True,actual_course_offerings_2026,A369,2026,1,의료미용과,30100700|30900992,1,전공,대면,일반교과,KBUCS,allowed,offline,교과목명·개설학과·교과구분·NCS·학년·학점·수업방식,원본 미제공,synthetic 학생 이수정보와 미연결,True,code,A369
A361,성형수술감염관리,의료미용과,AA,,,,,2,2,원본 미제공,,3,True,actual_course_offerings_2026,A361,2026,2,의료미용과,30900992,2,전공,대면,일반교과,자율과목,allowed,offline,교과목명·개설학과·교과구분·NCS·학년·학점·수업방식,원본 미제공,synthetic 학생 이수정보와 미연결,True,code,A361
A359,스킨디바이스,의료미용과,AA,,,,,2,1,원본 미제공,,3,True,actual_course_offerings_2026,A359,2026,1,의료미용과,30900992,2,전공,대면,일반교과,KBUCS,allowed,offline,교과목명·개설학과·교과구분·NCS·학년·학점·수업방식,원본 미제공,synthetic 학생 이수정보와 미연결,True,code,A359
A357,심화메디컬스킨케어,의료미용과,AA,,,,,1,2,원본 미제공,,3,True,actual_course_offerings_2026,A357,2026,2,의료미용과,30100700|30900992,1,전공,대면,일반교과,KBUCS,allowed,offline,교과목명·개설학과·교과구분·NCS·학년·학점·수업방식,원본 미제공,synthetic 학생 이수정보와 미연결,True,code,A357
G024,의료미용의이해,의료미용과,개설학과 의료미용과 · 영역 전공 · 교과목 구분 제작콘텐츠 · 수업방식 원격 · NCS 구분 KBUCS,,,,,1,1,원본 미제공,,3,True,actual_course_offerings_2026,G024,2026,1,의료미용과,30900992,1,전공,원격,제작콘텐츠,KBUCS,allowed,offline,교과목명·개설학과·교과구분·NCS·학년·학점·수업방식,원본 미제공,synthetic 학생 이수정보와 미연결,True,code,G024
A356,의료커뮤니케이션,의료미용과,a,,,,,1,2,원본 미제공,,3,True,actual_course_offerings_2026,A356,2026,2,의료미용과,30900992,1,전공,원격,제작콘텐츠,,allowed,offline,교과목명·개설학과·교과구분·NCS·학년·학점·수업방식,원본 미제공,synthetic 학생 이수정보와 미연결,True,code,A356
G832,인턴십,의료미용과,개설학과 의료미용과 · 영역 전공 · 교과목 구분 현장실습 · 수업방식 대면 · NCS 구분 NCS,,,,,3,2,원본 미제공,,8,True,actual_course_offerings_2026,G832,2026,2,의료미용과,30100700,3,전공,대면,현장실습,NCS,allowed,offline,교과목명·개설학과·교과구분·NCS·학년·학점·수업방식,원본 미제공,synthetic 학생 이수정보와 미연결,True,code,G832
D724,임상메디컬스킨케어,의료미용과,개설학과 의료미용과 · 영역 전공 · 교과목 구분 일반교과 · 수업방식 대면 · NCS 구분 자율과목,,,,,2,1,원본 미제공,,3,True,actual_course_offerings_2026,D724,2026,1,의료미용과,30900992,2,전공,대면,일반교과,자율과목,allowed,offline,교과목명·개설학과·교과구분·NCS·학년·학점·수업방식,원본 미제공,synthetic 학생 이수정보와 미연결,True,none,
A360,특수반영구메이크업,의료미용과,AA,,,,,2,2,원본 미제공,,3,True,actual_course_offerings_2026,A360,2026,2,의료미용과,30900992,2,전공,대면,일반교과,자율과목,allowed,offline,교과목명·개설학과·교과구분·NCS·학년·학점·수업방식,원본 미제공,synthetic 학생 이수정보와 미연결,True,code,A360
F761,피부과학,의료미용과,"개설학과 의료미용과 · 영역 전공 · 교과목 구분 제작콘텐츠 · 수업방식 원격 · NCS 구분 KBUCS, 자율과목",,,,,1,1,원본 미제공,,3,True,actual_course_offerings_2026,F761,2026,1,의료미용과,30100700|30900992,1,전공,원격,제작콘텐츠,KBUCS|자율과목,allowed,offline,교과목명·개설학과·교과구분·NCS·학년·학점·수업방식,원본 미제공,synthetic 학생 이수정보와 미연결,True,code,F761
H122,글로벌매너실무,의료미용학과,개설학과 의료미용학과 · 영역 전공 · 교과목 구분 제작콘텐츠 · 수업방식 원격 · NCS 구분 KBUCS,,,,,1,2,원본 미제공,,3,True,actual_course_offerings_2026,H122,2026,2,의료미용학과,30101300,1,전공,원격,제작콘텐츠,KBUCS,allowed,offline,교과목명·개설학과·교과구분·NCS·학년·학점·수업방식,원본 미제공,synthetic 학생 이수정보와 미연결,True,code,H122
A570,글로벌의료뷰티캡스톤디자인,의료미용학과,AA,,,,,1,2,원본 미제공,,3,True,actual_course_offerings_2026,A570,2026,2,의료미용학과,30101300,1,전공,대면,캡스톤,KBUCS,allowed,offline,교과목명·개설학과·교과구분·NCS·학년·학점·수업방식,원본 미제공,synthetic 학생 이수정보와 미연결,True,code,A570
A566,메디컬뷰티트렌드리서치,의료미용학과,AA,,,,,1,1,원본 미제공,,3,True,actual_course_offerings_2026,A566,2026,1,의료미용학과,30101300,1,전공,대면,일반교과,KBUCS,allowed,offline,교과목명·개설학과·교과구분·NCS·학년·학점·수업방식,원본 미제공,synthetic 학생 이수정보와 미연결,True,code,A566
A565,메디컬안티에이징,의료미용학과,AA,,,,,1,1,원본 미제공,,3,True,actual_course_offerings_2026,A565,2026,1,의료미용학과,30101300,1,전공,원격,제작콘텐츠,KBUCS,allowed,offline,교과목명·개설학과·교과구분·NCS·학년·학점·수업방식,원본 미제공,synthetic 학생 이수정보와 미연결,True,code,A565
A569,문제성피부임상실무,의료미용학과,AA,,,,,1,2,원본 미제공,,3,True,actual_course_offerings_2026,A569,2026,2,의료미용학과,30101300,1,전공,대면,일반교과,KBUCS,allowed,offline,교과목명·개설학과·교과구분·NCS·학년·학점·수업방식,원본 미제공,synthetic 학생 이수정보와 미연결,True,code,A569
A568,뷰티컨텐츠제작실습,의료미용학과,AA,,,,,1,1,원본 미제공,,4,True,actual_course_offerings_2026,A568,2026,1,의료미용학과,30101300,1,전공,대면,일반교과,KBUCS,allowed,offline,교과목명·개설학과·교과구분·NCS·학년·학점·수업방식,원본 미제공,synthetic 학생 이수정보와 미연결,True,code,A568
A567,의료미용임상사례연구,의료미용학과,AA,,,,,1,2,원본 미제공,,3,True,actual_course_offerings_2026,A567,2026,2,의료미용학과,30101300,1,전공,대면,일반교과,KBUCS,allowed,offline,교과목명·개설학과·교과구분·NCS·학년·학점·수업방식,원본 미제공,synthetic 학생 이수정보와 미연결,True,code,A567
G698,M건강보험관리,의료사회복지과,개설학과 의료사회복지과 · 영역 전공 · 교과목 구분 일반교과 · 수업방식 대면 · NCS 구분 KBUCS,,,,,3,2,원본 미제공,,3,True,actual_course_offerings_2026,G698,2026,2,의료사회복지과,30101600,3,전공,대면,일반교과,KBUCS,allowed,offline,교과목명·개설학과·교과구분·NCS·학년·학점·수업방식,원본 미제공,synthetic 학생 이수정보와 미연결,True,code,G698
G690,M노인질환관리,의료사회복지과,개설학과 의료사회복지과 · 영역 전공 · 교과목 구분 일반교과 · 수업방식 원격 · NCS 구분 NCS,,,,,3,1,원본 미제공,,3,True,actual_course_offerings_2026,G690,2026,1,의료사회복지과,30101600,3,전공,원격,일반교과,NCS,allowed,offline,교과목명·개설학과·교과구분·NCS·학년·학점·수업방식,원본 미제공,synthetic 학생 이수정보와 미연결,True,code,G690
G697,M사회복지자료분석론,의료사회복지과,개설학과 의료사회복지과 · 영역 전공 · 교과목 구분 일반교과 · 수업방식 대면 · NCS 구분 NCS,,,,,3,2,원본 미제공,,3,True,actual_course_offerings_2026,G697,2026,2,의료사회복지과,30101600,3,전공,대면,일반교과,NCS,allowed,offline,교과목명·개설학과·교과구분·NCS·학년·학점·수업방식,원본 미제공,synthetic 학생 이수정보와 미연결,True,code,G697
G696,M사회복지조사론,의료사회복지과,개설학과 의료사회복지과 · 영역 전공 · 교과목 구분 일반교과 · 수업방식 대면 · NCS 구분 NCS,,,,,3,1,원본 미제공,,3,True,actual_course_offerings_2026,G696,2026,1,의료사회복지과,30101600,3,전공,대면,일반교과,NCS,allowed,offline,교과목명·개설학과·교과구분·NCS·학년·학점·수업방식,원본 미제공,synthetic 학생 이수정보와 미연결,True,code,G696
G462,M사회복지현장실습세미나,의료사회복지과,사회복지현장실습세미나,,,,,3,1,원본 미제공,,3,True,actual_course_offerings_2026,G462,2026,1,의료사회복지과,30101600,3,전공,대면,일반교과,NCS,allowed,offline,교과목명·개설학과·교과구분·NCS·학년·학점·수업방식,원본 미제공,synthetic 학생 이수정보와 미연결,True,code,G462
G469,M요양병원보험심사청구기초실무,의료사회복지과,요양병원보험심사청구기초실무,,,,,3,1,원본 미제공,,3,True,actual_course_offerings_2026,G469,2026,1,의료사회복지과,30101600,3,전공,대면,일반교과,NCS,allowed,offline,교과목명·개설학과·교과구분·NCS·학년·학점·수업방식,원본 미제공,synthetic 학생 이수정보와 미연결,True,code,G469
G468,M요양병원보험심사청구심화실무,의료사회복지과,요양병원보험심사청구심화실무,,,,,3,2,원본 미제공,,3,True,actual_course_offerings_2026,G468,2026,2,의료사회복지과,30101600,3,전공,대면,일반교과,NCS,allowed,offline,교과목명·개설학과·교과구분·NCS·학년·학점·수업방식,원본 미제공,synthetic 학생 이수정보와 미연결,True,code,G468
G689,M의료법규,의료사회복지과,개설학과 의료사회복지과 · 영역 전공 · 교과목 구분 일반교과 · 수업방식 원격 · NCS 구분 KBUCS,,,,,3,1,원본 미제공,,3,True,actual_course_offerings_2026,G689,2026,1,의료사회복지과,30101600,3,전공,원격,일반교과,KBUCS,allowed,offline,교과목명·개설학과·교과구분·NCS·학년·학점·수업방식,원본 미제공,synthetic 학생 이수정보와 미연결,True,code,G689
B924,사회복지현장실습,의료사회복지과,개설학과 의료사회복지과 · 영역 전공 · 교과목 구분 현장실습 · 수업방식 대면 · NCS 구분 NCS,,,,,3,1,원본 미제공,,4,True,actual_course_offerings_2026,B924,2026,1,의료사회복지과,30101600,3,전공,대면,현장실습,NCS,allowed,offline,교과목명·개설학과·교과구분·NCS·학년·학점·수업방식,원본 미제공,synthetic 학생 이수정보와 미연결,True,none,
F360,의료복지현장실습,의료사회복지과,개설학과 의료사회복지과 · 영역 전공 · 교과목 구분 현장실습 · 수업방식 대면 · NCS 구분 NCS,,,,,3,2,원본 미제공,,4,True,actual_course_offerings_2026,F360,2026,2,의료사회복지과,30101600,3,전공,대면,현장실습,NCS,allowed,offline,교과목명·개설학과·교과구분·NCS·학년·학점·수업방식,원본 미제공,synthetic 학생 이수정보와 미연결,True,code,F360
G499,M검체검사관리학,임상병리과,개설학과 임상병리과 · 영역 전공 · 교과목 구분 일반교과 · 수업방식 대면 · NCS 구분 KBUCS,,,,,3,2,원본 미제공,,3,True,actual_course_offerings_2026,G499,2026,2,임상병리과,30100500,3,전공,대면,일반교과,KBUCS,allowed,offline,교과목명·개설학과·교과구분·NCS·학년·학점·수업방식,원본 미제공,synthetic 학생 이수정보와 미연결,True,code,G499
G483,M기초임상화학검사,임상병리과,개설학과 임상병리과 · 영역 전공 · 교과목 구분 일반교과 · 수업방식 대면 · NCS 구분 KBUCS,,,,,1,2,원본 미제공,,4,True,actual_course_offerings_2026,G483,2026,2,임상병리과,30100500,1,전공,대면,일반교과,KBUCS,allowed,offline,교과목명·개설학과·교과구분·NCS·학년·학점·수업방식,원본 미제공,synthetic 학생 이수정보와 미연결,True,code,G483
G486,M뇌신경생리검사,임상병리과,개설학과 임상병리과 · 영역 전공 · 교과목 구분 일반교과 · 수업방식 대면 · NCS 구분 KBUCS,,,,,2,2,원본 미제공,,3,True,actual_course_offerings_2026,G486,2026,2,임상병리과,30100500,2,전공,대면,일반교과,KBUCS,allowed,offline,교과목명·개설학과·교과구분·NCS·학년·학점·수업방식,원본 미제공,synthetic 학생 이수정보와 미연결,True,code,G486
G651,M면역학,임상병리과,개설학과 임상병리과 · 영역 전공 · 교과목 구분 제작콘텐츠 · 수업방식 혼합 · NCS 구분 KBUCS,,,,,1,2,원본 미제공,,3,True,actual_course_offerings_2026,G651,2026,2,임상병리과,30100500,1,전공,혼합,제작콘텐츠,KBUCS,allowed,offline,교과목명·개설학과·교과구분·NCS·학년·학점·수업방식,원본 미제공,synthetic 학생 이수정보와 미연결,True,code,G651
G488,M면역혈청검사,임상병리과,개설학과 임상병리과 · 영역 전공 · 교과목 구분 일반교과 · 수업방식 대면 · NCS 구분 KBUCS,,,,,2,1,원본 미제공,,3,True,actual_course_offerings_2026,G488,2026,1,임상병리과,30100500,2,전공,대면,일반교과,KBUCS,allowed,offline,교과목명·개설학과·교과구분·NCS·학년·학점·수업방식,원본 미제공,synthetic 학생 이수정보와 미연결,True,code,G488
G494,M분자병리학,임상병리과,개설학과 임상병리과 · 영역 전공 · 교과목 구분 일반교과 · 수업방식 대면 · NCS 구분 KBUCS,,,,,3,2,원본 미제공,,3,True,actual_course_offerings_2026,G494,2026,2,임상병리과,30100500,3,전공,대면,일반교과,KBUCS,allowed,offline,교과목명·개설학과·교과구분·NCS·학년·학점·수업방식,원본 미제공,synthetic 학생 이수정보와 미연결,True,code,G494
G652,M분자생물학,임상병리과,개설학과 임상병리과 · 영역 전공 · 교과목 구분 일반교과 · 수업방식 대면 · NCS 구분 KBUCS,,,,,3,1,원본 미제공,,3,True,actual_course_offerings_2026,G652,2026,1,임상병리과,30100500,3,전공,대면,일반교과,KBUCS,allowed,offline,교과목명·개설학과·교과구분·NCS·학년·학점·수업방식,원본 미제공,synthetic 학생 이수정보와 미연결,True,code,G652
G637,M생리학,임상병리과,"개설학과 임상병리과, 작업치료과 · 영역 전공 · 교과목 구분 일반교과, 제작콘텐츠 · 수업방식 대면, 혼합 · NCS 구분 KBUCS",,,,,1,2,원본 미제공,,3,True,actual_course_offerings_2026,G637,2026,2,임상병리과|작업치료과,30100400|30100500,1,전공,대면|혼합,일반교과|제작콘텐츠,KBUCS,allowed,offline,교과목명·개설학과·교과구분·NCS·학년·학점·수업방식,원본 미제공,synthetic 학생 이수정보와 미연결,True,code,G637
G490,M수혈학,임상병리과,개설학과 임상병리과 · 영역 전공 · 교과목 구분 제작콘텐츠 · 수업방식 혼합 · NCS 구분 KBUCS,,,,,1,2,원본 미제공,,3,True,actual_course_offerings_2026,G490,2026,2,임상병리과,30100500,1,전공,혼합,제작콘텐츠,KBUCS,allowed,offline,교과목명·개설학과·교과구분·NCS·학년·학점·수업방식,원본 미제공,synthetic 학생 이수정보와 미연결,True,code,G490
G485,M수혈학검사,임상병리과,개설학과 임상병리과 · 영역 전공 · 교과목 구분 일반교과 · 수업방식 대면 · NCS 구분 KBUCS,,,,,2,1,원본 미제공,,3,True,actual_course_offerings_2026,G485,2026,1,임상병리과,30100500,2,전공,대면,일반교과,KBUCS,allowed,offline,교과목명·개설학과·교과구분·NCS·학년·학점·수업방식,원본 미제공,synthetic 학생 이수정보와 미연결,True,code,G485
G647,M순환기능검사,임상병리과,개설학과 임상병리과 · 영역 전공 · 교과목 구분 일반교과 · 수업방식 대면 · NCS 구분 KBUCS,,,,,2,1,원본 미제공,,3,True,actual_course_offerings_2026,G647,2026,1,임상병리과,30100500,2,전공,대면,일반교과,KBUCS,allowed,offline,교과목명·개설학과·교과구분·NCS·학년·학점·수업방식,원본 미제공,synthetic 학생 이수정보와 미연결,True,code,G647
G653,M요화학및일반검사,임상병리과,개설학과 임상병리과 · 영역 전공 · 교과목 구분 일반교과 · 수업방식 대면 · NCS 구분 KBUCS,,,,,1,1,원본 미제공,,3,True,actual_course_offerings_2026,G653,2026,1,임상병리과,30100500,1,전공,대면,일반교과,KBUCS,allowed,offline,교과목명·개설학과·교과구분·NCS·학년·학점·수업방식,원본 미제공,synthetic 학생 이수정보와 미연결,True,code,G653
G650,M의료법규,임상병리과,개설학과 임상병리과 · 영역 전공 · 교과목 구분 일반교과 · 수업방식 혼합 · NCS 구분 자율과목,,,,,3,1,원본 미제공,,3,True,actual_course_offerings_2026,G650,2026,1,임상병리과,30100500,3,전공,혼합,일반교과,자율과목,allowed,offline,교과목명·개설학과·교과구분·NCS·학년·학점·수업방식,원본 미제공,synthetic 학생 이수정보와 미연결,True,code,G650
G498,M일반미생물및기생충검사,임상병리과,개설학과 임상병리과 · 영역 전공 · 교과목 구분 일반교과 · 수업방식 대면 · NCS 구분 KBUCS,,,,,1,2,원본 미제공,,4,True,actual_course_offerings_2026,G498,2026,2,임상병리과,30100500,1,전공,대면,일반교과,KBUCS,allowed,offline,교과목명·개설학과·교과구분·NCS·학년·학점·수업방식,원본 미제공,synthetic 학생 이수정보와 미연결,True,code,G498
G660,M임상검사정보학,임상병리과,개설학과 임상병리과 · 영역 전공 · 교과목 구분 일반교과 · 수업방식 대면 · NCS 구분 KBUCS,,,,,3,2,원본 미제공,,3,True,actual_course_offerings_2026,G660,2026,2,임상병리과,30100500,3,전공,대면,일반교과,KBUCS,allowed,offline,교과목명·개설학과·교과구분·NCS·학년·학점·수업방식,원본 미제공,synthetic 학생 이수정보와 미연결,True,code,G660
G484,M임상미생물검사1,임상병리과,개설학과 임상병리과 · 영역 전공 · 교과목 구분 제작콘텐츠 · 수업방식 혼합 · NCS 구분 KBUCS,,,,,2,1,원본 미제공,,3,True,actual_course_offerings_2026,G484,2026,1,임상병리과,30100500,2,전공,혼합,제작콘텐츠,KBUCS,allowed,offline,교과목명·개설학과·교과구분·NCS·학년·학점·수업방식,원본 미제공,synthetic 학생 이수정보와 미연결,True,code,G484
G487,M임상미생물검사2,임상병리과,개설학과 임상병리과 · 영역 전공 · 교과목 구분 일반교과 · 수업방식 대면 · NCS 구분 KBUCS,,,,,2,2,원본 미제공,,3,True,actual_course_offerings_2026,G487,2026,2,임상병리과,30100500,2,전공,대면,일반교과,KBUCS,allowed,offline,교과목명·개설학과·교과구분·NCS·학년·학점·수업방식,원본 미제공,synthetic 학생 이수정보와 미연결,True,code,G487
G662,M임상병리기술학,임상병리과,개설학과 임상병리과 · 영역 전공 · 교과목 구분 일반교과 · 수업방식 대면 · NCS 구분 KBUCS,,,,,1,1,원본 미제공,,3,True,actual_course_offerings_2026,G662,2026,1,임상병리과,30100500,1,전공,대면,일반교과,KBUCS,allowed,offline,교과목명·개설학과·교과구분·NCS·학년·학점·수업방식,원본 미제공,synthetic 학생 이수정보와 미연결,True,code,G662
G661,M임상화학검사1,임상병리과,개설학과 임상병리과 · 영역 전공 · 교과목 구분 일반교과 · 수업방식 혼합 · NCS 구분 KBUCS,,,,,2,1,원본 미제공,,3,True,actual_course_offerings_2026,G661,2026,1,임상병리과,30100500,2,전공,혼합,일반교과,KBUCS,allowed,offline,교과목명·개설학과·교과구분·NCS·학년·학점·수업방식,원본 미제공,synthetic 학생 이수정보와 미연결,True,code,G661
G489,M임상화학검사2,임상병리과,개설학과 임상병리과 · 영역 전공 · 교과목 구분 일반교과 · 수업방식 대면 · NCS 구분 KBUCS,,,,,2,2,원본 미제공,,3,True,actual_course_offerings_2026,G489,2026,2,임상병리과,30100500,2,전공,대면,일반교과,KBUCS,allowed,offline,교과목명·개설학과·교과구분·NCS·학년·학점·수업방식,원본 미제공,synthetic 학생 이수정보와 미연결,True,code,G489
G654,M조직검사학,임상병리과,개설학과 임상병리과 · 영역 전공 · 교과목 구분 일반교과 · 수업방식 대면 · NCS 구분 KBUCS,,,,,2,1,원본 미제공,,3,True,actual_course_offerings_2026,G654,2026,1,임상병리과,30100500,2,전공,대면,일반교과,KBUCS,allowed,offline,교과목명·개설학과·교과구분·NCS·학년·학점·수업방식,원본 미제공,synthetic 학생 이수정보와 미연결,True,code,G654
G649,M조직병리검사,임상병리과,개설학과 임상병리과 · 영역 전공 · 교과목 구분 일반교과 · 수업방식 대면 · NCS 구분 KBUCS,,,,,2,2,원본 미제공,,3,True,actual_course_offerings_2026,G649,2026,2,임상병리과,30100500,2,전공,대면,일반교과,KBUCS,allowed,offline,교과목명·개설학과·교과구분·NCS·학년·학점·수업방식,원본 미제공,synthetic 학생 이수정보와 미연결,True,code,G649
G655,M조직학,임상병리과,개설학과 임상병리과 · 영역 전공 · 교과목 구분 일반교과 · 수업방식 혼합 · NCS 구분 KBUCS,,,,,1,1,원본 미제공,,3,True,actual_course_offerings_2026,G655,2026,1,임상병리과,30100500,1,전공,혼합,일반교과,KBUCS,allowed,offline,교과목명·개설학과·교과구분·NCS·학년·학점·수업방식,원본 미제공,synthetic 학생 이수정보와 미연결,True,code,G655
G656,M진균및바이러스검사,임상병리과,개설학과 임상병리과 · 영역 전공 · 교과목 구분 일반교과 · 수업방식 대면 · NCS 구분 KBUCS,,,,,2,2,원본 미제공,,3,True,actual_course_offerings_2026,G656,2026,2,임상병리과,30100500,2,전공,대면,일반교과,KBUCS,allowed,offline,교과목명·개설학과·교과구분·NCS·학년·학점·수업방식,원본 미제공,synthetic 학생 이수정보와 미연결,True,code,G656
G493,M진단검사의학인증,임상병리과,개설학과 임상병리과 · 영역 전공 · 교과목 구분 일반교과 · 수업방식 대면 · NCS 구분 KBUCS,,,,,3,1,원본 미제공,,2,True,actual_course_offerings_2026,G493,2026,1,임상병리과,30100500,3,전공,대면,일반교과,KBUCS,allowed,offline,교과목명·개설학과·교과구분·NCS·학년·학점·수업방식,원본 미제공,synthetic 학생 이수정보와 미연결,True,code,G493
G657,M진단세포검사,임상병리과,개설학과 임상병리과 · 영역 전공 · 교과목 구분 일반교과 · 수업방식 대면 · NCS 구분 KBUCS,,,,,3,1,원본 미제공,,3,True,actual_course_offerings_2026,G657,2026,1,임상병리과,30100500,3,전공,대면,일반교과,KBUCS,allowed,offline,교과목명·개설학과·교과구분·NCS·학년·학점·수업방식,원본 미제공,synthetic 학생 이수정보와 미연결,True,code,G657
G491,M특수혈액검사,임상병리과,개설학과 임상병리과 · 영역 전공 · 교과목 구분 일반교과 · 수업방식 대면 · NCS 구분 KBUCS,,,,,3,1,원본 미제공,,3,True,actual_course_offerings_2026,G491,2026,1,임상병리과,30100500,3,전공,대면,일반교과,KBUCS,allowed,offline,교과목명·개설학과·교과구분·NCS·학년·학점·수업방식,원본 미제공,synthetic 학생 이수정보와 미연결,True,code,G491
G658,M해부학,임상병리과,개설학과 임상병리과 · 영역 전공 · 교과목 구분 일반교과 · 수업방식 혼합 · NCS 구분 KBUCS,,,,,1,1,원본 미제공,,3,True,actual_course_offerings_2026,G658,2026,1,임상병리과,30100500,1,전공,혼합,일반교과,KBUCS,allowed,offline,교과목명·개설학과·교과구분·NCS·학년·학점·수업방식,원본 미제공,synthetic 학생 이수정보와 미연결,True,code,G658
G492,M핵의학,임상병리과,개설학과 임상병리과 · 영역 전공 · 교과목 구분 일반교과 · 수업방식 혼합 · NCS 구분 KBUCS,,,,,3,1,원본 미제공,,3,True,actual_course_offerings_2026,G492,2026,1,임상병리과,30100500,3,전공,혼합,일반교과,KBUCS,allowed,offline,교과목명·개설학과·교과구분·NCS·학년·학점·수업방식,원본 미제공,synthetic 학생 이수정보와 미연결,True,code,G492
G659,M혈액학,임상병리과,개설학과 임상병리과 · 영역 전공 · 교과목 구분 일반교과 · 수업방식 혼합 · NCS 구분 KBUCS,,,,,2,1,원본 미제공,,3,True,actual_course_offerings_2026,G659,2026,1,임상병리과,30100500,2,전공,혼합,일반교과,KBUCS,allowed,offline,교과목명·개설학과·교과구분·NCS·학년·학점·수업방식,원본 미제공,synthetic 학생 이수정보와 미연결,True,code,G659
G648,M혈액학검사,임상병리과,개설학과 임상병리과 · 영역 전공 · 교과목 구분 일반교과 · 수업방식 대면 · NCS 구분 KBUCS,,,,,2,2,원본 미제공,,3,True,actual_course_offerings_2026,G648,2026,2,임상병리과,30100500,2,전공,대면,일반교과,KBUCS,allowed,offline,교과목명·개설학과·교과구분·NCS·학년·학점·수업방식,원본 미제공,synthetic 학생 이수정보와 미연결,True,code,G648
G496,M호흡기계및안과기능검사,임상병리과,개설학과 임상병리과 · 영역 전공 · 교과목 구분 일반교과 · 수업방식 대면 · NCS 구분 KBUCS,,,,,3,2,원본 미제공,,3,True,actual_course_offerings_2026,G496,2026,2,임상병리과,30100500,3,전공,대면,일반교과,KBUCS,allowed,offline,교과목명·개설학과·교과구분·NCS·학년·학점·수업방식,원본 미제공,synthetic 학생 이수정보와 미연결,True,code,G496
A326,임상병리사현장실습,임상병리과,aa,,,,,3,2,원본 미제공,,6,True,actual_course_offerings_2026,A326,2026,2,임상병리과,30100500,3,전공,대면,현장실습,KBUCS,allowed,offline,교과목명·개설학과·교과구분·NCS·학년·학점·수업방식,원본 미제공,synthetic 학생 이수정보와 미연결,True,code,A326
A257,임상병리특론,임상병리과,a,,,,,3,2,원본 미제공,,1,True,actual_course_offerings_2026,A257,2026,2,임상병리과,30100500,3,전공,원격,일반교과,자율과목,allowed,offline,교과목명·개설학과·교과구분·NCS·학년·학점·수업방식,원본 미제공,synthetic 학생 이수정보와 미연결,True,code,A257
G797,디지털병리학,임상병리학과,개설학과 임상병리학과 · 영역 전공 · 교과목 구분 제작콘텐츠 · 수업방식 원격 · NCS 구분 자율과목,,,,,1,2,원본 미제공,,2,True,actual_course_offerings_2026,G797,2026,2,임상병리학과,30900942,1,전공,원격,제작콘텐츠,자율과목,allowed,offline,교과목명·개설학과·교과구분·NCS·학년·학점·수업방식,원본 미제공,synthetic 학생 이수정보와 미연결,True,code,G797
F498,법의학,임상병리학과,개설학과 임상병리학과 · 영역 전공 · 교과목 구분 일반교과 · 수업방식 원격 · NCS 구분 자율과목,,,,,1,1,원본 미제공,,2,True,actual_course_offerings_2026,F498,2026,1,임상병리학과,30900942,1,전공,원격,일반교과,자율과목,allowed,offline,교과목명·개설학과·교과구분·NCS·학년·학점·수업방식,원본 미제공,synthetic 학생 이수정보와 미연결,True,code,F498
G564,생명윤리학,임상병리학과,개설학과 임상병리학과 · 영역 전공 · 교과목 구분 제작콘텐츠 · 수업방식 원격 · NCS 구분 자율과목,,,,,1,1,원본 미제공,,2,True,actual_course_offerings_2026,G564,2026,1,임상병리학과,30900942,1,전공,원격,제작콘텐츠,자율과목,allowed,offline,교과목명·개설학과·교과구분·NCS·학년·학점·수업방식,원본 미제공,synthetic 학생 이수정보와 미연결,True,code,G564
F503,세포생물학,임상병리학과,개설학과 임상병리학과 · 영역 전공 · 교과목 구분 제작콘텐츠 · 수업방식 원격 · NCS 구분 자율과목,,,,,1,2,원본 미제공,,2,True,actual_course_offerings_2026,F503,2026,2,임상병리학과,30900942,1,전공,원격,제작콘텐츠,자율과목,allowed,offline,교과목명·개설학과·교과구분·NCS·학년·학점·수업방식,원본 미제공,synthetic 학생 이수정보와 미연결,True,code,F503
H112,수면과학기술,임상병리학과,개설학과 임상병리학과 · 영역 전공 · 교과목 구분 일반교과 · 수업방식 대면 · NCS 구분 자율과목,,,,,1,1,원본 미제공,,3,True,actual_course_offerings_2026,H112,2026,1,임상병리학과,30900942,1,전공,대면,일반교과,자율과목,allowed,offline,교과목명·개설학과·교과구분·NCS·학년·학점·수업방식,원본 미제공,synthetic 학생 이수정보와 미연결,True,code,H112
G510,실험연구세미나,임상병리학과,개설학과 임상병리학과 · 영역 전공 · 교과목 구분 일반교과 · 수업방식 대면 · NCS 구분 자율과목,,,,,1,2,원본 미제공,,3,True,actual_course_offerings_2026,G510,2026,2,임상병리학과,30900942,1,전공,대면,일반교과,자율과목,allowed,offline,교과목명·개설학과·교과구분·NCS·학년·학점·수업방식,원본 미제공,synthetic 학생 이수정보와 미연결,True,code,G510
H111,응용미생물학,임상병리학과,개설학과 임상병리학과 · 영역 전공 · 교과목 구분 일반교과 · 수업방식 대면 · NCS 구분 자율과목,,,,,1,1,원본 미제공,,3,True,actual_course_offerings_2026,H111,2026,1,임상병리학과,30900942,1,전공,대면,일반교과,자율과목,allowed,offline,교과목명·개설학과·교과구분·NCS·학년·학점·수업방식,원본 미제공,synthetic 학생 이수정보와 미연결,True,code,H111
G796,의료정보학,임상병리학과,개설학과 임상병리학과 · 영역 전공 · 교과목 구분 제작콘텐츠 · 수업방식 원격 · NCS 구분 자율과목,,,,,1,1,원본 미제공,,2,True,actual_course_offerings_2026,G796,2026,1,임상병리학과,30900942,1,전공,원격,제작콘텐츠,자율과목,allowed,offline,교과목명·개설학과·교과구분·NCS·학년·학점·수업방식,원본 미제공,synthetic 학생 이수정보와 미연결,True,code,G796
F505,의학유전학,임상병리학과,개설학과 임상병리학과 · 영역 전공 · 교과목 구분 일반교과 · 수업방식 원격 · NCS 구분 자율과목,,,,,1,1,원본 미제공,,2,True,actual_course_offerings_2026,F505,2026,1,임상병리학과,30900942,1,전공,원격,일반교과,자율과목,allowed,offline,교과목명·개설학과·교과구분·NCS·학년·학점·수업방식,원본 미제공,synthetic 학생 이수정보와 미연결,True,code,F505
G500,임상검사인증표준화,임상병리학과,개설학과 임상병리학과 · 영역 전공 · 교과목 구분 일반교과 · 수업방식 대면 · NCS 구분 자율과목,,,,,1,2,원본 미제공,,3,True,actual_course_offerings_2026,G500,2026,2,임상병리학과,30900942,1,전공,대면,일반교과,자율과목,allowed,offline,교과목명·개설학과·교과구분·NCS·학년·학점·수업방식,원본 미제공,synthetic 학생 이수정보와 미연결,True,code,G500
F500,임상분석기기학,임상병리학과,개설학과 임상병리학과 · 영역 전공 · 교과목 구분 제작콘텐츠 · 수업방식 원격 · NCS 구분 자율과목,,,,,1,2,원본 미제공,,2,True,actual_course_offerings_2026,F500,2026,2,임상병리학과,30900942,1,전공,원격,제작콘텐츠,자율과목,allowed,offline,교과목명·개설학과·교과구분·NCS·학년·학점·수업방식,원본 미제공,synthetic 학생 이수정보와 미연결,True,code,F500
F502,체외진단과창업,임상병리학과,개설학과 임상병리학과 · 영역 전공 · 교과목 구분 제작콘텐츠 · 수업방식 원격 · NCS 구분 자율과목,,,,,1,2,원본 미제공,,2,True,actual_course_offerings_2026,F502,2026,2,임상병리학과,30900942,1,전공,원격,제작콘텐츠,자율과목,allowed,offline,교과목명·개설학과·교과구분·NCS·학년·학점·수업방식,원본 미제공,synthetic 학생 이수정보와 미연결,True,code,F502
G632,M감각처리장애와중재,작업치료과,개설학과 작업치료과 · 영역 전공 · 교과목 구분 일반교과 · 수업방식 대면 · NCS 구분 KBUCS,,,,,2,2,원본 미제공,,3,True,actual_course_offerings_2026,G632,2026,2,작업치료과,30100400,2,전공,대면,일반교과,KBUCS,allowed,offline,교과목명·개설학과·교과구분·NCS·학년·학점·수업방식,원본 미제공,synthetic 학생 이수정보와 미연결,True,code,G632
G582,M근골격계작업치료학,작업치료과,개설학과 작업치료과 · 영역 전공 · 교과목 구분 일반교과 · 수업방식 대면 · NCS 구분 KBUCS,,,,,3,1,원본 미제공,,3,True,actual_course_offerings_2026,G582,2026,1,작업치료과,30100400,3,전공,대면,일반교과,KBUCS,allowed,offline,교과목명·개설학과·교과구분·NCS·학년·학점·수업방식,원본 미제공,synthetic 학생 이수정보와 미연결,True,code,G582
G639,M노인작업치료학,작업치료과,개설학과 작업치료과 · 영역 전공 · 교과목 구분 일반교과 · 수업방식 대면 · NCS 구분 KBUCS,,,,,2,1,원본 미제공,,3,True,actual_course_offerings_2026,G639,2026,1,작업치료과,30100400,2,전공,대면,일반교과,KBUCS,allowed,offline,교과목명·개설학과·교과구분·NCS·학년·학점·수업방식,원본 미제공,synthetic 학생 이수정보와 미연결,True,code,G639
G740,M보건의료관계법규,작업치료과,개설학과 작업치료과 · 영역 전공 · 교과목 구분 일반교과 · 수업방식 원격 · NCS 구분 KBUCS,,,,,3,2,원본 미제공,,3,True,actual_course_offerings_2026,G740,2026,2,작업치료과,30100400,3,전공,원격,일반교과,KBUCS,allowed,offline,교과목명·개설학과·교과구분·NCS·학년·학점·수업방식,원본 미제공,synthetic 학생 이수정보와 미연결,True,code,G740
G636,M상담심리학,작업치료과,개설학과 작업치료과 · 영역 전공 · 교과목 구분 일반교과 · 수업방식 대면 · NCS 구분 KBUCS,,,,,1,1,원본 미제공,,3,True,actual_course_offerings_2026,G636,2026,1,작업치료과,30100400,1,전공,대면,일반교과,KBUCS,allowed,offline,교과목명·개설학과·교과구분·NCS·학년·학점·수업방식,원본 미제공,synthetic 학생 이수정보와 미연결,True,code,G636
G573,M신경계작업치료학,작업치료과,개설학과 작업치료과 · 영역 전공 · 교과목 구분 일반교과 · 수업방식 대면 · NCS 구분 KBUCS,,,,,2,1,원본 미제공,,3,True,actual_course_offerings_2026,G573,2026,1,작업치료과,30100400,2,전공,대면,일반교과,KBUCS,allowed,offline,교과목명·개설학과·교과구분·NCS·학년·학점·수업방식,원본 미제공,synthetic 학생 이수정보와 미연결,True,code,G573
G633,M아동검사및평가,작업치료과,개설학과 작업치료과 · 영역 전공 · 교과목 구분 일반교과 · 수업방식 대면 · NCS 구분 KBUCS,,,,,2,1,원본 미제공,,3,True,actual_course_offerings_2026,G633,2026,1,작업치료과,30100400,2,전공,대면,일반교과,KBUCS,allowed,offline,교과목명·개설학과·교과구분·NCS·학년·학점·수업방식,원본 미제공,synthetic 학생 이수정보와 미연결,True,code,G633
G643,M연구방법론,작업치료과,개설학과 작업치료과 · 영역 전공 · 교과목 구분 일반교과 · 수업방식 대면 · NCS 구분 KBUCS,,,,,1,2,원본 미제공,,3,True,actual_course_offerings_2026,G643,2026,2,작업치료과,30100400,1,전공,대면,일반교과,KBUCS,allowed,offline,교과목명·개설학과·교과구분·NCS·학년·학점·수업방식,원본 미제공,synthetic 학생 이수정보와 미연결,True,code,G643
G580,M연하재활,작업치료과,개설학과 작업치료과 · 영역 전공 · 교과목 구분 일반교과 · 수업방식 대면 · NCS 구분 KBUCS,,,,,2,2,원본 미제공,,3,True,actual_course_offerings_2026,G580,2026,2,작업치료과,30100400,2,전공,대면,일반교과,KBUCS,allowed,offline,교과목명·개설학과·교과구분·NCS·학년·학점·수업방식,원본 미제공,synthetic 학생 이수정보와 미연결,True,code,G580
G581,M의지보조기학,작업치료과,개설학과 작업치료과 · 영역 전공 · 교과목 구분 일반교과 · 수업방식 대면 · NCS 구분 KBUCS,,,,,2,2,원본 미제공,,3,True,actual_course_offerings_2026,G581,2026,2,작업치료과,30100400,2,전공,대면,일반교과,KBUCS,allowed,offline,교과목명·개설학과·교과구분·NCS·학년·학점·수업방식,원본 미제공,synthetic 학생 이수정보와 미연결,True,code,G581
G630,M일상생활활동,작업치료과,개설학과 작업치료과 · 영역 전공 · 교과목 구분 일반교과 · 수업방식 대면 · NCS 구분 KBUCS,,,,,2,2,원본 미제공,,3,True,actual_course_offerings_2026,G630,2026,2,작업치료과,30100400,2,전공,대면,일반교과,KBUCS,allowed,offline,교과목명·개설학과·교과구분·NCS·학년·학점·수업방식,원본 미제공,synthetic 학생 이수정보와 미연결,True,code,G630
G640,M작업치료평가,작업치료과,개설학과 작업치료과 · 영역 전공 · 교과목 구분 일반교과 · 수업방식 대면 · NCS 구분 KBUCS,,,,,2,1,원본 미제공,,3,True,actual_course_offerings_2026,G640,2026,1,작업치료과,30100400,2,전공,대면,일반교과,KBUCS,allowed,offline,교과목명·개설학과·교과구분·NCS·학년·학점·수업방식,원본 미제공,synthetic 학생 이수정보와 미연결,True,code,G640
M569,M작업치료학,작업치료과,개설학과 작업치료과 · 영역 전공 · 교과목 구분 일반교과 · 수업방식 대면 · NCS 구분 KBUCS,,,,,1,1,원본 미제공,,3,True,actual_course_offerings_2026,M569,2026,1,작업치료과,30100400,1,전공,대면,일반교과,KBUCS,allowed,offline,교과목명·개설학과·교과구분·NCS·학년·학점·수업방식,원본 미제공,synthetic 학생 이수정보와 미연결,True,code,M569
G583,M정신사회작업치료학,작업치료과,개설학과 작업치료과 · 영역 전공 · 교과목 구분 일반교과 · 수업방식 대면 · NCS 구분 KBUCS,,,,,3,1,원본 미제공,,3,True,actual_course_offerings_2026,G583,2026,1,작업치료과,30100400,3,전공,대면,일반교과,KBUCS,allowed,offline,교과목명·개설학과·교과구분·NCS·학년·학점·수업방식,원본 미제공,synthetic 학생 이수정보와 미연결,True,code,G583
G644,M측정및평가,작업치료과,개설학과 작업치료과 · 영역 전공 · 교과목 구분 일반교과 · 수업방식 대면 · NCS 구분 KBUCS,,,,,2,1,원본 미제공,,3,True,actual_course_offerings_2026,G644,2026,1,작업치료과,30100400,2,전공,대면,일반교과,KBUCS,allowed,offline,교과목명·개설학과·교과구분·NCS·학년·학점·수업방식,원본 미제공,synthetic 학생 이수정보와 미연결,True,code,G644
G635,M해부학,작업치료과,개설학과 작업치료과 · 영역 전공 · 교과목 구분 일반교과 · 수업방식 대면 · NCS 구분 KBUCS,,,,,1,1,원본 미제공,,3,True,actual_course_offerings_2026,G635,2026,1,작업치료과,30100400,1,전공,대면,일반교과,KBUCS,allowed,offline,교과목명·개설학과·교과구분·NCS·학년·학점·수업방식,원본 미제공,synthetic 학생 이수정보와 미연결,True,code,G635
G574,감각과인지재활,작업치료과,개설학과 작업치료과 · 영역 전공 · 교과목 구분 일반교과 · 수업방식 대면 · NCS 구분 KBUCS,,,,,2,1,원본 미제공,,3,True,actual_course_offerings_2026,G574,2026,1,작업치료과,30100400,2,전공,대면,일반교과,KBUCS,allowed,offline,교과목명·개설학과·교과구분·NCS·학년·학점·수업방식,원본 미제공,synthetic 학생 이수정보와 미연결,True,code,G574
G586,보조공학,작업치료과,개설학과 작업치료과 · 영역 전공 · 교과목 구분 일반교과 · 수업방식 대면 · NCS 구분 KBUCS,,,,,3,1,원본 미제공,,3,True,actual_course_offerings_2026,G586,2026,1,작업치료과,30100400,3,전공,대면,일반교과,KBUCS,allowed,offline,교과목명·개설학과·교과구분·NCS·학년·학점·수업방식,원본 미제공,synthetic 학생 이수정보와 미연결,True,code,G586
A398,아동발달의 이해,작업치료과,AA,,,,,1,2,원본 미제공,,3,True,actual_course_offerings_2026,A398,2026,2,작업치료과,30100400,1,전공,대면,일반교과,KBUCS,allowed,offline,교과목명·개설학과·교과구분·NCS·학년·학점·수업방식,원본 미제공,synthetic 학생 이수정보와 미연결,True,code,A398
A329,작업치료사현장실습(1),작업치료과,aa,,,,,2,2,원본 미제공,,6,True,actual_course_offerings_2026,A329,2026,2,작업치료과,30100400,2,전공,대면,현장실습,KBUCS,allowed,offline,교과목명·개설학과·교과구분·NCS·학년·학점·수업방식,원본 미제공,synthetic 학생 이수정보와 미연결,True,code,A329
A330,작업치료사현장실습(2),작업치료과,aa,,,,,3,1,원본 미제공,,6,True,actual_course_offerings_2026,A330,2026,1,작업치료과,30100400,3,전공,대면,현장실습,KBUCS,allowed,offline,교과목명·개설학과·교과구분·NCS·학년·학점·수업방식,원본 미제공,synthetic 학생 이수정보와 미연결,True,code,A330
M554,작업치료세미나,작업치료과,개설학과 작업치료과 · 영역 전공 · 교과목 구분 일반교과 · 수업방식 원격 · NCS 구분 KBUCS,,,,,3,2,원본 미제공,,3,True,actual_course_offerings_2026,M554,2026,2,작업치료과,30100400,3,전공,원격,일반교과,KBUCS,allowed,offline,교과목명·개설학과·교과구분·NCS·학년·학점·수업방식,원본 미제공,synthetic 학생 이수정보와 미연결,True,code,M554
H043,작업치료특론,작업치료과,개설학과 작업치료과 · 영역 전공 · 교과목 구분 일반교과 · 수업방식 원격 · NCS 구분 KBUCS,,,,,3,2,원본 미제공,,1,True,actual_course_offerings_2026,H043,2026,2,작업치료과,30100400,3,전공,원격,일반교과,KBUCS,allowed,offline,교과목명·개설학과·교과구분·NCS·학년·학점·수업방식,원본 미제공,synthetic 학생 이수정보와 미연결,True,code,H043
G588,재활학,작업치료과,개설학과 작업치료과 · 영역 전공 · 교과목 구분 일반교과 · 수업방식 대면 · NCS 구분 KBUCS,,,,,3,2,원본 미제공,,3,True,actual_course_offerings_2026,G588,2026,2,작업치료과,30100400,3,전공,대면,일반교과,KBUCS,allowed,offline,교과목명·개설학과·교과구분·NCS·학년·학점·수업방식,원본 미제공,synthetic 학생 이수정보와 미연결,True,code,G588
G589,지역사회재활,작업치료과,개설학과 작업치료과 · 영역 전공 · 교과목 구분 일반교과 · 수업방식 대면 · NCS 구분 KBUCS,,,,,3,2,원본 미제공,,3,True,actual_course_offerings_2026,G589,2026,2,작업치료과,30100400,3,전공,대면,일반교과,KBUCS,allowed,offline,교과목명·개설학과·교과구분·NCS·학년·학점·수업방식,원본 미제공,synthetic 학생 이수정보와 미연결,True,code,G589
G585,활동분석,작업치료과,개설학과 작업치료과 · 영역 전공 · 교과목 구분 일반교과 · 수업방식 대면 · NCS 구분 KBUCS,,,,,3,1,원본 미제공,,3,True,actual_course_offerings_2026,G585,2026,1,작업치료과,30100400,3,전공,대면,일반교과,KBUCS,allowed,offline,교과목명·개설학과·교과구분·NCS·학년·학점·수업방식,원본 미제공,synthetic 학생 이수정보와 미연결,True,code,G585
H106,감각발달중재적용,작업치료학과,개설학과 작업치료학과 · 영역 전공 · 교과목 구분 일반교과 · 수업방식 대면 · NCS 구분 자율과목,,,,,1,2,원본 미제공,,3,True,actual_course_offerings_2026,H106,2026,2,작업치료학과,30900941,1,전공,대면,일반교과,자율과목,allowed,offline,교과목명·개설학과·교과구분·NCS·학년·학점·수업방식,원본 미제공,synthetic 학생 이수정보와 미연결,True,code,H106
H107,근거기반아동작업치료,작업치료학과,개설학과 작업치료학과 · 영역 전공 · 교과목 구분 제작콘텐츠 · 수업방식 원격 · NCS 구분 자율과목,,,,,1,2,원본 미제공,,3,True,actual_course_offerings_2026,H107,2026,2,작업치료학과,30900941,1,전공,원격,제작콘텐츠,자율과목,allowed,offline,교과목명·개설학과·교과구분·NCS·학년·학점·수업방식,원본 미제공,synthetic 학생 이수정보와 미연결,True,code,H107
H109,생체역학,작업치료학과,개설학과 작업치료학과 · 영역 전공 · 교과목 구분 일반교과 · 수업방식 대면 · NCS 구분 자율과목,,,,,1,1,원본 미제공,,3,True,actual_course_offerings_2026,H109,2026,1,작업치료학과,30900941,1,전공,대면,일반교과,자율과목,allowed,offline,교과목명·개설학과·교과구분·NCS·학년·학점·수업방식,원본 미제공,synthetic 학생 이수정보와 미연결,True,code,H109
G566,임상연구방법론,작업치료학과,개설학과 작업치료학과 · 영역 전공 · 교과목 구분 제작콘텐츠 · 수업방식 원격 · NCS 구분 자율과목,,,,,1,1,원본 미제공,,3,True,actual_course_offerings_2026,G566,2026,1,작업치료학과,30900941,1,전공,원격,제작콘텐츠,자율과목,allowed,offline,교과목명·개설학과·교과구분·NCS·학년·학점·수업방식,원본 미제공,synthetic 학생 이수정보와 미연결,True,code,G566
H104,임상작업치료세미나,작업치료학과,개설학과 작업치료학과 · 영역 전공 · 교과목 구분 일반교과 · 수업방식 대면 · NCS 구분 자율과목,,,,,1,2,원본 미제공,,3,True,actual_course_offerings_2026,H104,2026,2,작업치료학과,30900941,1,전공,대면,일반교과,자율과목,allowed,offline,교과목명·개설학과·교과구분·NCS·학년·학점·수업방식,원본 미제공,synthetic 학생 이수정보와 미연결,True,code,H104
H105,장애아동체육특론,작업치료학과,개설학과 작업치료학과 · 영역 전공 · 교과목 구분 제작콘텐츠 · 수업방식 원격 · NCS 구분 자율과목,,,,,1,1,원본 미제공,,3,True,actual_course_offerings_2026,H105,2026,1,작업치료학과,30900941,1,전공,원격,제작콘텐츠,자율과목,allowed,offline,교과목명·개설학과·교과구분·NCS·학년·학점·수업방식,원본 미제공,synthetic 학생 이수정보와 미연결,True,code,H105
H108,재활공학,작업치료학과,개설학과 작업치료학과 · 영역 전공 · 교과목 구분 일반교과 · 수업방식 대면 · NCS 구분 자율과목,,,,,1,1,원본 미제공,,3,True,actual_course_offerings_2026,H108,2026,1,작업치료학과,30900941,1,전공,대면,일반교과,자율과목,allowed,offline,교과목명·개설학과·교과구분·NCS·학년·학점·수업방식,원본 미제공,synthetic 학생 이수정보와 미연결,True,code,H108
H110,재활제어인터페이스,작업치료학과,개설학과 작업치료학과 · 영역 전공 · 교과목 구분 제작콘텐츠 · 수업방식 원격 · NCS 구분 자율과목,,,,,1,2,원본 미제공,,3,True,actual_course_offerings_2026,H110,2026,2,작업치료학과,30900941,1,전공,원격,제작콘텐츠,자율과목,allowed,offline,교과목명·개설학과·교과구분·NCS·학년·학점·수업방식,원본 미제공,synthetic 학생 이수정보와 미연결,True,code,H110
A416,AI베이직헤어컬러,준오헤어디자인과,AA,,,,,1,2,원본 미제공,,3,True,actual_course_offerings_2026,A416,2026,2,준오헤어디자인과,30900984,1,전공,대면,일반교과,NCS,allowed,offline,교과목명·개설학과·교과구분·NCS·학년·학점·수업방식,원본 미제공,synthetic 학생 이수정보와 미연결,True,code,A416
A419,AI헤드스파,준오헤어디자인과,AA,,,,,1,2,원본 미제공,,3,True,actual_course_offerings_2026,A419,2026,2,준오헤어디자인과,30900984,1,전공,대면,일반교과,NCS,allowed,offline,교과목명·개설학과·교과구분·NCS·학년·학점·수업방식,원본 미제공,synthetic 학생 이수정보와 미연결,True,code,A419
M479,M네일메이크업,준오헤어디자인과,개설학과 준오헤어디자인과 · 영역 전공 · 교과목 구분 일반교과 · 수업방식 대면 · NCS 구분 KBUCS,,,,,1,1,원본 미제공,,3,True,actual_course_offerings_2026,M479,2026,1,준오헤어디자인과,30900984,1,전공,대면,일반교과,KBUCS,allowed,offline,교과목명·개설학과·교과구분·NCS·학년·학점·수업방식,원본 미제공,synthetic 학생 이수정보와 미연결,True,code,M479
M486,M준오디자인커트,준오헤어디자인과,개설학과 준오헤어디자인과 · 영역 전공 · 교과목 구분 일반교과 · 수업방식 대면 · NCS 구분 NCS,,,,,1,2,원본 미제공,,3,True,actual_course_offerings_2026,M486,2026,2,준오헤어디자인과,30900984,1,전공,대면,일반교과,NCS,allowed,offline,교과목명·개설학과·교과구분·NCS·학년·학점·수업방식,원본 미제공,synthetic 학생 이수정보와 미연결,True,code,M486
M487,M준오디자인펌,준오헤어디자인과,개설학과 준오헤어디자인과 · 영역 전공 · 교과목 구분 일반교과 · 수업방식 대면 · NCS 구분 NCS,,,,,1,2,원본 미제공,,3,True,actual_course_offerings_2026,M487,2026,2,준오헤어디자인과,30900984,1,전공,대면,일반교과,NCS,allowed,offline,교과목명·개설학과·교과구분·NCS·학년·학점·수업방식,원본 미제공,synthetic 학생 이수정보와 미연결,True,code,M487
M478,M준오디자인헤어컬러,준오헤어디자인과,개설학과 준오헤어디자인과 · 영역 전공 · 교과목 구분 일반교과 · 수업방식 대면 · NCS 구분 NCS,,,,,2,1,원본 미제공,,3,True,actual_course_offerings_2026,M478,2026,1,준오헤어디자인과,30500700,2,전공,대면,일반교과,NCS,allowed,offline,교과목명·개설학과·교과구분·NCS·학년·학점·수업방식,원본 미제공,synthetic 학생 이수정보와 미연결,True,code,M478
M481,M준오멘스커트,준오헤어디자인과,개설학과 준오헤어디자인과 · 영역 전공 · 교과목 구분 일반교과 · 수업방식 대면 · NCS 구분 NCS,,,,,2,1,원본 미제공,,3,True,actual_course_offerings_2026,M481,2026,1,준오헤어디자인과,30500700,2,전공,대면,일반교과,NCS,allowed,offline,교과목명·개설학과·교과구분·NCS·학년·학점·수업방식,원본 미제공,synthetic 학생 이수정보와 미연결,True,code,M481
M494,M준오베이직커트,준오헤어디자인과,개설학과 준오헤어디자인과 · 영역 전공 · 교과목 구분 일반교과 · 수업방식 대면 · NCS 구분 NCS,,,,,1,1,원본 미제공,,3,True,actual_course_offerings_2026,M494,2026,1,준오헤어디자인과,30900984,1,전공,대면,일반교과,NCS,allowed,offline,교과목명·개설학과·교과구분·NCS·학년·학점·수업방식,원본 미제공,synthetic 학생 이수정보와 미연결,True,code,M494
M477,M준오베이직펌,준오헤어디자인과,개설학과 준오헤어디자인과 · 영역 전공 · 교과목 구분 일반교과 · 수업방식 대면 · NCS 구분 NCS,,,,,1,1,원본 미제공,,3,True,actual_course_offerings_2026,M477,2026,1,준오헤어디자인과,30900984,1,전공,대면,일반교과,NCS,allowed,offline,교과목명·개설학과·교과구분·NCS·학년·학점·수업방식,원본 미제공,synthetic 학생 이수정보와 미연결,True,code,M477
M492,M준오살롱드라이,준오헤어디자인과,개설학과 준오헤어디자인과 · 영역 전공 · 교과목 구분 일반교과 · 수업방식 대면 · NCS 구분 KBUCS,,,,,2,1,원본 미제공,,3,True,actual_course_offerings_2026,M492,2026,1,준오헤어디자인과,30500700,2,전공,대면,일반교과,KBUCS,allowed,offline,교과목명·개설학과·교과구분·NCS·학년·학점·수업방식,원본 미제공,synthetic 학생 이수정보와 미연결,True,code,M492
M483,M준오살롱펌,준오헤어디자인과,개설학과 준오헤어디자인과 · 영역 전공 · 교과목 구분 일반교과 · 수업방식 대면 · NCS 구분 NCS,,,,,2,1,원본 미제공,,3,True,actual_course_offerings_2026,M483,2026,1,준오헤어디자인과,30500700,2,전공,대면,일반교과,NCS,allowed,offline,교과목명·개설학과·교과구분·NCS·학년·학점·수업방식,원본 미제공,synthetic 학생 이수정보와 미연결,True,code,M483
M489,M준오업스타일,준오헤어디자인과,개설학과 준오헤어디자인과 · 영역 전공 · 교과목 구분 일반교과 · 수업방식 대면 · NCS 구분 NCS,,,,,2,2,원본 미제공,,3,True,actual_course_offerings_2026,M489,2026,2,준오헤어디자인과,30500700,2,전공,대면,일반교과,NCS,allowed,offline,교과목명·개설학과·교과구분·NCS·학년·학점·수업방식,원본 미제공,synthetic 학생 이수정보와 미연결,True,code,M489
M488,M준오웨이브드라이,준오헤어디자인과,개설학과 준오헤어디자인과 · 영역 전공 · 교과목 구분 일반교과 · 수업방식 대면 · NCS 구분 KBUCS,,,,,1,2,원본 미제공,,3,True,actual_course_offerings_2026,M488,2026,2,준오헤어디자인과,30900984,1,전공,대면,일반교과,KBUCS,allowed,offline,교과목명·개설학과·교과구분·NCS·학년·학점·수업방식,원본 미제공,synthetic 학생 이수정보와 미연결,True,code,M488
M491,M준오크리에이티브워크,준오헤어디자인과,개설학과 준오헤어디자인과 · 영역 전공 · 교과목 구분 일반교과 · 수업방식 대면 · NCS 구분 NCS,,,,,2,2,원본 미제공,,3,True,actual_course_offerings_2026,M491,2026,2,준오헤어디자인과,30500700,2,전공,대면,일반교과,NCS,allowed,offline,교과목명·개설학과·교과구분·NCS·학년·학점·수업방식,원본 미제공,synthetic 학생 이수정보와 미연결,True,code,M491
M482,M준오크리에이티브커트,준오헤어디자인과,개설학과 준오헤어디자인과 · 영역 전공 · 교과목 구분 일반교과 · 수업방식 대면 · NCS 구분 KBUCS,,,,,2,2,원본 미제공,,3,True,actual_course_offerings_2026,M482,2026,2,준오헤어디자인과,30500700,2,전공,대면,일반교과,KBUCS,allowed,offline,교과목명·개설학과·교과구분·NCS·학년·학점·수업방식,원본 미제공,synthetic 학생 이수정보와 미연결,True,code,M482
A418,스캘프샴푸,준오헤어디자인과,AA,,,,,1,1,원본 미제공,,3,True,actual_course_offerings_2026,A418,2026,1,준오헤어디자인과,30900984,1,전공,대면,일반교과,NCS,allowed,offline,교과목명·개설학과·교과구분·NCS·학년·학점·수업방식,원본 미제공,synthetic 학생 이수정보와 미연결,True,code,A418
A415,준오베이직드라이,준오헤어디자인과,AA,,,,,1,1,원본 미제공,,3,True,actual_course_offerings_2026,A415,2026,1,준오헤어디자인과,30900984,1,전공,대면,일반교과,NCS,allowed,offline,교과목명·개설학과·교과구분·NCS·학년·학점·수업방식,원본 미제공,synthetic 학생 이수정보와 미연결,True,code,A415
A421,피부미용관리,준오헤어디자인과,AA,,,,,1,2,원본 미제공,,2,True,actual_course_offerings_2026,A421,2026,2,준오헤어디자인과,30900984,1,전공,원격,제작콘텐츠,KBUCS,allowed,offline,교과목명·개설학과·교과구분·NCS·학년·학점·수업방식,원본 미제공,synthetic 학생 이수정보와 미연결,True,code,A421
G628,M구강병리학,치위생과,개설학과 치위생과 · 영역 전공 · 교과목 구분 일반교과 · 수업방식 원격 · NCS 구분 KBUCS,,,,,3,1,원본 미제공,,3,True,actual_course_offerings_2026,G628,2026,1,치위생과,30100200,3,전공,원격,일반교과,KBUCS,allowed,offline,교과목명·개설학과·교과구분·NCS·학년·학점·수업방식,원본 미제공,synthetic 학생 이수정보와 미연결,True,code,G628
H013,M구강보건교육학,치위생과,개설학과 치위생과 · 영역 전공 · 교과목 구분 제작콘텐츠 · 수업방식 혼합 · NCS 구분 KBUCS,,,,,2,1,원본 미제공,,3,True,actual_course_offerings_2026,H013,2026,1,치위생과,30100200,2,전공,혼합,제작콘텐츠,KBUCS,allowed,offline,교과목명·개설학과·교과구분·NCS·학년·학점·수업방식,원본 미제공,synthetic 학생 이수정보와 미연결,True,code,H013
H014,M구강보건행정,치위생과,개설학과 치위생과 · 영역 전공 · 교과목 구분 일반교과 · 수업방식 원격 · NCS 구분 KBUCS,,,,,3,2,원본 미제공,,3,True,actual_course_offerings_2026,H014,2026,2,치위생과,30100200,3,전공,원격,일반교과,KBUCS,allowed,offline,교과목명·개설학과·교과구분·NCS·학년·학점·수업방식,원본 미제공,synthetic 학생 이수정보와 미연결,True,code,H014
H015,M구강생리및미생물,치위생과,개설학과 치위생과 · 영역 전공 · 교과목 구분 제작콘텐츠 · 수업방식 원격 · NCS 구분 KBUCS,,,,,1,2,원본 미제공,,3,True,actual_course_offerings_2026,H015,2026,2,치위생과,30100200,1,전공,원격,제작콘텐츠,KBUCS,allowed,offline,교과목명·개설학과·교과구분·NCS·학년·학점·수업방식,원본 미제공,synthetic 학생 이수정보와 미연결,True,code,H015
H016,M구강영상촬영,치위생과,개설학과 치위생과 · 영역 전공 · 교과목 구분 일반교과 · 수업방식 대면 · NCS 구분 KBUCS,,,,,2,1,원본 미제공,,3,True,actual_course_offerings_2026,H016,2026,1,치위생과,30100200,2,전공,대면,일반교과,KBUCS,allowed,offline,교과목명·개설학과·교과구분·NCS·학년·학점·수업방식,원본 미제공,synthetic 학생 이수정보와 미연결,True,code,H016
H017,M구강영상활용,치위생과,개설학과 치위생과 · 영역 전공 · 교과목 구분 일반교과 · 수업방식 대면 · NCS 구분 KBUCS,,,,,2,2,원본 미제공,,3,True,actual_course_offerings_2026,H017,2026,2,치위생과,30100200,2,전공,대면,일반교과,KBUCS,allowed,offline,교과목명·개설학과·교과구분·NCS·학년·학점·수업방식,원본 미제공,synthetic 학생 이수정보와 미연결,True,code,H017
H018,M구강외과교정,치위생과,개설학과 치위생과 · 영역 전공 · 교과목 구분 일반교과 · 수업방식 대면 · NCS 구분 KBUCS,,,,,3,1,원본 미제공,,3,True,actual_course_offerings_2026,H018,2026,1,치위생과,30100200,3,전공,대면,일반교과,KBUCS,allowed,offline,교과목명·개설학과·교과구분·NCS·학년·학점·수업방식,원본 미제공,synthetic 학생 이수정보와 미연결,True,code,H018
H019,M구강조직발생,치위생과,개설학과 치위생과 · 영역 전공 · 교과목 구분 제작콘텐츠 · 수업방식 원격 · NCS 구분 KBUCS,,,,,1,1,원본 미제공,,3,True,actual_course_offerings_2026,H019,2026,1,치위생과,30100200,1,전공,원격,제작콘텐츠,KBUCS,allowed,offline,교과목명·개설학과·교과구분·NCS·학년·학점·수업방식,원본 미제공,synthetic 학생 이수정보와 미연결,True,code,H019
G461,M구강해부학,치위생과,개설학과 치위생과 · 영역 전공 · 교과목 구분 제작콘텐츠 · 수업방식 원격 · NCS 구분 KBUCS,,,,,1,1,원본 미제공,,3,True,actual_course_offerings_2026,G461,2026,1,치위생과,30100200,1,전공,원격,제작콘텐츠,KBUCS,allowed,offline,교과목명·개설학과·교과구분·NCS·학년·학점·수업방식,원본 미제공,synthetic 학생 이수정보와 미연결,True,code,G461
G627,M기초치위생,치위생과,개설학과 치위생과 · 영역 전공 · 교과목 구분 일반교과 · 수업방식 대면 · NCS 구분 KBUCS,,,,,1,1,원본 미제공,,3,True,actual_course_offerings_2026,G627,2026,1,치위생과,30100200,1,전공,대면,일반교과,KBUCS,allowed,offline,교과목명·개설학과·교과구분·NCS·학년·학점·수업방식,원본 미제공,synthetic 학생 이수정보와 미연결,True,code,G627
J001,M기초치위생과정,치위생과,개설학과 치위생과 · 영역 전공 · 교과목 구분 일반교과 · 수업방식 대면 · NCS 구분 KBUCS,,,,,3,1,원본 미제공,,3,True,actual_course_offerings_2026,J001,2026,1,치위생과,30100200,3,전공,대면,일반교과,KBUCS,allowed,offline,교과목명·개설학과·교과구분·NCS·학년·학점·수업방식,원본 미제공,synthetic 학생 이수정보와 미연결,True,code,J001
J002,M보존과소아진료,치위생과,개설학과 치위생과 · 영역 전공 · 교과목 구분 일반교과 · 수업방식 대면 · NCS 구분 KBUCS,,,,,2,1,원본 미제공,,3,True,actual_course_offerings_2026,J002,2026,1,치위생과,30100200,2,전공,대면,일반교과,KBUCS,allowed,offline,교과목명·개설학과·교과구분·NCS·학년·학점·수업방식,원본 미제공,synthetic 학생 이수정보와 미연결,True,code,J002
J003,M심화치위생과정,치위생과,개설학과 치위생과 · 영역 전공 · 교과목 구분 일반교과 · 수업방식 대면 · NCS 구분 KBUCS,,,,,3,2,원본 미제공,,3,True,actual_course_offerings_2026,J003,2026,2,치위생과,30100200,3,전공,대면,일반교과,KBUCS,allowed,offline,교과목명·개설학과·교과구분·NCS·학년·학점·수업방식,원본 미제공,synthetic 학생 이수정보와 미연결,True,code,J003
J004,M의료경영실무,치위생과,개설학과 치위생과 · 영역 전공 · 교과목 구분 일반교과 · 수업방식 대면 · NCS 구분 KBUCS,,,,,3,2,원본 미제공,,3,True,actual_course_offerings_2026,J004,2026,2,치위생과,30100200,3,전공,대면,일반교과,KBUCS,allowed,offline,교과목명·개설학과·교과구분·NCS·학년·학점·수업방식,원본 미제공,synthetic 학생 이수정보와 미연결,True,code,J004
G629,M의료관계법규,치위생과,개설학과 치위생과 · 영역 전공 · 교과목 구분 일반교과 · 수업방식 원격 · NCS 구분 KBUCS,,,,,3,2,원본 미제공,,3,True,actual_course_offerings_2026,G629,2026,2,치위생과,30100200,3,전공,원격,일반교과,KBUCS,allowed,offline,교과목명·개설학과·교과구분·NCS·학년·학점·수업방식,원본 미제공,synthetic 학생 이수정보와 미연결,True,code,G629
J005,M임상예방치과,치위생과,개설학과 치위생과 · 영역 전공 · 교과목 구분 일반교과 · 수업방식 대면 · NCS 구분 KBUCS,,,,,2,1,원본 미제공,,3,True,actual_course_offerings_2026,J005,2026,1,치위생과,30100200,2,전공,대면,일반교과,KBUCS,allowed,offline,교과목명·개설학과·교과구분·NCS·학년·학점·수업방식,원본 미제공,synthetic 학생 이수정보와 미연결,True,code,J005
J006,M임상전단계실무,치위생과,개설학과 치위생과 · 영역 전공 · 교과목 구분 일반교과 · 수업방식 대면 · NCS 구분 KBUCS,,,,,2,1,원본 미제공,,3,True,actual_course_offerings_2026,J006,2026,1,치위생과,30100200,2,전공,대면,일반교과,KBUCS,allowed,offline,교과목명·개설학과·교과구분·NCS·학년·학점·수업방식,원본 미제공,synthetic 학생 이수정보와 미연결,True,code,J006
J007,M임상치주세정,치위생과,개설학과 치위생과 · 영역 전공 · 교과목 구분 일반교과 · 수업방식 대면 · NCS 구분 KBUCS,,,,,2,2,원본 미제공,,3,True,actual_course_offerings_2026,J007,2026,2,치위생과,30100200,2,전공,대면,일반교과,KBUCS,allowed,offline,교과목명·개설학과·교과구분·NCS·학년·학점·수업방식,원본 미제공,synthetic 학생 이수정보와 미연결,True,code,J007
J008,M지역사회구강보건,치위생과,개설학과 치위생과 · 영역 전공 · 교과목 구분 일반교과 · 수업방식 대면 · NCS 구분 KBUCS,,,,,3,1,원본 미제공,,3,True,actual_course_offerings_2026,J008,2026,1,치위생과,30100200,3,전공,대면,일반교과,KBUCS,allowed,offline,교과목명·개설학과·교과구분·NCS·학년·학점·수업방식,원본 미제공,synthetic 학생 이수정보와 미연결,True,code,J008
J009,M치과감염관리,치위생과,개설학과 치위생과 · 영역 전공 · 교과목 구분 일반교과 · 수업방식 대면 · NCS 구분 KBUCS,,,,,1,2,원본 미제공,,3,True,actual_course_offerings_2026,J009,2026,2,치위생과,30100200,1,전공,대면,일반교과,KBUCS,allowed,offline,교과목명·개설학과·교과구분·NCS·학년·학점·수업방식,원본 미제공,synthetic 학생 이수정보와 미연결,True,code,J009
J010,M치과건강보험실무,치위생과,개설학과 치위생과 · 영역 전공 · 교과목 구분 일반교과 · 수업방식 대면 · NCS 구분 KBUCS,,,,,3,1,원본 미제공,,3,True,actual_course_offerings_2026,J010,2026,1,치위생과,30100200,3,전공,대면,일반교과,KBUCS,allowed,offline,교과목명·개설학과·교과구분·NCS·학년·학점·수업방식,원본 미제공,synthetic 학생 이수정보와 미연결,True,code,J010
J011,M치과디지털이해,치위생과,개설학과 치위생과 · 영역 전공 · 교과목 구분 일반교과 · 수업방식 대면 · NCS 구분 KBUCS,,,,,1,2,원본 미제공,,3,True,actual_course_offerings_2026,J011,2026,2,치위생과,30100200,1,전공,대면,일반교과,KBUCS,allowed,offline,교과목명·개설학과·교과구분·NCS·학년·학점·수업방식,원본 미제공,synthetic 학생 이수정보와 미연결,True,code,J011
J012,M치과보철임플란트,치위생과,개설학과 치위생과 · 영역 전공 · 교과목 구분 일반교과 · 수업방식 대면 · NCS 구분 KBUCS,,,,,2,2,원본 미제공,,3,True,actual_course_offerings_2026,J012,2026,2,치위생과,30100200,2,전공,대면,일반교과,KBUCS,allowed,offline,교과목명·개설학과·교과구분·NCS·학년·학점·수업방식,원본 미제공,synthetic 학생 이수정보와 미연결,True,code,J012
J013,M치과재료활용,치위생과,개설학과 치위생과 · 영역 전공 · 교과목 구분 일반교과 · 수업방식 대면 · NCS 구분 KBUCS,,,,,1,2,원본 미제공,,3,True,actual_course_offerings_2026,J013,2026,2,치위생과,30100200,1,전공,대면,일반교과,KBUCS,allowed,offline,교과목명·개설학과·교과구분·NCS·학년·학점·수업방식,원본 미제공,synthetic 학생 이수정보와 미연결,True,code,J013
J014,M치면세마,치위생과,개설학과 치위생과 · 영역 전공 · 교과목 구분 일반교과 · 수업방식 대면 · NCS 구분 KBUCS,,,,,1,2,원본 미제공,,3,True,actual_course_offerings_2026,J014,2026,2,치위생과,30100200,1,전공,대면,일반교과,KBUCS,allowed,offline,교과목명·개설학과·교과구분·NCS·학년·학점·수업방식,원본 미제공,synthetic 학생 이수정보와 미연결,True,code,J014
J015,M치아형태와구조,치위생과,개설학과 치위생과 · 영역 전공 · 교과목 구분 일반교과 · 수업방식 대면 · NCS 구분 KBUCS,,,,,1,1,원본 미제공,,3,True,actual_course_offerings_2026,J015,2026,1,치위생과,30100200,1,전공,대면,일반교과,KBUCS,allowed,offline,교과목명·개설학과·교과구분·NCS·학년·학점·수업방식,원본 미제공,synthetic 학생 이수정보와 미연결,True,code,J015
J016,M치위생예방,치위생과,개설학과 치위생과 · 영역 전공 · 교과목 구분 일반교과 · 수업방식 대면 · NCS 구분 KBUCS,,,,,2,2,원본 미제공,,3,True,actual_course_offerings_2026,J016,2026,2,치위생과,30100200,2,전공,대면,일반교과,KBUCS,allowed,offline,교과목명·개설학과·교과구분·NCS·학년·학점·수업방식,원본 미제공,synthetic 학생 이수정보와 미연결,True,code,J016
J017,M치주과학,치위생과,개설학과 치위생과 · 영역 전공 · 교과목 구분 제작콘텐츠 · 수업방식 원격 · NCS 구분 KBUCS,,,,,1,2,원본 미제공,,3,True,actual_course_offerings_2026,J017,2026,2,치위생과,30100200,1,전공,원격,제작콘텐츠,KBUCS,allowed,offline,교과목명·개설학과·교과구분·NCS·학년·학점·수업방식,원본 미제공,synthetic 학생 이수정보와 미연결,True,code,J017
J018,M치주세정실무,치위생과,개설학과 치위생과 · 영역 전공 · 교과목 구분 일반교과 · 수업방식 대면 · NCS 구분 KBUCS,,,,,2,1,원본 미제공,,3,True,actual_course_offerings_2026,J018,2026,1,치위생과,30100200,2,전공,대면,일반교과,KBUCS,allowed,offline,교과목명·개설학과·교과구분·NCS·학년·학점·수업방식,원본 미제공,synthetic 학생 이수정보와 미연결,True,code,J018
F630,구강보건교육실습캡스톤디자인,치위생과,개설학과 치위생과 · 영역 전공 · 교과목 구분 캡스톤 · 수업방식 대면 · NCS 구분 KBUCS,,,,,2,2,원본 미제공,,3,True,actual_course_offerings_2026,F630,2026,2,치위생과,30100200,2,전공,대면,캡스톤,KBUCS,allowed,offline,교과목명·개설학과·교과구분·NCS·학년·학점·수업방식,원본 미제공,synthetic 학생 이수정보와 미연결,True,code,F630
A284,치과위생사현장실습(1),치위생과,AA,,,,,2,2,원본 미제공,,6,True,actual_course_offerings_2026,A284,2026,2,치위생과,30100200,2,전공,대면,현장실습,KBUCS,allowed,offline,교과목명·개설학과·교과구분·NCS·학년·학점·수업방식,원본 미제공,synthetic 학생 이수정보와 미연결,True,code,A284
A285,치과위생사현장실습(2),치위생과,AA,,,,,3,1,원본 미제공,,6,True,actual_course_offerings_2026,A285,2026,1,치위생과,30100200,3,전공,대면,현장실습,KBUCS,allowed,offline,교과목명·개설학과·교과구분·NCS·학년·학점·수업방식,원본 미제공,synthetic 학생 이수정보와 미연결,True,code,A285
C180,치위생특론,치위생과,개설학과 치위생과 · 영역 전공 · 교과목 구분 일반교과 · 수업방식 대면 · NCS 구분 자율과목,,,,,3,2,원본 미제공,,3,True,actual_course_offerings_2026,C180,2026,2,치위생과,30100200,3,전공,대면,일반교과,자율과목,allowed,offline,교과목명·개설학과·교과구분·NCS·학년·학점·수업방식,원본 미제공,synthetic 학생 이수정보와 미연결,True,name,F643
D539,계속구강건강관리,치위생학과,개설학과 치위생학과 · 영역 전공 · 교과목 구분 일반교과 · 수업방식 대면 · NCS 구분 자율과목,,,,,1,2,원본 미제공,,3,True,actual_course_offerings_2026,D539,2026,2,치위생학과,30900916,1,전공,대면,일반교과,자율과목,allowed,offline,교과목명·개설학과·교과구분·NCS·학년·학점·수업방식,원본 미제공,synthetic 학생 이수정보와 미연결,True,none,
H100,병원마케팅전략,치위생학과,개설학과 치위생학과 · 영역 전공 · 교과목 구분 일반교과 · 수업방식 원격 · NCS 구분 자율과목,,,,,1,1,원본 미제공,,2,True,actual_course_offerings_2026,H100,2026,1,치위생학과,30900916,1,전공,원격,일반교과,자율과목,allowed,offline,교과목명·개설학과·교과구분·NCS·학년·학점·수업방식,원본 미제공,synthetic 학생 이수정보와 미연결,True,none,
H101,최신임상치위생,치위생학과,개설학과 치위생학과 · 영역 전공 · 교과목 구분 일반교과 · 수업방식 대면 · NCS 구분 자율과목,,,,,1,1,원본 미제공,,3,True,actual_course_offerings_2026,H101,2026,1,치위생학과,30900916,1,전공,대면,일반교과,자율과목,allowed,offline,교과목명·개설학과·교과구분·NCS·학년·학점·수업방식,원본 미제공,synthetic 학생 이수정보와 미연결,True,none,
H102,치과디지털활용,치위생학과,개설학과 치위생학과 · 영역 전공 · 교과목 구분 일반교과 · 수업방식 대면 · NCS 구분 자율과목,,,,,1,1,원본 미제공,,3,True,actual_course_offerings_2026,H102,2026,1,치위생학과,30900916,1,전공,대면,일반교과,자율과목,allowed,offline,교과목명·개설학과·교과구분·NCS·학년·학점·수업방식,원본 미제공,synthetic 학생 이수정보와 미연결,True,none,
H103,치과전산실무,치위생학과,개설학과 치위생학과 · 영역 전공 · 교과목 구분 일반교과 · 수업방식 대면 · NCS 구분 자율과목,,,,,1,2,원본 미제공,,2,True,actual_course_offerings_2026,H103,2026,2,치위생학과,30900916,1,전공,대면,일반교과,자율과목,allowed,offline,교과목명·개설학과·교과구분·NCS·학년·학점·수업방식,원본 미제공,synthetic 학생 이수정보와 미연결,True,none,
H096,치위생연구방법론,치위생학과,개설학과 치위생학과 · 영역 전공 · 교과목 구분 일반교과 · 수업방식 원격 · NCS 구분 자율과목,,,,,1,1,원본 미제공,,3,True,actual_course_offerings_2026,H096,2026,1,치위생학과,30900916,1,전공,원격,일반교과,자율과목,allowed,offline,교과목명·개설학과·교과구분·NCS·학년·학점·수업방식,원본 미제공,synthetic 학생 이수정보와 미연결,True,none,
H097,치위생연구방법실무,치위생학과,개설학과 치위생학과 · 영역 전공 · 교과목 구분 일반교과 · 수업방식 대면 · NCS 구분 자율과목,,,,,1,2,원본 미제공,,3,True,actual_course_offerings_2026,H097,2026,2,치위생학과,30900916,1,전공,대면,일반교과,자율과목,allowed,offline,교과목명·개설학과·교과구분·NCS·학년·학점·수업방식,원본 미제공,synthetic 학생 이수정보와 미연결,True,none,
H099,환자심리상담,치위생학과,개설학과 치위생학과 · 영역 전공 · 교과목 구분 제작콘텐츠 · 수업방식 원격 · NCS 구분 자율과목,,,,,1,2,원본 미제공,,3,True,actual_course_offerings_2026,H099,2026,2,치위생학과,30900916,1,전공,원격,제작콘텐츠,자율과목,allowed,offline,교과목명·개설학과·교과구분·NCS·학년·학점·수업방식,원본 미제공,synthetic 학생 이수정보와 미연결,True,none,
A276,KBU성공전략(1),친환경건축과,aa,,,,,1,1,원본 미제공,,3,True,actual_course_offerings_2026,A276,2026,1,간호학과|공간디자인과|공연예술과|드론건설환경과|물리치료과|반려동물보건과|뷰티디자인과|사회복지과|서비스경영과|소프트웨어융합과|시각디자인과|실용음악과(3년제)|안전보건과|영상미디어콘텐츠과|유아교육과|의료미용과|임상병리과|자유전공학과(3년제)|작업치료과|준오헤어디자인과|치위생과|친환경건축과|항공서비스과|호텔관광과,30100100|30100200|30100400|30100500|30100600|30100700|30101400|30900977|30900984|30900997|30900998|30900999|30901004|30901005|30901006|30901007|30901010|30901012|30901015|30901021|30901022|30901024|30901025|30901027,1,교양,원격,구매콘텐츠,자율과목,allowed,offline,교과목명·개설학과·교과구분·NCS·학년·학점·수업방식,원본 미제공,synthetic 학생 이수정보와 미연결,True,code,A276
A274,KBU성공전략(2),친환경건축과,aa,,,,,1,2,원본 미제공,,3,True,actual_course_offerings_2026,A274,2026,2,간호학과|공간디자인과|공연예술과|드론건설환경과|물리치료과|반려동물보건과|뷰티디자인과|사회복지과|서비스경영과|소프트웨어융합과|시각디자인과|실용음악과(3년제)|안전보건과|영상미디어콘텐츠과|유아교육과|의료미용과|임상병리과|자유전공학과(3년제)|작업치료과|준오헤어디자인과|치위생과|친환경건축과|항공서비스과|호텔관광과,30100100|30100200|30100400|30100500|30100600|30100700|30101400|30900977|30900984|30900997|30900998|30900999|30901004|30901005|30901006|30901007|30901010|30901012|30901015|30901021|30901022|30901024|30901025|30901027,1,교양,원격,구매콘텐츠|제작콘텐츠,자율과목,allowed,offline,교과목명·개설학과·교과구분·NCS·학년·학점·수업방식,원본 미제공,synthetic 학생 이수정보와 미연결,True,code,A274
M196,MCAD기초,친환경건축과,개설학과 친환경건축과 · 영역 전공 · 교과목 구분 일반교과 · 수업방식 대면 · NCS 구분 NCS,,,,,1,2,원본 미제공,,3,True,actual_course_offerings_2026,M196,2026,2,친환경건축과,30901021,1,전공,대면,일반교과,NCS,allowed,offline,교과목명·개설학과·교과구분·NCS·학년·학점·수업방식,원본 미제공,synthetic 학생 이수정보와 미연결,True,code,M196
M179,MCAD응용,친환경건축과,개설학과 친환경건축과 · 영역 전공 · 교과목 구분 일반교과 · 수업방식 대면 · NCS 구분 NCS,,,,,2,1,원본 미제공,,3,True,actual_course_offerings_2026,M179,2026,1,친환경건축과,30401300,2,전공,대면,일반교과,NCS,allowed,offline,교과목명·개설학과·교과구분·NCS·학년·학점·수업방식,원본 미제공,synthetic 학생 이수정보와 미연결,True,code,M179
M181,M강구조,친환경건축과,개설학과 친환경건축과 · 영역 전공 · 교과목 구분 일반교과 · 수업방식 대면 · NCS 구분 NCS,,,,,3,1,원본 미제공,,3,True,actual_course_offerings_2026,M181,2026,1,친환경건축과,30401300,3,전공,대면,일반교과,NCS,allowed,offline,교과목명·개설학과·교과구분·NCS·학년·학점·수업방식,원본 미제공,synthetic 학생 이수정보와 미연결,True,code,M181
M586,M건축BIM,친환경건축과,개설학과 친환경건축과 · 영역 전공 · 교과목 구분 일반교과 · 수업방식 대면 · NCS 구분 NCS,,,,,3,1,원본 미제공,,3,True,actual_course_offerings_2026,M586,2026,1,친환경건축과,30401300,3,전공,대면,일반교과,NCS,allowed,offline,교과목명·개설학과·교과구분·NCS·학년·학점·수업방식,원본 미제공,synthetic 학생 이수정보와 미연결,True,code,M586
M571,M건축공학의이해,친환경건축과,개설학과 친환경건축과 · 영역 전공 · 교과목 구분 제작콘텐츠 · 수업방식 원격 · NCS 구분 NCS,,,,,1,1,원본 미제공,,3,True,actual_course_offerings_2026,M571,2026,1,친환경건축과,30901021,1,전공,원격,제작콘텐츠,NCS,allowed,offline,교과목명·개설학과·교과구분·NCS·학년·학점·수업방식,원본 미제공,synthetic 학생 이수정보와 미연결,True,code,M571
M588,M건축구조실무,친환경건축과,개설학과 친환경건축과 · 영역 전공 · 교과목 구분 일반교과 · 수업방식 대면 · NCS 구분 NCS,,,,,3,2,원본 미제공,,3,True,actual_course_offerings_2026,M588,2026,2,친환경건축과,30401300,3,전공,대면,일반교과,NCS,allowed,offline,교과목명·개설학과·교과구분·NCS·학년·학점·수업방식,원본 미제공,synthetic 학생 이수정보와 미연결,True,code,M588
M572,M건축디자인,친환경건축과,개설학과 친환경건축과 · 영역 전공 · 교과목 구분 일반교과 · 수업방식 대면 · NCS 구분 NCS,,,,,1,1,원본 미제공,,3,True,actual_course_offerings_2026,M572,2026,1,친환경건축과,30901021,1,전공,대면,일반교과,NCS,allowed,offline,교과목명·개설학과·교과구분·NCS·학년·학점·수업방식,원본 미제공,synthetic 학생 이수정보와 미연결,True,code,M572
M580,M건축법규실무,친환경건축과,개설학과 친환경건축과 · 영역 전공 · 교과목 구분 일반교과 · 수업방식 대면 · NCS 구분 NCS,,,,,2,1,원본 미제공,,3,True,actual_course_offerings_2026,M580,2026,1,친환경건축과,30401300,2,전공,대면,일반교과,NCS,allowed,offline,교과목명·개설학과·교과구분·NCS·학년·학점·수업방식,원본 미제공,synthetic 학생 이수정보와 미연결,True,code,M580
M582,M건축설계,친환경건축과,개설학과 친환경건축과 · 영역 전공 · 교과목 구분 일반교과 · 수업방식 대면 · NCS 구분 자율과목,,,,,2,2,원본 미제공,,3,True,actual_course_offerings_2026,M582,2026,2,친환경건축과,30401300,2,전공,대면,일반교과,자율과목,allowed,offline,교과목명·개설학과·교과구분·NCS·학년·학점·수업방식,원본 미제공,synthetic 학생 이수정보와 미연결,True,code,M582
M195,M건축시공기초,친환경건축과,개설학과 친환경건축과 · 영역 전공 · 교과목 구분 제작콘텐츠 · 수업방식 원격 · NCS 구분 NCS,,,,,1,2,원본 미제공,,3,True,actual_course_offerings_2026,M195,2026,2,친환경건축과,30901021,1,전공,원격,제작콘텐츠,NCS,allowed,offline,교과목명·개설학과·교과구분·NCS·학년·학점·수업방식,원본 미제공,synthetic 학생 이수정보와 미연결,True,code,M195
M578,M건축시공응용,친환경건축과,개설학과 친환경건축과 · 영역 전공 · 교과목 구분 일반교과 · 수업방식 대면 · NCS 구분 NCS,,,,,2,1,원본 미제공,,3,True,actual_course_offerings_2026,M578,2026,1,친환경건축과,30401300,2,전공,대면,일반교과,NCS,allowed,offline,교과목명·개설학과·교과구분·NCS·학년·학점·수업방식,원본 미제공,synthetic 학생 이수정보와 미연결,True,code,M578
M585,M건축실무도면작성,친환경건축과,개설학과 친환경건축과 · 영역 전공 · 교과목 구분 일반교과 · 수업방식 대면 · NCS 구분 NCS,,,,,3,1,원본 미제공,,3,True,actual_course_offerings_2026,M585,2026,1,친환경건축과,30401300,3,전공,대면,일반교과,NCS,allowed,offline,교과목명·개설학과·교과구분·NCS·학년·학점·수업방식,원본 미제공,synthetic 학생 이수정보와 미연결,True,code,M585
M587,M건축안전진단,친환경건축과,개설학과 친환경건축과 · 영역 전공 · 교과목 구분 일반교과 · 수업방식 원격 · NCS 구분 NCS,,,,,3,2,원본 미제공,,3,True,actual_course_offerings_2026,M587,2026,2,친환경건축과,30401300,3,전공,원격,일반교과,NCS,allowed,offline,교과목명·개설학과·교과구분·NCS·학년·학점·수업방식,원본 미제공,synthetic 학생 이수정보와 미연결,True,code,M587
M356,M건축일반구조,친환경건축과,"개설학과 공간디자인과, 친환경건축과 · 영역 전공 · 교과목 구분 제작콘텐츠 · 수업방식 원격 · NCS 구분 KBUCS, NCS",,,,,1,2,원본 미제공,,3,True,actual_course_offerings_2026,M356,2026,2,공간디자인과|친환경건축과,30901021|30901022,1,전공,원격,제작콘텐츠,KBUCS|NCS,allowed,offline,교과목명·개설학과·교과구분·NCS·학년·학점·수업방식,원본 미제공,synthetic 학생 이수정보와 미연결,True,code,M356
M180,M건축적산,친환경건축과,개설학과 친환경건축과 · 영역 전공 · 교과목 구분 일반교과 · 수업방식 대면 · NCS 구분 NCS,,,,,2,2,원본 미제공,,3,True,actual_course_offerings_2026,M180,2026,2,친환경건축과,30401300,2,전공,대면,일반교과,NCS,allowed,offline,교과목명·개설학과·교과구분·NCS·학년·학점·수업방식,원본 미제공,synthetic 학생 이수정보와 미연결,True,code,M180
M573,M건축표현및제도,친환경건축과,개설학과 친환경건축과 · 영역 전공 · 교과목 구분 일반교과 · 수업방식 대면 · NCS 구분 NCS,,,,,1,1,원본 미제공,,3,True,actual_course_offerings_2026,M573,2026,1,친환경건축과,30901021,1,전공,대면,일반교과,NCS,allowed,offline,교과목명·개설학과·교과구분·NCS·학년·학점·수업방식,원본 미제공,synthetic 학생 이수정보와 미연결,True,code,M573
M584,M건축품질및공정관리,친환경건축과,개설학과 친환경건축과 · 영역 전공 · 교과목 구분 일반교과 · 수업방식 대면 · NCS 구분 NCS,,,,,3,1,원본 미제공,,3,True,actual_course_offerings_2026,M584,2026,1,친환경건축과,30401300,3,전공,대면,일반교과,NCS,allowed,offline,교과목명·개설학과·교과구분·NCS·학년·학점·수업방식,원본 미제공,synthetic 학생 이수정보와 미연결,True,code,M584
M204,M건축프리젠테이션,친환경건축과,개설학과 친환경건축과 · 영역 전공 · 교과목 구분 일반교과 · 수업방식 대면 · NCS 구분 NCS,,,,,3,1,원본 미제공,,3,True,actual_course_offerings_2026,M204,2026,1,친환경건축과,30401300,3,전공,대면,일반교과,NCS,allowed,offline,교과목명·개설학과·교과구분·NCS·학년·학점·수업방식,원본 미제공,synthetic 학생 이수정보와 미연결,True,code,M204
M577,M건축환경안전관리,친환경건축과,개설학과 친환경건축과 · 영역 전공 · 교과목 구분 제작콘텐츠 · 수업방식 원격 · NCS 구분 NCS,,,,,2,1,원본 미제공,,3,True,actual_course_offerings_2026,M577,2026,1,친환경건축과,30401300,2,전공,원격,제작콘텐츠,NCS,allowed,offline,교과목명·개설학과·교과구분·NCS·학년·학점·수업방식,원본 미제공,synthetic 학생 이수정보와 미연결,True,code,M577
M574,M구조역학기초,친환경건축과,개설학과 친환경건축과 · 영역 전공 · 교과목 구분 제작콘텐츠 · 수업방식 원격 · NCS 구분 NCS,,,,,1,2,원본 미제공,,3,True,actual_course_offerings_2026,M574,2026,2,친환경건축과,30901021,1,전공,원격,제작콘텐츠,NCS,allowed,offline,교과목명·개설학과·교과구분·NCS·학년·학점·수업방식,원본 미제공,synthetic 학생 이수정보와 미연결,True,code,M574
M579,M구조역학응용,친환경건축과,개설학과 친환경건축과 · 영역 전공 · 교과목 구분 일반교과 · 수업방식 대면 · NCS 구분 NCS,,,,,2,1,원본 미제공,,3,True,actual_course_offerings_2026,M579,2026,1,친환경건축과,30401300,2,전공,대면,일반교과,NCS,allowed,offline,교과목명·개설학과·교과구분·NCS·학년·학점·수업방식,원본 미제공,synthetic 학생 이수정보와 미연결,True,code,M579
M201,M그린리모델링,친환경건축과,개설학과 친환경건축과 · 영역 전공 · 교과목 구분 일반교과 · 수업방식 대면 · NCS 구분 NCS,,,,,3,1,원본 미제공,,3,True,actual_course_offerings_2026,M201,2026,1,친환경건축과,30401300,3,전공,대면,일반교과,NCS,allowed,offline,교과목명·개설학과·교과구분·NCS·학년·학점·수업방식,원본 미제공,synthetic 학생 이수정보와 미연결,True,code,M201
M206,M스마트건축기술,친환경건축과,개설학과 친환경건축과 · 영역 전공 · 교과목 구분 일반교과 · 수업방식 대면 · NCS 구분 NCS,,,,,1,2,원본 미제공,,3,True,actual_course_offerings_2026,M206,2026,2,친환경건축과,30901021,1,전공,대면,일반교과,NCS,allowed,offline,교과목명·개설학과·교과구분·NCS·학년·학점·수업방식,원본 미제공,synthetic 학생 이수정보와 미연결,True,code,M206
M581,M철근콘크리트부재설계,친환경건축과,개설학과 친환경건축과 · 영역 전공 · 교과목 구분 일반교과 · 수업방식 대면 · NCS 구분 NCS,,,,,2,2,원본 미제공,,3,True,actual_course_offerings_2026,M581,2026,2,친환경건축과,30401300,2,전공,대면,일반교과,NCS,allowed,offline,교과목명·개설학과·교과구분·NCS·학년·학점·수업방식,원본 미제공,synthetic 학생 이수정보와 미연결,True,code,M581
M570,M친환경건축AtoZ,친환경건축과,개설학과 친환경건축과 · 영역 전공 · 교과목 구분 일반교과 · 수업방식 대면 · NCS 구분 NCS,,,,,1,1,원본 미제공,,3,True,actual_course_offerings_2026,M570,2026,1,친환경건축과,30901021,1,전공,대면,일반교과,NCS,allowed,offline,교과목명·개설학과·교과구분·NCS·학년·학점·수업방식,원본 미제공,synthetic 학생 이수정보와 미연결,True,code,M570
M575,M친환경건축계획,친환경건축과,개설학과 친환경건축과 · 영역 전공 · 교과목 구분 일반교과 · 수업방식 대면 · NCS 구분 NCS,,,,,1,2,원본 미제공,,3,True,actual_course_offerings_2026,M575,2026,2,친환경건축과,30901021,1,전공,대면,일반교과,NCS,allowed,offline,교과목명·개설학과·교과구분·NCS·학년·학점·수업방식,원본 미제공,synthetic 학생 이수정보와 미연결,True,code,M575
M583,M친환경건축설비,친환경건축과,개설학과 친환경건축과 · 영역 전공 · 교과목 구분 일반교과 · 수업방식 원격 · NCS 구분 자율과목,,,,,2,2,원본 미제공,,3,True,actual_course_offerings_2026,M583,2026,2,친환경건축과,30401300,2,전공,원격,일반교과,자율과목,allowed,offline,교과목명·개설학과·교과구분·NCS·학년·학점·수업방식,원본 미제공,synthetic 학생 이수정보와 미연결,True,code,M583
M185,M친환경건축실무,친환경건축과,개설학과 친환경건축과 · 영역 전공 · 교과목 구분 일반교과 · 수업방식 대면 · NCS 구분 NCS,,,,,3,2,원본 미제공,,3,True,actual_course_offerings_2026,M185,2026,2,친환경건축과,30401300,3,전공,대면,일반교과,NCS,allowed,offline,교과목명·개설학과·교과구분·NCS·학년·학점·수업방식,원본 미제공,synthetic 학생 이수정보와 미연결,True,code,M185
M375,M친환경건축재료,친환경건축과,개설학과 친환경건축과 · 영역 전공 · 교과목 구분 일반교과 · 수업방식 원격 · NCS 구분 NCS,,,,,2,1,원본 미제공,,3,True,actual_course_offerings_2026,M375,2026,1,친환경건축과,30401300,2,전공,원격,일반교과,NCS,allowed,offline,교과목명·개설학과·교과구분·NCS·학년·학점·수업방식,원본 미제공,synthetic 학생 이수정보와 미연결,True,code,M375
H080,건축컴퓨터활용,친환경건축과,개설학과 친환경건축과 · 영역 전공 · 교과목 구분 일반교과 · 수업방식 대면 · NCS 구분 자율과목,,,,,1,1,원본 미제공,,3,True,actual_course_offerings_2026,H080,2026,1,친환경건축과,30901021,1,전공,대면,일반교과,자율과목,allowed,offline,교과목명·개설학과·교과구분·NCS·학년·학점·수업방식,원본 미제공,synthetic 학생 이수정보와 미연결,True,code,H080
C938,캡스톤디자인,친환경건축과,"개설학과 공연예술과(3년제), 물리치료과, 반려동물보건과, 빅데이터과, 서비스경영과, 소프트웨어융합과, 실용음악과(3년제), 안전보건과, 영상미디어콘텐츠과, 유아교육과, 의료미용과, 임상병리과, 작업치료과, 준오헤어디자인과, 친환경건축과, 항공서비스과, 호텔관광과(3년제) · 영역 전공 · 교과목 구분 캡스톤 · 수업방식 대면 · NCS 구분 KBUCS, NCS, 자율과목",,,,,2,1,원본 미제공,,3,True,actual_course_offerings_2026,C938,2026,1|2,공연예술과(3년제)|물리치료과|반려동물보건과|빅데이터과|서비스경영과|소프트웨어융합과|실용음악과(3년제)|안전보건과|영상미디어콘텐츠과|유아교육과|의료미용과|임상병리과|작업치료과|준오헤어디자인과|친환경건축과|항공서비스과|호텔관광과(3년제),30100400|30100500|30100600|30100700|30101400|30101500|30200400|30401300|30401700|30401800|30500700|30502300|30502400|30502500|30900400|30900500|30900600,2|3,전공,대면,캡스톤,KBUCS|NCS|자율과목,allowed,offline,교과목명·개설학과·교과구분·NCS·학년·학점·수업방식,원본 미제공,synthetic 학생 이수정보와 미연결,True,none,
B794,현장실습(1),친환경건축과,"개설학과 드론건설환경과, 친환경건축과, 항공서비스과, 호텔관광과(3년제) · 영역 전공 · 교과목 구분 현장실습 · 수업방식 대면 · NCS 구분 NCS, 자율과목",,,,,2,1,원본 미제공,,4,True,actual_course_offerings_2026,B794,2026,1|2,드론건설환경과|친환경건축과|항공서비스과|호텔관광과(3년제),30401300|30401600|30900400|30900600,2|3,전공,대면,현장실습,NCS|자율과목,allowed,offline,교과목명·개설학과·교과구분·NCS·학년·학점·수업방식,원본 미제공,synthetic 학생 이수정보와 미연결,True,none,
B795,현장실습(2),친환경건축과,"개설학과 드론건설환경과, 서비스경영과, 친환경건축과, 항공서비스과, 호텔관광과(3년제) · 영역 전공 · 교과목 구분 현장실습 · 수업방식 대면 · NCS 구분 NCS, 자율과목",,,,,2,1,원본 미제공,,4,True,actual_course_offerings_2026,B795,2026,1|2,드론건설환경과|서비스경영과|친환경건축과|항공서비스과|호텔관광과(3년제),30401300|30401600|30900400|30900500|30900600,2|3,전공,대면,현장실습,NCS|자율과목,allowed,offline,교과목명·개설학과·교과구분·NCS·학년·학점·수업방식,원본 미제공,synthetic 학생 이수정보와 미연결,True,name,G758
M233,M객실승무관리,항공서비스과,개설학과 항공서비스과 · 영역 전공 · 교과목 구분 일반교과 · 수업방식 원격 · NCS 구분 NCS,,,,,3,1,원본 미제공,,3,True,actual_course_offerings_2026,M233,2026,1,항공서비스과,30900400,3,전공,원격,일반교과,NCS,allowed,offline,교과목명·개설학과·교과구분·NCS·학년·학점·수업방식,원본 미제공,synthetic 학생 이수정보와 미연결,True,code,M233
M274,M고객만족서비스,항공서비스과,개설학과 항공서비스과 · 영역 전공 · 교과목 구분 일반교과 · 수업방식 대면 · NCS 구분 NCS,,,,,1,1,원본 미제공,,4,True,actual_course_offerings_2026,M274,2026,1,항공서비스과,30901007,1,전공,대면,일반교과,NCS,allowed,offline,교과목명·개설학과·교과구분·NCS·학년·학점·수업방식,원본 미제공,synthetic 학생 이수정보와 미연결,True,code,M274
M276,M공항보안검색,항공서비스과,개설학과 항공서비스과 · 영역 전공 · 교과목 구분 일반교과 · 수업방식 대면 · NCS 구분 NCS,,,,,3,1,원본 미제공,,3,True,actual_course_offerings_2026,M276,2026,1,항공서비스과,30900400,3,전공,대면,일반교과,NCS,allowed,offline,교과목명·개설학과·교과구분·NCS·학년·학점·수업방식,원본 미제공,synthetic 학생 이수정보와 미연결,True,code,M276
M171,M글로벌이미지메이킹기초,항공서비스과,개설학과 항공서비스과 · 영역 전공 · 교과목 구분 일반교과 · 수업방식 대면 · NCS 구분 자율과목,,,,,2,2,원본 미제공,,3,True,actual_course_offerings_2026,M171,2026,2,항공서비스과,30900400,2,전공,대면,일반교과,자율과목,allowed,offline,교과목명·개설학과·교과구분·NCS·학년·학점·수업방식,원본 미제공,synthetic 학생 이수정보와 미연결,True,code,M171
M161,M글로벌이미지메이킹심화,항공서비스과,개설학과 항공서비스과 · 영역 전공 · 교과목 구분 일반교과 · 수업방식 대면 · NCS 구분 자율과목,,,,,3,1,원본 미제공,,3,True,actual_course_offerings_2026,M161,2026,1,항공서비스과,30900400,3,전공,대면,일반교과,자율과목,allowed,offline,교과목명·개설학과·교과구분·NCS·학년·학점·수업방식,원본 미제공,synthetic 학생 이수정보와 미연결,True,code,M161
M255,M기내안전,항공서비스과,개설학과 항공서비스과 · 영역 전공 · 교과목 구분 일반교과 · 수업방식 대면 · NCS 구분 NCS,,,,,2,2,원본 미제공,,3,True,actual_course_offerings_2026,M255,2026,2,항공서비스과,30900400,2,전공,대면,일반교과,NCS,allowed,offline,교과목명·개설학과·교과구분·NCS·학년·학점·수업방식,원본 미제공,synthetic 학생 이수정보와 미연결,True,code,M255
M165,M기초토익,항공서비스과,개설학과 항공서비스과 · 영역 전공 · 교과목 구분 일반교과 · 수업방식 대면 · NCS 구분 자율과목,,,,,1,1,원본 미제공,,3,True,actual_course_offerings_2026,M165,2026,1,항공서비스과,30901007,1,전공,대면,일반교과,자율과목,allowed,offline,교과목명·개설학과·교과구분·NCS·학년·학점·수업방식,원본 미제공,synthetic 학생 이수정보와 미연결,True,code,M165
M275,M보호구역출입통제,항공서비스과,개설학과 항공서비스과 · 영역 전공 · 교과목 구분 일반교과 · 수업방식 대면 · NCS 구분 NCS,,,,,3,2,원본 미제공,,3,True,actual_course_offerings_2026,M275,2026,2,항공서비스과,30900400,3,전공,대면,일반교과,NCS,allowed,offline,교과목명·개설학과·교과구분·NCS·학년·학점·수업방식,원본 미제공,synthetic 학생 이수정보와 미연결,True,code,M275
M163,M실전일본어,항공서비스과,개설학과 항공서비스과 · 영역 전공 · 교과목 구분 일반교과 · 수업방식 대면 · NCS 구분 자율과목,,,,,2,2,원본 미제공,,3,True,actual_course_offerings_2026,M163,2026,2,항공서비스과,30900400,2,전공,대면,일반교과,자율과목,allowed,offline,교과목명·개설학과·교과구분·NCS·학년·학점·수업방식,원본 미제공,synthetic 학생 이수정보와 미연결,True,code,M163
M282,M실전중국어,항공서비스과,개설학과 항공서비스과 · 영역 전공 · 교과목 구분 일반교과 · 수업방식 대면 · NCS 구분 NCS,,,,,2,2,원본 미제공,,3,True,actual_course_offerings_2026,M282,2026,2,항공서비스과,30900400,2,전공,대면,일반교과,NCS,allowed,offline,교과목명·개설학과·교과구분·NCS·학년·학점·수업방식,원본 미제공,synthetic 학생 이수정보와 미연결,True,code,M282
M256,M실전토익,항공서비스과,개설학과 항공서비스과 · 영역 전공 · 교과목 구분 일반교과 · 수업방식 대면 · NCS 구분 자율과목,,,,,1,2,원본 미제공,,3,True,actual_course_offerings_2026,M256,2026,2,항공서비스과,30901007,1,전공,대면,일반교과,자율과목,allowed,offline,교과목명·개설학과·교과구분·NCS·학년·학점·수업방식,원본 미제공,synthetic 학생 이수정보와 미연결,True,code,M256
M174,M심화토익,항공서비스과,개설학과 항공서비스과 · 영역 전공 · 교과목 구분 일반교과 · 수업방식 대면 · NCS 구분 자율과목,,,,,2,1,원본 미제공,,3,True,actual_course_offerings_2026,M174,2026,1,항공서비스과,30900400,2,전공,대면,일반교과,자율과목,allowed,offline,교과목명·개설학과·교과구분·NCS·학년·학점·수업방식,원본 미제공,synthetic 학생 이수정보와 미연결,True,code,M174
M280,M여객관리,항공서비스과,개설학과 항공서비스과 · 영역 전공 · 교과목 구분 일반교과 · 수업방식 원격 · NCS 구분 NCS,,,,,1,1,원본 미제공,,3,True,actual_course_offerings_2026,M280,2026,1,항공서비스과,30901007,1,전공,원격,일반교과,NCS,allowed,offline,교과목명·개설학과·교과구분·NCS·학년·학점·수업방식,원본 미제공,synthetic 학생 이수정보와 미연결,True,code,M280
M277,M예약발권,항공서비스과,개설학과 항공서비스과 · 영역 전공 · 교과목 구분 일반교과 · 수업방식 대면 · NCS 구분 NCS,,,,,1,2,원본 미제공,,3,True,actual_course_offerings_2026,M277,2026,2,항공서비스과,30901007,1,전공,대면,일반교과,NCS,allowed,offline,교과목명·개설학과·교과구분·NCS·학년·학점·수업방식,원본 미제공,synthetic 학생 이수정보와 미연결,True,code,M277
M271,M응급환자대처,항공서비스과,개설학과 항공서비스과 · 영역 전공 · 교과목 구분 일반교과 · 수업방식 대면 · NCS 구분 NCS,,,,,2,2,원본 미제공,,3,True,actual_course_offerings_2026,M271,2026,2,항공서비스과,30900400,2,전공,대면,일반교과,NCS,allowed,offline,교과목명·개설학과·교과구분·NCS·학년·학점·수업방식,원본 미제공,synthetic 학생 이수정보와 미연결,True,code,M271
M164,M일본어기초,항공서비스과,개설학과 항공서비스과 · 영역 전공 · 교과목 구분 일반교과 · 수업방식 대면 · NCS 구분 자율과목,,,,,2,1,원본 미제공,,3,True,actual_course_offerings_2026,M164,2026,1,항공서비스과,30900400,2,전공,대면,일반교과,자율과목,allowed,offline,교과목명·개설학과·교과구분·NCS·학년·학점·수업방식,원본 미제공,synthetic 학생 이수정보와 미연결,True,code,M164
M235,M중국어기초,항공서비스과,"개설학과 항공서비스과, 호텔관광과(3년제) · 영역 전공 · 교과목 구분 일반교과 · 수업방식 대면 · NCS 구분 NCS",,,,,2,1,원본 미제공,,3,True,actual_course_offerings_2026,M235,2026,1|2,항공서비스과|호텔관광과(3년제),30900400|30900600,2,전공,대면,일반교과,NCS,allowed,offline,교과목명·개설학과·교과구분·NCS·학년·학점·수업방식,원본 미제공,synthetic 학생 이수정보와 미연결,True,code,M235
M272,M착륙서비스,항공서비스과,개설학과 항공서비스과 · 영역 전공 · 교과목 구분 일반교과 · 수업방식 대면 · NCS 구분 NCS,,,,,2,1,원본 미제공,,3,True,actual_course_offerings_2026,M272,2026,1,항공서비스과,30900400,2,전공,대면,일반교과,NCS,allowed,offline,교과목명·개설학과·교과구분·NCS·학년·학점·수업방식,원본 미제공,synthetic 학생 이수정보와 미연결,True,code,M272
M278,M출도착업무,항공서비스과,개설학과 항공서비스과 · 영역 전공 · 교과목 구분 일반교과 · 수업방식 대면 · NCS 구분 NCS,,,,,1,2,원본 미제공,,3,True,actual_course_offerings_2026,M278,2026,2,항공서비스과,30901007,1,전공,대면,일반교과,NCS,allowed,offline,교과목명·개설학과·교과구분·NCS·학년·학점·수업방식,원본 미제공,synthetic 학생 이수정보와 미연결,True,code,M278
M279,M탑승관리,항공서비스과,개설학과 항공서비스과 · 영역 전공 · 교과목 구분 일반교과 · 수업방식 대면 · NCS 구분 NCS,,,,,1,1,원본 미제공,,3,True,actual_course_offerings_2026,M279,2026,1,항공서비스과,30901007,1,전공,대면,일반교과,NCS,allowed,offline,교과목명·개설학과·교과구분·NCS·학년·학점·수업방식,원본 미제공,synthetic 학생 이수정보와 미연결,True,code,M279
M273,M탑승서비스,항공서비스과,개설학과 항공서비스과 · 영역 전공 · 교과목 구분 일반교과 · 수업방식 대면 · NCS 구분 NCS,,,,,1,2,원본 미제공,,3,True,actual_course_offerings_2026,M273,2026,2,항공서비스과,30901007,1,전공,대면,일반교과,NCS,allowed,offline,교과목명·개설학과·교과구분·NCS·학년·학점·수업방식,원본 미제공,synthetic 학생 이수정보와 미연결,True,code,M273
M172,M토익스피킹,항공서비스과,개설학과 항공서비스과 · 영역 전공 · 교과목 구분 일반교과 · 수업방식 대면 · NCS 구분 자율과목,,,,,2,2,원본 미제공,,3,True,actual_course_offerings_2026,M172,2026,2,항공서비스과,30900400,2,전공,대면,일반교과,자율과목,allowed,offline,교과목명·개설학과·교과구분·NCS·학년·학점·수업방식,원본 미제공,synthetic 학생 이수정보와 미연결,True,code,M172
M124,M항공서비스업무기본,항공서비스과,개설학과 항공서비스과 · 영역 전공 · 교과목 구분 일반교과 · 수업방식 원격 · NCS 구분 NCS,,,,,1,1,원본 미제공,,3,True,actual_course_offerings_2026,M124,2026,1,항공서비스과,30901007,1,전공,원격,일반교과,NCS,allowed,offline,교과목명·개설학과·교과구분·NCS·학년·학점·수업방식,원본 미제공,synthetic 학생 이수정보와 미연결,True,code,M124
M169,M항공서비스영어,항공서비스과,개설학과 항공서비스과 · 영역 전공 · 교과목 구분 일반교과 · 수업방식 대면 · NCS 구분 NCS,,,,,2,1,원본 미제공,,3,True,actual_course_offerings_2026,M169,2026,1,항공서비스과,30900400,2,전공,대면,일반교과,NCS,allowed,offline,교과목명·개설학과·교과구분·NCS·학년·학점·수업방식,원본 미제공,synthetic 학생 이수정보와 미연결,True,code,M169
M162,M항공심화일본어,항공서비스과,개설학과 항공서비스과 · 영역 전공 · 교과목 구분 일반교과 · 수업방식 대면 · NCS 구분 자율과목,,,,,3,1,원본 미제공,,3,True,actual_course_offerings_2026,M162,2026,1,항공서비스과,30900400,3,전공,대면,일반교과,자율과목,allowed,offline,교과목명·개설학과·교과구분·NCS·학년·학점·수업방식,원본 미제공,synthetic 학생 이수정보와 미연결,True,code,M162
M287,M항공심화중국어,항공서비스과,개설학과 항공서비스과 · 영역 전공 · 교과목 구분 일반교과 · 수업방식 대면 · NCS 구분 NCS,,,,,3,1,원본 미제공,,3,True,actual_course_offerings_2026,M287,2026,1,항공서비스과,30900400,3,전공,대면,일반교과,NCS,allowed,offline,교과목명·개설학과·교과구분·NCS·학년·학점·수업방식,원본 미제공,synthetic 학생 이수정보와 미연결,True,code,M287
M384,M항공이미지메이킹기초,항공서비스과,개설학과 항공서비스과 · 영역 전공 · 교과목 구분 일반교과 · 수업방식 대면 · NCS 구분 자율과목,,,,,1,2,원본 미제공,,3,True,actual_course_offerings_2026,M384,2026,2,항공서비스과,30901007,1,전공,대면,일반교과,자율과목,allowed,offline,교과목명·개설학과·교과구분·NCS·학년·학점·수업방식,원본 미제공,synthetic 학생 이수정보와 미연결,True,code,M384
M234,M항공이미지메이킹심화,항공서비스과,개설학과 항공서비스과 · 영역 전공 · 교과목 구분 일반교과 · 수업방식 대면 · NCS 구분 자율과목,,,,,2,1,원본 미제공,,3,True,actual_course_offerings_2026,M234,2026,1,항공서비스과,30900400,2,전공,대면,일반교과,자율과목,allowed,offline,교과목명·개설학과·교과구분·NCS·학년·학점·수업방식,원본 미제공,synthetic 학생 이수정보와 미연결,True,code,M234
M236,M항공일본어회화,항공서비스과,개설학과 항공서비스과 · 영역 전공 · 교과목 구분 일반교과 · 수업방식 대면 · NCS 구분 자율과목,,,,,3,2,원본 미제공,,3,True,actual_course_offerings_2026,M236,2026,2,항공서비스과,30900400,3,전공,대면,일반교과,자율과목,allowed,offline,교과목명·개설학과·교과구분·NCS·학년·학점·수업방식,원본 미제공,synthetic 학생 이수정보와 미연결,True,code,M236
M284,M항공중국어회화,항공서비스과,개설학과 항공서비스과 · 영역 전공 · 교과목 구분 일반교과 · 수업방식 대면 · NCS 구분 NCS,,,,,3,2,원본 미제공,,3,True,actual_course_offerings_2026,M284,2026,2,항공서비스과,30900400,3,전공,대면,일반교과,NCS,allowed,offline,교과목명·개설학과·교과구분·NCS·학년·학점·수업방식,원본 미제공,synthetic 학생 이수정보와 미연결,True,code,M284
M283,M화물관리,항공서비스과,개설학과 항공서비스과 · 영역 전공 · 교과목 구분 일반교과 · 수업방식 원격 · NCS 구분 NCS,,,,,2,2,원본 미제공,,3,True,actual_course_offerings_2026,M283,2026,2,항공서비스과,30900400,2,전공,원격,일반교과,NCS,allowed,offline,교과목명·개설학과·교과구분·NCS·학년·학점·수업방식,원본 미제공,synthetic 학생 이수정보와 미연결,True,code,M283
G475,M화물의흐름,항공서비스과,개설학과 항공서비스과 · 영역 전공 · 교과목 구분 제작콘텐츠 · 수업방식 원격 · NCS 구분 NCS,,,,,2,1,원본 미제공,,3,True,actual_course_offerings_2026,G475,2026,1,항공서비스과,30900400,2,전공,원격,제작콘텐츠,NCS,allowed,offline,교과목명·개설학과·교과구분·NCS·학년·학점·수업방식,원본 미제공,synthetic 학생 이수정보와 미연결,True,code,G475
A542,기내방송,항공서비스과,AA,,,,,2,1,원본 미제공,,3,True,actual_course_offerings_2026,A542,2026,1,항공서비스과,30900400,2,전공,대면,일반교과,NCS,allowed,offline,교과목명·개설학과·교과구분·NCS·학년·학점·수업방식,원본 미제공,synthetic 학생 이수정보와 미연결,True,code,A542
A543,비행중 서비스,항공서비스과,AA,,,,,1,2,원본 미제공,,3,True,actual_course_offerings_2026,A543,2026,2,항공서비스과,30901007,1,전공,대면,일반교과,NCS,allowed,offline,교과목명·개설학과·교과구분·NCS·학년·학점·수업방식,원본 미제공,synthetic 학생 이수정보와 미연결,True,code,A543
G456,M관광상품상담,호텔관광과,개설학과 호텔관광과 · 영역 전공 · 교과목 구분 일반교과 · 수업방식 대면 · NCS 구분 KBUCS,,,,,1,2,원본 미제공,,3,True,actual_course_offerings_2026,G456,2026,2,호텔관광과,30900977,1,전공,대면,일반교과,KBUCS,allowed,offline,교과목명·개설학과·교과구분·NCS·학년·학점·수업방식,원본 미제공,synthetic 학생 이수정보와 미연결,True,code,G456
J021,M관광상품제작,호텔관광과,개설학과 호텔관광과 · 영역 전공 · 교과목 구분 일반교과 · 수업방식 대면 · NCS 구분 KBUCS,,,,,1,1,원본 미제공,,3,True,actual_course_offerings_2026,J021,2026,1,호텔관광과,30900977,1,전공,대면,일반교과,KBUCS,allowed,offline,교과목명·개설학과·교과구분·NCS·학년·학점·수업방식,원본 미제공,synthetic 학생 이수정보와 미연결,True,code,J021
G458,M바텐더실무,호텔관광과,개설학과 호텔관광과 · 영역 전공 · 교과목 구분 일반교과 · 수업방식 대면 · NCS 구분 NCS,,,,,1,2,원본 미제공,,3,True,actual_course_offerings_2026,G458,2026,2,호텔관광과,30900977,1,전공,대면,일반교과,NCS,allowed,offline,교과목명·개설학과·교과구분·NCS·학년·학점·수업방식,원본 미제공,synthetic 학생 이수정보와 미연결,True,code,G458
G726,M세계문화관광,호텔관광과,개설학과 호텔관광과 · 영역 전공 · 교과목 구분 일반교과 · 수업방식 원격 · NCS 구분 KBUCS,,,,,1,1,원본 미제공,,3,True,actual_course_offerings_2026,G726,2026,1,호텔관광과,30900977,1,전공,원격,일반교과,KBUCS,allowed,offline,교과목명·개설학과·교과구분·NCS·학년·학점·수업방식,원본 미제공,synthetic 학생 이수정보와 미연결,True,code,G726
J023,M외식업경영,호텔관광과,개설학과 호텔관광과 · 영역 전공 · 교과목 구분 일반교과 · 수업방식 원격 · NCS 구분 KBUCS,,,,,1,1,원본 미제공,,3,True,actual_course_offerings_2026,J023,2026,1,호텔관광과,30900977,1,전공,원격,일반교과,KBUCS,allowed,offline,교과목명·개설학과·교과구분·NCS·학년·학점·수업방식,원본 미제공,synthetic 학생 이수정보와 미연결,True,code,J023
G724,M커피바리스타실무,호텔관광과,개설학과 호텔관광과 · 영역 전공 · 교과목 구분 일반교과 · 수업방식 대면 · NCS 구분 NCS,,,,,1,2,원본 미제공,,3,True,actual_course_offerings_2026,G724,2026,2,호텔관광과,30900977,1,전공,대면,일반교과,NCS,allowed,offline,교과목명·개설학과·교과구분·NCS·학년·학점·수업방식,원본 미제공,synthetic 학생 이수정보와 미연결,True,code,G724
M326,M현관서비스,호텔관광과,개설학과 호텔관광과 · 영역 전공 · 교과목 구분 일반교과 · 수업방식 대면 · NCS 구분 KBUCS,,,,,1,2,원본 미제공,,3,True,actual_course_offerings_2026,M326,2026,2,호텔관광과,30900977,1,전공,대면,일반교과,KBUCS,allowed,offline,교과목명·개설학과·교과구분·NCS·학년·학점·수업방식,원본 미제공,synthetic 학생 이수정보와 미연결,True,code,M326
M008,M호텔경영이해,호텔관광과,개설학과 호텔관광과 · 영역 전공 · 교과목 구분 일반교과 · 수업방식 원격 · NCS 구분 KBUCS,,,,,1,1,원본 미제공,,3,True,actual_course_offerings_2026,M008,2026,1,호텔관광과,30900977,1,전공,원격,일반교과,KBUCS,allowed,offline,교과목명·개설학과·교과구분·NCS·학년·학점·수업방식,원본 미제공,synthetic 학생 이수정보와 미연결,True,code,M008
M009,M호텔식음료실습,호텔관광과,개설학과 호텔관광과 · 영역 전공 · 교과목 구분 일반교과 · 수업방식 대면 · NCS 구분 KBUCS,,,,,1,1,원본 미제공,,3,True,actual_course_offerings_2026,M009,2026,1,호텔관광과,30900977,1,전공,대면,일반교과,KBUCS,allowed,offline,교과목명·개설학과·교과구분·NCS·학년·학점·수업방식,원본 미제공,synthetic 학생 이수정보와 미연결,True,code,M009
G460,M호텔연회실무,호텔관광과,개설학과 호텔관광과 · 영역 전공 · 교과목 구분 일반교과 · 수업방식 대면 · NCS 구분 NCS,,,,,1,2,원본 미제공,,3,True,actual_course_offerings_2026,G460,2026,2,호텔관광과,30900977,1,전공,대면,일반교과,NCS,allowed,offline,교과목명·개설학과·교과구분·NCS·학년·학점·수업방식,원본 미제공,synthetic 학생 이수정보와 미연결,True,code,G460
J027,MHospitality영어,호텔관광과(3년제),개설학과 호텔관광과(3년제) · 영역 전공 · 교과목 구분 일반교과 · 수업방식 대면 · NCS 구분 NCS,,,,,2,1,원본 미제공,,3,True,actual_course_offerings_2026,J027,2026,1,호텔관광과(3년제),30900600,2,전공,대면,일반교과,NCS,allowed,offline,교과목명·개설학과·교과구분·NCS·학년·학점·수업방식,원본 미제공,synthetic 학생 이수정보와 미연결,True,code,J027
J026,MHospitality중국어,호텔관광과(3년제),개설학과 호텔관광과(3년제) · 영역 전공 · 교과목 구분 일반교과 · 수업방식 대면 · NCS 구분 NCS,,,,,3,1,원본 미제공,,3,True,actual_course_offerings_2026,J026,2026,1,호텔관광과(3년제),30900600,3,전공,대면,일반교과,NCS,allowed,offline,교과목명·개설학과·교과구분·NCS·학년·학점·수업방식,원본 미제공,synthetic 학생 이수정보와 미연결,True,code,J026
M325,MMICE산업세미나,호텔관광과(3년제),개설학과 호텔관광과(3년제) · 영역 전공 · 교과목 구분 일반교과 · 수업방식 원격 · NCS 구분 NCS,,,,,2,1,원본 미제공,,3,True,actual_course_offerings_2026,M325,2026,1,호텔관광과(3년제),30900600,2,전공,원격,일반교과,NCS,allowed,offline,교과목명·개설학과·교과구분·NCS·학년·학점·수업방식,원본 미제공,synthetic 학생 이수정보와 미연결,True,none,
G453,M고객서비스와리더십,호텔관광과(3년제),개설학과 호텔관광과(3년제) · 영역 전공 · 교과목 구분 일반교과 · 수업방식 원격 · NCS 구분 NCS,,,,,2,2,원본 미제공,,3,True,actual_course_offerings_2026,G453,2026,2,호텔관광과(3년제),30900600,2,전공,원격,일반교과,NCS,allowed,offline,교과목명·개설학과·교과구분·NCS·학년·학점·수업방식,원본 미제공,synthetic 학생 이수정보와 미연결,True,code,G453
J022,M관광산업빅데이터분석,호텔관광과(3년제),개설학과 호텔관광과(3년제) · 영역 전공 · 교과목 구분 일반교과 · 수업방식 대면 · NCS 구분 NCS,,,,,3,1,원본 미제공,,3,True,actual_course_offerings_2026,J022,2026,1,호텔관광과(3년제),30900600,3,전공,대면,일반교과,NCS,allowed,offline,교과목명·개설학과·교과구분·NCS·학년·학점·수업방식,원본 미제공,synthetic 학생 이수정보와 미연결,True,code,J022
G725,M애바카스항공예약,호텔관광과(3년제),개설학과 호텔관광과(3년제) · 영역 전공 · 교과목 구분 일반교과 · 수업방식 대면 · NCS 구분 NCS,,,,,2,2,원본 미제공,,3,True,actual_course_offerings_2026,G725,2026,2,호텔관광과(3년제),30900600,2,전공,대면,일반교과,NCS,allowed,offline,교과목명·개설학과·교과구분·NCS·학년·학점·수업방식,원본 미제공,synthetic 학생 이수정보와 미연결,True,code,G725
J024,M여행스타트업,호텔관광과(3년제),개설학과 호텔관광과(3년제) · 영역 전공 · 교과목 구분 일반교과 · 수업방식 대면 · NCS 구분 NCS,,,,,3,1,원본 미제공,,3,True,actual_course_offerings_2026,J024,2026,1,호텔관광과(3년제),30900600,3,전공,대면,일반교과,NCS,allowed,offline,교과목명·개설학과·교과구분·NCS·학년·학점·수업방식,원본 미제공,synthetic 학생 이수정보와 미연결,True,code,J024
G457,M온라인플렛폼비즈니스,호텔관광과(3년제),개설학과 호텔관광과(3년제) · 영역 전공 · 교과목 구분 일반교과 · 수업방식 대면 · NCS 구분 NCS,,,,,3,2,원본 미제공,,3,True,actual_course_offerings_2026,G457,2026,2,호텔관광과(3년제),30900600,3,전공,대면,일반교과,NCS,allowed,offline,교과목명·개설학과·교과구분·NCS·학년·학점·수업방식,원본 미제공,synthetic 학생 이수정보와 미연결,True,code,G457
J020,M와인소믈리에,호텔관광과(3년제),개설학과 호텔관광과(3년제) · 영역 전공 · 교과목 구분 일반교과 · 수업방식 대면 · NCS 구분 NCS,,,,,2,1,원본 미제공,,3,True,actual_course_offerings_2026,J020,2026,1,호텔관광과(3년제),30900600,2,전공,대면,일반교과,NCS,allowed,offline,교과목명·개설학과·교과구분·NCS·학년·학점·수업방식,원본 미제공,synthetic 학생 이수정보와 미연결,True,code,J020
J025,M원가계산,호텔관광과(3년제),개설학과 호텔관광과(3년제) · 영역 전공 · 교과목 구분 일반교과 · 수업방식 원격 · NCS 구분 NCS,,,,,3,1,원본 미제공,,3,True,actual_course_offerings_2026,J025,2026,1,호텔관광과(3년제),30900600,3,전공,원격,일반교과,NCS,allowed,offline,교과목명·개설학과·교과구분·NCS·학년·학점·수업방식,원본 미제공,synthetic 학생 이수정보와 미연결,True,code,J025
M007,M이미지메이킹,호텔관광과(3년제),개설학과 호텔관광과(3년제) · 영역 전공 · 교과목 구분 일반교과 · 수업방식 대면 · NCS 구분 NCS,,,,,2,2,원본 미제공,,3,True,actual_course_offerings_2026,M007,2026,2,호텔관광과(3년제),30900600,2,전공,대면,일반교과,NCS,allowed,offline,교과목명·개설학과·교과구분·NCS·학년·학점·수업방식,원본 미제공,synthetic 학생 이수정보와 미연결,True,code,M007
M339,M인터뷰영어,호텔관광과(3년제),개설학과 호텔관광과(3년제) · 영역 전공 · 교과목 구분 일반교과 · 수업방식 대면 · NCS 구분 NCS,,,,,2,2,원본 미제공,,3,True,actual_course_offerings_2026,M339,2026,2,호텔관광과(3년제),30900600,2,전공,대면,일반교과,NCS,allowed,offline,교과목명·개설학과·교과구분·NCS·학년·학점·수업방식,원본 미제공,synthetic 학생 이수정보와 미연결,True,code,M339
M333,M커피메뉴실무,호텔관광과(3년제),개설학과 호텔관광과(3년제) · 영역 전공 · 교과목 구분 일반교과 · 수업방식 대면 · NCS 구분 NCS,,,,,2,1,원본 미제공,,3,True,actual_course_offerings_2026,M333,2026,1,호텔관광과(3년제),30900600,2,전공,대면,일반교과,NCS,allowed,offline,교과목명·개설학과·교과구분·NCS·학년·학점·수업방식,원본 미제공,synthetic 학생 이수정보와 미연결,True,code,M333
J019,M컨시어지서비스,호텔관광과(3년제),개설학과 호텔관광과(3년제) · 영역 전공 · 교과목 구분 일반교과 · 수업방식 대면 · NCS 구분 NCS,,,,,2,1,원본 미제공,,3,True,actual_course_offerings_2026,J019,2026,1,호텔관광과(3년제),30900600,2,전공,대면,일반교과,NCS,allowed,offline,교과목명·개설학과·교과구분·NCS·학년·학점·수업방식,원본 미제공,synthetic 학생 이수정보와 미연결,True,code,J019
G459,M토파스운임발권,호텔관광과(3년제),개설학과 호텔관광과(3년제) · 영역 전공 · 교과목 구분 일반교과 · 수업방식 대면 · NCS 구분 NCS,,,,,2,2,원본 미제공,,3,True,actual_course_offerings_2026,G459,2026,2,호텔관광과(3년제),30900600,2,전공,대면,일반교과,NCS,allowed,offline,교과목명·개설학과·교과구분·NCS·학년·학점·수업방식,원본 미제공,synthetic 학생 이수정보와 미연결,True,code,G459
G723,M토파스항공예약,호텔관광과(3년제),개설학과 호텔관광과(3년제) · 영역 전공 · 교과목 구분 일반교과 · 수업방식 대면 · NCS 구분 NCS,,,,,2,1,원본 미제공,,3,True,actual_course_offerings_2026,G723,2026,1,호텔관광과(3년제),30900600,2,전공,대면,일반교과,NCS,allowed,offline,교과목명·개설학과·교과구분·NCS·학년·학점·수업방식,원본 미제공,synthetic 학생 이수정보와 미연결,True,code,G723
G454,M호텔관광마케팅,호텔관광과(3년제),개설학과 호텔관광과(3년제) · 영역 전공 · 교과목 구분 일반교과 · 수업방식 대면 · NCS 구분 NCS,,,,,3,2,원본 미제공,,3,True,actual_course_offerings_2026,G454,2026,2,호텔관광과(3년제),30900600,3,전공,대면,일반교과,NCS,allowed,offline,교과목명·개설학과·교과구분·NCS·학년·학점·수업방식,원본 미제공,synthetic 학생 이수정보와 미연결,True,code,G454
G455,M호텔관광회계,호텔관광과(3년제),개설학과 호텔관광과(3년제) · 영역 전공 · 교과목 구분 일반교과 · 수업방식 대면 · NCS 구분 NCS,,,,,3,2,원본 미제공,,3,True,actual_course_offerings_2026,G455,2026,2,호텔관광과(3년제),30900600,3,전공,대면,일반교과,NCS,allowed,offline,교과목명·개설학과·교과구분·NCS·학년·학점·수업방식,원본 미제공,synthetic 학생 이수정보와 미연결,True,code,G455
